symbol,year,quarter,quarter_str,transcript_id,transcript_date,company_name,sector,industry,transcript_length,return_30d
ABBV,2019,1,2019Q1,13519,2019-04-25,AbbVie,Healthcare,Drug Manufacturers - General,59721,-1.5762
ADP,2019,1,2019Q1,22251,2018-10-31,Automatic Data Processing,Industrials,Staffing & Employment Services,65787,-1.7776
AIZ,2019,1,2019Q1,14315,2019-05-07,Assurant,Financial Services,Insurance - Specialty,31963,14.5275
AJG,2019,1,2019Q1,12997,2019-04-26,Arthur J. Gallagher & Co.,Financial Services,Insurance - Brokers,25252,5.1714
AKAM,2019,1,2019Q1,14303,2019-04-30,Akamai Technologies,Technology,Software - Infrastructure,58425,-1.0867
ALB,2019,1,2019Q1,12949,2019-05-09,Albemarle Corporation,Basic Materials,Chemicals - Specialty,51468,-5.8418
ALLE,2019,1,2019Q1,13422,2019-04-26,Allegion,Industrials,Security & Protection Services,38684,9.2999
APD,2019,1,2019Q1,17545,2019-01-25,Air Products,Basic Materials,Chemicals - Specialty,59132,17.5399
AVB,2019,1,2019Q1,14363,2019-04-24,AvalonBay Communities,Real Estate,REIT - Residential,52160,6.3589
AVGO,2019,1,2019Q1,13350,2019-03-14,Broadcom,Technology,Semiconductors,35260,16.5921
AWK,2019,1,2019Q1,13093,2019-05-02,American Water Works,Utilities,Regulated Water,40236,10.4295
AZO,2019,1,2019Q1,17054,2018-12-04,AutoZone,Consumer Cyclical,Specialty Retail,51275,2.4088
BAX,2019,1,2019Q1,22515,2019-04-25,Baxter International,Healthcare,Medical - Instruments & Supplies,52524,1.7042
BEN,2019,1,2019Q1,16882,2019-01-30,Franklin Resources,Financial Services,Asset Management,45205,4.2001
BG,2019,1,2019Q1,11823,2019-05-09,Bunge Global,Consumer Defensive,Agricultural Farm Products,43629,7.6909
BIIB,2019,1,2019Q1,14641,2019-04-24,Biogen,Healthcare,Drug Manufacturers - General,64571,-2.5455
BXP,2019,1,2019Q1,14434,2019-05-01,"BXP, Inc.",Real Estate,REIT - Office,67915,-1.7585
C,2019,1,2019Q1,17386,2019-04-15,Citigroup,Financial Services,Banks - Diversified,60521,-5.5028
CDNS,2019,1,2019Q1,12638,2019-04-22,Cadence Design Systems,Technology,Software - Application,33951,0.4516
CDW,2019,1,2019Q1,12355,2019-05-01,CDW,Technology,Information Technology Services,51568,0.483
CINF,2019,1,2019Q1,16918,2019-04-25,Cincinnati Financial,Financial Services,Insurance - Property & Casualty,32293,17.0487
CMCSA,2019,1,2019Q1,14725,2019-04-25,Comcast,Communication Services,Telecommunications Services,52829,-0.8841
CNC,2019,1,2019Q1,13057,2019-04-23,Centene Corporation,Healthcare,Medical - Healthcare Plans,66258,12.0424
COP,2019,1,2019Q1,22721,2019-04-30,ConocoPhillips,Energy,Oil & Gas Exploration & Production,41814,-6.5443
CSX,2019,1,2019Q1,22745,2019-04-16,CSX Corporation,Industrials,Railroads,54876,-1.8972
CTRA,2019,1,2019Q1,14195,2019-04-26,Coterra,Energy,Oil & Gas Exploration & Production,40876,-7.0358
CTSH,2019,1,2019Q1,14375,2019-05-03,Cognizant,Technology,Information Technology Services,51406,7.5443
DGX,2019,1,2019Q1,14713,2019-04-23,Quest Diagnostics,Healthcare,Medical - Diagnostics & Research,56676,14.757
DLTR,2019,1,2019Q1,13690,2018-05-31,Dollar Tree,Consumer Defensive,Discount Stores,54215,-9.9637
DPZ,2019,1,2019Q1,12223,2019-04-24,Domino's,Consumer Cyclical,Restaurants,43320,6.2176
DTE,2019,1,2019Q1,22793,2019-04-24,DTE Energy,Utilities,Regulated Electric,53633,5.221
DUK,2019,1,2019Q1,22395,2019-05-09,Duke Energy,Utilities,Regulated Electric,42775,1.9704
ECL,2019,1,2019Q1,17362,2019-04-30,Ecolab,Basic Materials,Chemicals - Specialty,55265,7.9768
EIX,2019,1,2019Q1,22805,2019-04-30,Edison International,Utilities,Regulated Electric,55866,-6.1
EMR,2019,1,2019Q1,22600,2019-02-05,Emerson Electric,Industrials,Industrial - Machinery,67789,0.9313
EQR,2019,1,2019Q1,14857,2019-05-01,Equity Residential,Real Estate,REIT - Residential,54745,1.9759
ESS,2019,1,2019Q1,13374,2019-04-25,Essex Property Trust,Real Estate,REIT - Residential,65037,6.4631
EVRG,2019,1,2019Q1,12583,2019-05-12,Evergy,Utilities,Regulated Electric,30050,5.5403
FAST,2019,1,2019Q1,14135,2019-04-11,Fastenal,Industrials,Industrial - Distribution,57442,-5.3374
FCX,2019,1,2019Q1,13751,2019-04-25,Freeport-McMoRan,Basic Materials,Copper,73545,-23.785
FDS,2019,1,2019Q1,12012,2018-12-18,FactSet,Financial Services,Financial - Data & Stock Exchanges,43041,1.0203
FSLR,2019,1,2019Q1,11859,2019-05-02,First Solar,Energy,Solar,43850,1.8042
FTV,2019,1,2019Q1,12961,2019-04-26,Fortive,Technology,"Hardware, Equipment & Parts",59213,-7.1256
GDDY,2019,1,2019Q1,11662,2019-05-02,GoDaddy,Technology,Software - Infrastructure,36814,-12.2861
GL,2019,1,2019Q1,17350,2019-04-18,Globe Life,Financial Services,Insurance - Life,20375,0.6376
GM,2019,1,2019Q1,13495,2019-04-30,General Motors,Consumer Cyclical,Auto - Manufacturers,55183,-10.8473
GOOG,2019,1,2019Q1,14446,2019-04-30,Alphabet Inc. (Class C),Communication Services,Internet Content & Information,49975,-8.381
GPC,2019,1,2019Q1,22491,2019-04-18,Genuine Parts Company,Consumer Cyclical,Specialty Retail,48245,-11.8671
GPN,2019,1,2019Q1,13033,2019-05-05,Global Payments,Industrials,Specialty Business Services,48841,8.8348
GRMN,2019,1,2019Q1,13543,2019-05-01,Garmin,Technology,"Hardware, Equipment & Parts",30808,-6.1232
HON,2019,1,2019Q1,22925,2019-04-18,Honeywell,Industrials,Conglomerates,60529,2.1978
HPQ,2019,1,2019Q1,22479,2019-02-27,HP Inc.,Technology,Computer Hardware,47314,-16.3941
HRL,2019,1,2019Q1,13991,2019-02-21,Hormel Foods,Consumer Defensive,Packaged Foods,46227,-3.5938
HUBB,2019,1,2019Q1,11751,2019-04-30,Hubbell Incorporated,Industrials,Electrical Equipment & Parts,28628,-0.5679
IFF,2019,1,2019Q1,22443,2019-05-08,International Flavors & Fragrances,Basic Materials,Chemicals - Specialty,45299,7.7839
ITW,2019,1,2019Q1,17471,2019-04-25,Illinois Tool Works,Industrials,Industrial - Machinery,48549,-3.6158
JCI,2019,1,2019Q1,13846,2019-02-01,Johnson Controls,Industrials,Construction,51975,7.8472
K,2019,1,2019Q1,17326,2019-05-02,Kellanova,Consumer Defensive,Food Confectioners,60710,-4.6474
KDP,2019,1,2019Q1,11937,2019-05-09,Keurig Dr Pepper,Consumer Defensive,Beverages - Non-Alcoholic,54719,5.2903
KLAC,2019,1,2019Q1,16967,2018-10-29,KLA Corporation,Technology,Semiconductors,45725,8.8688
LVS,2019,1,2019Q1,12343,2019-04-17,Las Vegas Sands,Consumer Cyclical,"Gambling, Resorts & Casinos",51235,-22.0439
LYV,2019,1,2019Q1,12271,2019-05-03,Live Nation Entertainment,Communication Services,Entertainment,32437,3.0619
MAA,2019,1,2019Q1,12890,2019-05-02,Mid-America Apartment Communities,Real Estate,REIT - Residential,46629,7.8169
MHK,2019,1,2019Q1,13410,2019-04-26,Mohawk Industries,Consumer Cyclical,"Furnishings, Fixtures & Appliances",53252,14.0387
MO,2019,1,2019Q1,23034,2019-04-25,Altria,Consumer Defensive,Tobacco,66735,-6.0866
MPC,2019,1,2019Q1,13763,2019-05-08,Marathon Petroleum,Energy,Oil & Gas Refining & Marketing,53757,-12.5862
NTRS,2019,1,2019Q1,16894,2019-04-23,Northern Trust,Financial Services,Asset Management,50365,-4.4084
NWSA,2019,1,2019Q1,13471,2018-11-07,News Corp (Class A),Communication Services,Entertainment,39521,-19.0618
NXPI,2019,1,2019Q1,12121,2019-04-30,NXP Semiconductors,Technology,Semiconductors,54250,-4.2288
ODFL,2019,1,2019Q1,12307,2019-04-25,Old Dominion,Industrials,Trucking,55448,-14.3262
ORLY,2019,1,2019Q1,13979,2019-04-25,O'Reilly Auto Parts,Consumer Cyclical,Specialty Retail,53845,-3.6673
OXY,2019,1,2019Q1,23094,2019-05-07,Occidental Petroleum,Energy,Oil & Gas Exploration & Production,45085,-14.4121
PFE,2019,1,2019Q1,23130,2019-04-30,Pfizer,Healthcare,Drug Manufacturers - General,50299,8.8196
PFG,2019,1,2019Q1,14797,2019-04-26,Principal Financial Group,Financial Services,Insurance - Diversified,49355,-1.9541
PGR,2019,1,2019Q1,16991,2019-05-03,Progressive Corporation,Financial Services,Insurance - Property & Casualty,65074,9.2705
PKG,2019,1,2019Q1,12698,2019-04-25,Packaging Corporation of America,Consumer Cyclical,Packaging & Containers,44517,-3.1475
PLD,2019,1,2019Q1,14653,2019-04-25,Prologis,Real Estate,REIT - Industrial,35824,3.8242
PM,2019,1,2019Q1,14231,2019-04-18,Philip Morris International,Consumer Defensive,Tobacco,43596,-8.037
PPG,2019,1,2019Q1,23155,2019-04-18,PPG Industries,Basic Materials,Chemicals - Specialty,66552,-6.7996
PPL,2019,1,2019Q1,14882,2019-05-02,PPL Corporation,Utilities,Regulated Electric,26155,1.1579
PSKY,2019,1,2019Q1,17173,2019-05-02,Paramount Skydance Corp,Communication Services,Entertainment,61855,-2.5188
REGN,2019,1,2019Q1,13507,2019-05-07,Regeneron Pharmaceuticals,Healthcare,Biotechnology,57816,-9.7028
ROST,2019,1,2019Q1,13906,2019-05-22,Ross Stores,Consumer Cyclical,Apparel - Retail,32269,7.4579
RVTY,2019,1,2019Q1,17533,2019-04-25,Revvity,Healthcare,Medical - Diagnostics & Research,32467,-1.4199
SPGI,2019,1,2019Q1,23203,2019-05-02,S&P Global,Financial Services,Financial - Data & Stock Exchanges,43834,2.4835
STE,2019,1,2019Q1,12283,2018-08-08,Steris,Healthcare,Medical - Devices,36753,-1.0907
STLD,2019,1,2019Q1,11847,2019-04-22,Steel Dynamics,Basic Materials,Steel,55852,-21.967
TDG,2019,1,2019Q1,12985,2019-02-05,TransDigm Group,Industrials,Aerospace & Defense,48519,10.6773
TECH,2019,1,2019Q1,12069,2018-10-30,Bio-Techne,Healthcare,Biotechnology,52280,-12.2831
TRGP,2019,1,2019Q1,11883,2019-05-07,Targa Resources,Energy,Oil & Gas Midstream,45079,-6.0826
TSN,2019,1,2019Q1,14531,2019-02-07,Tyson Foods,Consumer Defensive,Agricultural Farm Products,45901,9.376
TT,2019,1,2019Q1,13834,2019-04-30,Trane Technologies,Industrials,Construction,54111,2.9213
TXN,2019,1,2019Q1,14930,2019-04-23,Texas Instruments,Technology,Semiconductors,31446,-5.3188
UDR,2019,1,2019Q1,13081,2019-05-01,"UDR, Inc.",Real Estate,REIT - Residential,65183,3.1146
URI,2019,1,2019Q1,13326,2019-04-18,United Rentals,Industrials,Rental & Leasing Services,52610,-9.4704
VICI,2019,1,2019Q1,11955,2019-05-02,Vici Properties,Real Estate,REIT - Diversified,46228,-0.438
WBD,2019,1,2019Q1,11963,2019-05-02,Warner Bros. Discovery,Communication Services,Entertainment,63956,-6.0537
WEC,2019,1,2019Q1,14075,2019-04-25,WEC Energy Group,Utilities,Regulated Electric,56494,7.6703
WYNN,2019,1,2019Q1,14051,2019-05-09,Wynn Resorts,Consumer Cyclical,"Gambling, Resorts & Casinos",30677,-10.4966
XYZ,2019,1,2019Q1,11550,2019-05-01,"Block, Inc.",Technology,Software - Infrastructure,42228,-2.7574
ACGL,2019,2,2019Q2,11870,2019-07-31,Arch Capital Group,Financial Services,Insurance - Diversified,30821,2.2503
AES,2019,2,2019Q2,16797,2019-08-06,AES Corporation,Utilities,Diversified Utilities,38857,-1.6544
AFL,2019,2,2019Q2,16749,2019-07-26,Aflac,Financial Services,Insurance - Life,50421,-5.0028
AMT,2019,2,2019Q2,14242,2019-07-25,American Tower,Real Estate,REIT - Specialty,66892,13.5749
BA,2019,2,2019Q2,22660,2019-07-24,Boeing,Industrials,Aerospace & Defense,73281,-3.423
BALL,2019,2,2019Q2,17568,2019-08-01,Ball Corporation,Consumer Cyclical,Packaging & Containers,58801,1.7487
BIIB,2019,2,2019Q2,14640,2019-07-23,Biogen,Healthcare,Drug Manufacturers - General,61864,-5.6736
BKNG,2019,2,2019Q2,13929,2019-08-08,Booking Holdings,Consumer Cyclical,Travel Services,58196,3.5239
BXP,2019,2,2019Q2,14433,2019-07-31,"BXP, Inc.",Real Estate,REIT - Office,61825,0.3158
CAG,2019,2,2019Q2,17640,2018-12-20,Conagra Brands,Consumer Defensive,Packaged Foods,77364,-24.0633
CB,2019,2,2019Q2,13857,2019-07-24,Chubb Limited,Financial Services,Insurance - Property & Casualty,32784,9.4657
CDW,2019,2,2019Q2,12354,2019-07-31,CDW,Technology,Information Technology Services,53058,0.6515
CHTR,2019,2,2019Q2,12924,2019-07-26,Charter Communications,Communication Services,Telecommunications Services,52063,3.5216
CME,2019,2,2019Q2,14410,2019-07-31,CME Group,Financial Services,Financial - Data & Stock Exchanges,51893,4.09
CMG,2019,2,2019Q2,13773,2019-07-23,Chipotle Mexican Grill,Consumer Cyclical,Restaurants,50852,13.3198
CMI,2019,2,2019Q2,22587,2019-07-30,Cummins,Industrials,Industrial - Machinery,60478,-4.8744
CMS,2019,2,2019Q2,22708,2019-07-26,CMS Energy,Utilities,Regulated Electric,57429,6.0214
COO,2019,2,2019Q2,12912,2019-05-30,Cooper Companies (The),Healthcare,Medical - Instruments & Supplies,58811,15.8916
CPT,2019,2,2019Q2,11974,2019-07-26,Camden Property Trust,Real Estate,REIT - Residential,53433,2.5369
CSX,2019,2,2019Q2,22744,2019-07-16,CSX Corporation,Industrials,Railroads,65123,-17.7979
CTAS,2019,2,2019Q2,16543,2018-12-20,Cintas,Industrials,Specialty Business Services,46133,20.4477
CTRA,2019,2,2019Q2,14194,2019-08-06,Coterra,Energy,Oil & Gas Exploration & Production,52315,5.043
CVS,2019,2,2019Q2,22756,2019-08-07,CVS Health,Healthcare,Medical - Healthcare Plans,55351,17.6373
DAY,2019,2,2019Q2,12047,2019-07-30,Dayforce,Technology,Software - Application,43649,1.2176
DE,2019,2,2019Q2,22780,2019-05-17,Deere & Company,Industrials,Agricultural - Machinery,56312,13.1173
DG,2019,2,2019Q2,13566,2019-08-29,Dollar General,Consumer Defensive,Discount Stores,62620,15.0464
DVN,2019,2,2019Q2,16616,2019-08-07,Devon Energy,Energy,Oil & Gas Exploration & Production,51275,7.1841
DXCM,2019,2,2019Q2,12234,2019-08-01,Dexcom,Healthcare,Medical - Devices,66490,-6.7823
ELV,2019,2,2019Q2,14748,2019-07-24,Elevance Health,Healthcare,Medical - Healthcare Plans,68318,-16.9768
ETN,2019,2,2019Q2,22816,2019-07-30,Eaton Corporation,Industrials,Industrial - Machinery,56620,8.5852
EVRG,2019,2,2019Q2,12582,2019-08-12,Evergy,Utilities,Regulated Electric,44585,6.8717
FAST,2019,2,2019Q2,14134,2019-07-11,Fastenal,Industrials,Industrial - Distribution,54208,-1.6635
FCX,2019,2,2019Q2,13750,2019-07-24,Freeport-McMoRan,Basic Materials,Copper,58937,-18.1974
FICO,2019,2,2019Q2,11810,2019-04-30,Fair Isaac,Technology,Software - Application,21823,11.4102
FSLR,2019,2,2019Q2,11858,2019-08-01,First Solar,Energy,Solar,54276,-5.0726
GM,2019,2,2019Q2,13494,2019-08-01,General Motors,Consumer Cyclical,Auto - Manufacturers,64556,-3.6688
GPC,2019,2,2019Q2,22490,2019-07-18,Genuine Parts Company,Consumer Cyclical,Specialty Retail,64619,-12.3557
HAL,2019,2,2019Q2,22900,2019-07-22,Halliburton,Energy,Oil & Gas Equipment & Services,53267,-13.7471
HOLX,2019,2,2019Q2,13068,2019-05-01,Hologic,Healthcare,Medical - Instruments & Supplies,53322,3.9774
HON,2019,2,2019Q2,22924,2019-07-18,Honeywell,Industrials,Conglomerates,59946,-2.9771
HPQ,2019,2,2019Q2,22478,2019-05-23,HP Inc.,Technology,Computer Hardware,47590,7.5039
IBKR,2019,2,2019Q2,11537,2019-07-17,Interactive Brokers Group,Financial Services,Investment - Banking & Investment Services,35093,-6.2704
IEX,2019,2,2019Q2,12366,2019-07-26,IDEX Corporation,Industrials,Industrial - Machinery,41332,1.6341
IFF,2019,2,2019Q2,22442,2019-08-07,International Flavors & Fragrances,Basic Materials,Chemicals - Specialty,49658,-1.1353
INTC,2019,2,2019Q2,22322,2019-07-25,Intel,Technology,Semiconductors,47527,-3.7793
IVZ,2019,2,2019Q2,14158,2019-07-25,Invesco,Financial Services,Asset Management,64392,-20.339
JPM,2019,2,2019Q2,22454,2019-07-16,JPMorgan Chase,Financial Services,Banks - Diversified,51957,-7.1642
K,2019,2,2019Q2,17325,2019-08-01,Kellanova,Consumer Defensive,Food Confectioners,51130,8.8047
KEYS,2019,2,2019Q2,12496,2019-05-29,Keysight Technologies,Technology,"Hardware, Equipment & Parts",40311,27.9334
KKR,2019,2,2019Q2,11673,2019-07-25,KKR,Financial Services,Asset Management,48416,-1.7222
KMB,2019,2,2019Q2,22972,2019-07-23,Kimberly-Clark,Consumer Defensive,Household & Personal Products,61201,6.2714
LUV,2019,2,2019Q2,17197,2019-07-25,Southwest Airlines,Industrials,"Airlines, Airports & Air Services",77667,-4.7149
LVS,2019,2,2019Q2,12342,2019-07-24,Las Vegas Sands,Consumer Cyclical,"Gambling, Resorts & Casinos",48868,-13.4606
LYV,2019,2,2019Q2,12270,2019-07-26,Live Nation Entertainment,Communication Services,Entertainment,32437,-6.6494
MDT,2019,2,2019Q2,17458,2018-11-20,Medtronic,Healthcare,Medical - Devices,54499,-8.764
MLM,2019,2,2019Q2,13337,2019-07-30,Martin Marietta Materials,Basic Materials,Construction Materials,63167,15.3891
MMC,2019,2,2019Q2,17433,2019-07-30,Marsh McLennan,Financial Services,Insurance - Brokers,51640,-4.2665
MNST,2019,2,2019Q2,13640,2019-08-08,Monster Beverage,Consumer Defensive,Beverages - Non-Alcoholic,36095,-4.9212
MOS,2019,2,2019Q2,13725,2019-08-06,Mosaic Company (The),Basic Materials,Agricultural Inputs,46781,-8.6017
MTCH,2019,2,2019Q2,12055,2019-08-07,Match Group,Communication Services,Internet Content & Information,55127,7.2115
NRG,2019,2,2019Q2,13881,2019-08-07,NRG Energy,Utilities,Independent Power Producers,50712,14.3531
NTAP,2019,2,2019Q2,16737,2018-11-14,NetApp,Technology,Computer Hardware,46489,-22.6708
NUE,2019,2,2019Q2,17556,2019-07-18,Nucor,Basic Materials,Steel,37290,-10.4407
OKE,2019,2,2019Q2,13869,2019-07-31,ONEOK,Energy,Oil & Gas Midstream,53509,9.9985
OMC,2019,2,2019Q2,16905,2019-07-17,Omnicom Group,Communication Services,Advertising Agencies,48958,-10.0214
PAYX,2019,2,2019Q2,16809,2018-12-19,Paychex,Industrials,Staffing & Employment Services,60239,12.671
PEG,2019,2,2019Q2,23105,2019-07-30,Public Service Enterprise Group,Utilities,Regulated Electric,32935,4.3837
PG,2019,2,2019Q2,23142,2019-01-23,Procter & Gamble,Consumer Defensive,Household & Personal Products,55605,8.9673
PHM,2019,2,2019Q2,17592,2019-07-23,PulteGroup,Consumer Cyclical,Residential Construction,50906,2.9271
PLD,2019,2,2019Q2,14652,2019-07-16,Prologis,Real Estate,REIT - Industrial,40547,2.5894
PNW,2019,2,2019Q2,16688,2019-08-08,Pinnacle West,Utilities,Regulated Electric,37273,4.4726
PODD,2019,2,2019Q2,11834,2019-08-05,Insulet Corporation,Healthcare,Medical - Devices,57200,25.5321
PPG,2019,2,2019Q2,23154,2019-07-18,PPG Industries,Basic Materials,Chemicals - Specialty,55127,-5.3077
PSKY,2019,2,2019Q2,17172,2019-08-08,Paramount Skydance Corp,Communication Services,Entertainment,49928,-17.4144
PYPL,2019,2,2019Q2,13212,2019-07-24,PayPal,Financial Services,Financial - Credit Services,45865,-9.2745
QCOM,2019,2,2019Q2,16700,2019-05-01,Qualcomm,Technology,Semiconductors,46309,-20.4353
REG,2019,2,2019Q2,12841,2019-08-02,Regency Centers,Real Estate,REIT - Retail,41081,3.4415
ROP,2019,2,2019Q2,13893,2019-07-25,Roper Technologies,Industrials,Industrial - Machinery,47693,0.0854
ROST,2019,2,2019Q2,13905,2019-08-21,Ross Stores,Consumer Cyclical,Apparel - Retail,33830,3.0558
RSG,2019,2,2019Q2,14038,2019-07-26,Republic Services,Industrials,Waste Management,54366,-4.9175
RVTY,2019,2,2019Q2,17532,2019-07-29,Revvity,Healthcare,Medical - Diagnostics & Research,34855,-8.842
SPGI,2019,2,2019Q2,23202,2019-08-01,S&P Global,Financial Services,Financial - Data & Stock Exchanges,56323,2.0902
STLD,2019,2,2019Q2,11846,2019-07-23,Steel Dynamics,Basic Materials,Steel,41748,-14.1725
T,2019,2,2019Q2,17616,2019-07-24,AT&T,Communication Services,Telecommunications Services,52254,11.8497
TAP,2019,2,2019Q2,22418,2019-07-31,Molson Coors Beverage Company,Consumer Defensive,Beverages - Alcoholic,55838,-1.1771
TDY,2019,2,2019Q2,12187,2019-07-24,Teledyne Technologies,Technology,"Hardware, Equipment & Parts",27466,12.0536
TGT,2019,2,2019Q2,22334,2019-08-21,Target Corporation,Consumer Defensive,Discount Stores,67114,24.658
TSCO,2019,2,2019Q2,13385,2019-07-25,Tractor Supply,Consumer Cyclical,Specialty Retail,56206,-7.9556
TXN,2019,2,2019Q2,14929,2019-07-23,Texas Instruments,Technology,Semiconductors,30005,5.6134
VICI,2019,2,2019Q2,11954,2019-08-01,Vici Properties,Real Estate,REIT - Diversified,55924,1.9681
VMC,2019,2,2019Q2,16712,2019-07-25,Vulcan Materials Company,Basic Materials,Construction Materials,55571,5.4311
VST,2019,2,2019Q2,11685,2019-08-02,Vistra Corp.,Utilities,Independent Power Producers,60122,23.2483
VTR,2019,2,2019Q2,14002,2019-07-26,Ventas,Real Estate,REIT - Healthcare Facilities,53881,9.5422
WDAY,2019,2,2019Q2,11625,2018-09-04,"Workday, Inc.",Technology,Software - Application,45496,-12.4067
WST,2019,2,2019Q2,12210,2019-07-25,West Pharmaceutical Services,Healthcare,Medical - Instruments & Supplies,35402,22.434
WY,2019,2,2019Q2,22298,2019-07-26,Weyerhaeuser,Real Estate,REIT - Specialty,57962,7.2198
XOM,2019,2,2019Q2,23238,2019-08-02,ExxonMobil,Energy,Oil & Gas Integrated,77376,1.7527
XYZ,2019,2,2019Q2,11549,2019-08-01,"Block, Inc.",Technology,Software - Infrastructure,42465,-26.8338
YUM,2019,2,2019Q2,16953,2019-08-01,Yum! Brands,Consumer Cyclical,Restaurants,47961,-1.0309
ZBH,2019,2,2019Q2,14905,2019-07-26,Zimmer Biomet,Healthcare,Medical - Devices,63303,10.6231
A,2019,3,2019Q3,16639,2019-08-14,Agilent Technologies,Healthcare,Medical - Diagnostics & Research,59898,16.4659
ADM,2019,3,2019Q3,22635,2019-10-31,Archer Daniels Midland,Consumer Defensive,Agricultural Farm Products,58325,11.5223
AES,2019,3,2019Q3,16796,2019-11-06,AES Corporation,Utilities,Diversified Utilities,40656,13.7289
AIZ,2019,3,2019Q3,14313,2019-11-06,Assurant,Financial Services,Insurance - Specialty,42978,4.2955
AMP,2019,3,2019Q3,14505,2019-10-24,Ameriprise Financial,Financial Services,Asset Management,54229,14.9369
APA,2019,3,2019Q3,17000,2019-10-31,APA Corporation,Energy,Oil & Gas Exploration & Production,45742,-0.0468
APO,2019,3,2019Q3,11599,2019-10-31,Apollo Global Management,Financial Services,Asset Management - Global,36672,8.3171
ARE,2019,3,2019Q3,12792,2019-10-29,Alexandria Real Estate Equities,Real Estate,REIT - Office,43613,0.3455
AVY,2019,3,2019Q3,17420,2019-10-23,Avery Dennison,Industrials,Business Equipment & Supplies,45761,9.685
AXON,2019,3,2019Q3,11797,2019-11-07,Axon Enterprise,Industrials,Aerospace & Defense,34532,37.8363
BAX,2019,3,2019Q3,22513,2019-10-24,Baxter International,Healthcare,Medical - Instruments & Supplies,50939,-5.4349
BG,2019,3,2019Q3,11821,2019-10-30,Bunge Global,Consumer Defensive,Agricultural Farm Products,30875,-0.4627
BKR,2019,3,2019Q3,12721,2019-11-02,Baker Hughes,Energy,Oil & Gas Equipment & Services,53618,11.2785
BLDR,2019,3,2019Q3,11720,2019-11-03,Builders FirstSource,Industrials,Construction,52567,5.1029
BX,2019,3,2019Q3,11772,2019-10-23,Blackstone Inc.,Financial Services,Asset Management,37880,9.002
BXP,2019,3,2019Q3,14432,2019-10-30,"BXP, Inc.",Real Estate,REIT - Office,81724,1.3728
CAT,2019,3,2019Q3,22683,2019-10-23,Caterpillar Inc.,Industrials,Agricultural - Machinery,57060,5.5053
CCL,2019,3,2019Q3,16772,2019-09-26,Carnival,Consumer Cyclical,Leisure,54810,-6.263
CL,2019,3,2019Q3,22695,2019-11-01,Colgate-Palmolive,Consumer Defensive,Household & Personal Products,44944,0.3936
CMCSA,2019,3,2019Q3,14723,2019-10-24,Comcast,Communication Services,Telecommunications Services,54004,-3.2371
CNP,2019,3,2019Q3,17519,2019-11-07,CenterPoint Energy,Utilities,Regulated Electric,43858,-7.0907
COO,2019,3,2019Q3,12911,2019-08-29,Cooper Companies (The),Healthcare,Medical - Instruments & Supplies,49220,-10.9799
CPT,2019,3,2019Q3,11973,2019-11-01,Camden Property Trust,Real Estate,REIT - Residential,60709,-7.6419
CTRA,2019,3,2019Q3,14193,2019-10-25,Coterra,Energy,Oil & Gas Exploration & Production,31174,-12.7302
CTSH,2019,3,2019Q3,14373,2019-10-31,Cognizant,Technology,Information Technology Services,58381,1.1815
CTVA,2019,3,2019Q3,12412,2019-10-31,Corteva,Basic Materials,Agricultural Inputs,51338,-3.6026
D,2019,3,2019Q3,12900,2019-11-01,Dominion Energy,Utilities,Regulated Electric,47504,-1.1024
DD,2019,3,2019Q3,12415,2019-10-31,DuPont,Basic Materials,Chemicals - Specialty,47599,-1.2026
DLTR,2019,3,2019Q3,13688,2018-11-29,Dollar Tree,Consumer Defensive,Discount Stores,51714,15.1584
DPZ,2019,3,2019Q3,12221,2019-10-08,Domino's,Consumer Cyclical,Restaurants,65723,17.972
DTE,2019,3,2019Q3,22791,2019-10-28,DTE Energy,Utilities,Regulated Electric,42055,-2.5667
ECL,2019,3,2019Q3,17360,2019-10-29,Ecolab,Basic Materials,Chemicals - Specialty,36969,-3.3822
EMR,2019,3,2019Q3,22598,2019-08-06,Emerson Electric,Industrials,Industrial - Machinery,78480,9.1842
EXR,2019,3,2019Q3,13127,2019-10-30,Extra Space Storage,Real Estate,REIT - Industrial,38558,-9.1635
FE,2019,3,2019Q3,16940,2019-11-04,FirstEnergy,Utilities,Regulated Electric,44268,-0.1654
FICO,2019,3,2019Q3,11809,2019-07-31,Fair Isaac,Technology,Software - Application,28718,-10.9608
FIS,2019,3,2019Q3,14397,2019-11-05,Fidelity National Information Services,Technology,Information Technology Services,59033,5.1221
FISV,2019,3,2019Q3,14916,2019-11-06,"Fiserv, Inc.",Technology,Information Technology Services,63096,11.2096
GIS,2019,3,2019Q3,22887,2019-03-20,General Mills,Consumer Defensive,Packaged Foods,60082,8.5097
GM,2019,3,2019Q3,13493,2019-10-29,General Motors,Consumer Cyclical,Auto - Manufacturers,57941,-3.821
GOOG,2019,3,2019Q3,14444,2019-10-28,Alphabet Inc. (Class C),Communication Services,Internet Content & Information,30994,4.2636
GS,2019,3,2019Q3,14783,2019-10-15,Goldman Sachs,Financial Services,Financial - Capital Markets,76171,8.0799
HST,2019,3,2019Q3,14325,2019-11-06,Host Hotels & Resorts,Real Estate,REIT - Hotel & Motel,47600,7.0649
HUBB,2019,3,2019Q3,11749,2019-10-29,Hubbell Incorporated,Industrials,Electrical Equipment & Parts,31652,4.465
IBKR,2019,3,2019Q3,11536,2019-10-15,Interactive Brokers Group,Financial Services,Investment - Banking & Investment Services,37986,3.7943
INVH,2019,3,2019Q3,11924,2019-10-30,Invitation Homes,Real Estate,REIT - Residential,55948,-6.4935
ITW,2019,3,2019Q3,17469,2019-10-25,Illinois Tool Works,Industrials,Industrial - Machinery,56567,8.9302
J,2019,3,2019Q3,14253,2019-08-05,Jacobs Solutions,Industrials,Engineering & Construction,67293,17.4203
JKHY,2019,3,2019Q3,12483,2019-05-01,Jack Henry & Associates,Technology,Information Technology Services,31979,-7.44
K,2019,3,2019Q3,17324,2019-10-29,Kellanova,Consumer Defensive,Food Confectioners,53800,8.3435
KR,2019,3,2019Q3,22996,2018-12-06,Kroger,Consumer Defensive,Grocery Stores,52571,2.3743
LIN,2019,3,2019Q3,17283,2019-11-12,Linde plc,Basic Materials,Chemicals - Specialty,48172,5.1708
LKQ,2019,3,2019Q3,13007,2019-10-31,LKQ Corporation,Consumer Cyclical,Auto - Parts,44549,14.7078
LLY,2019,3,2019Q3,22537,2019-10-23,Lilly (Eli),Healthcare,Drug Manufacturers - General,71538,9.0404
LNT,2019,3,2019Q3,12971,2019-11-07,Alliant Energy,Utilities,Regulated Electric,24727,5.8767
LUV,2019,3,2019Q3,17196,2019-10-24,Southwest Airlines,Industrials,"Airlines, Airports & Air Services",79477,5.0714
MAR,2019,3,2019Q3,16868,2019-11-05,Marriott International,Consumer Cyclical,Travel Lodging,74501,14.897
MAS,2019,3,2019Q3,22236,2019-10-30,Masco,Industrials,Construction,49609,6.2038
MCD,2019,3,2019Q3,22549,2019-10-22,McDonald's,Consumer Cyclical,Restaurants,52025,-7.4053
MCO,2019,3,2019Q3,16856,2019-10-30,Moody's Corporation,Financial Services,Financial - Data & Stock Exchanges,60704,6.3203
MDLZ,2019,3,2019Q3,13577,2019-10-30,Mondelez International,Consumer Defensive,Food Confectioners,52232,2.3256
MDT,2019,3,2019Q3,17457,2019-02-19,Medtronic,Healthcare,Medical - Devices,58368,-2.0267
META,2019,3,2019Q3,13396,2019-10-30,Meta Platforms,Communication Services,Internet Content & Information,59761,3.1129
MPC,2019,3,2019Q3,13761,2019-10-31,Marathon Petroleum,Energy,Oil & Gas Refining & Marketing,55825,-11.4519
MRNA,2019,3,2019Q3,12079,2019-11-08,Moderna,Healthcare,Biotechnology,60710,12.5714
MSI,2019,3,2019Q3,23056,2019-10-30,Motorola Solutions,Technology,Communication Equipment,41069,-2.939
NCLH,2019,3,2019Q3,12624,2019-11-07,Norwegian Cruise Line Holdings,Consumer Cyclical,Travel Services,42802,10.5647
NDSN,2019,3,2019Q3,11997,2019-08-21,Nordson Corporation,Industrials,Industrial - Machinery,27405,2.1036
NVDA,2019,3,2019Q3,14868,2018-11-15,Nvidia,Technology,Semiconductors,49729,-36.7589
OMC,2019,3,2019Q3,16904,2019-10-15,Omnicom Group,Communication Services,Advertising Agencies,47727,5.4683
OXY,2019,3,2019Q3,23092,2019-11-05,Occidental Petroleum,Energy,Oil & Gas Exploration & Production,56298,-12.5707
PAYC,2019,3,2019Q3,12257,2019-10-29,Paycom,Technology,Software - Application,39231,25.3444
PNW,2019,3,2019Q3,16687,2019-11-07,Pinnacle West,Utilities,Regulated Electric,25764,-1.0749
PPG,2019,3,2019Q3,23153,2019-10-17,PPG Industries,Basic Materials,Chemicals - Specialty,63626,5.9881
PTC,2019,3,2019Q3,12095,2019-07-24,PTC Inc.,Technology,Software - Application,57205,-26.714
RCL,2019,3,2019Q3,13300,2019-10-30,Royal Caribbean Group,Consumer Cyclical,Travel Services,54064,10.347
REGN,2019,3,2019Q3,13505,2019-11-05,Regeneron Pharmaceuticals,Healthcare,Biotechnology,52954,12.0114
RMD,2019,3,2019Q3,12709,2019-05-03,ResMed,Healthcare,Medical - Instruments & Supplies,56123,12.0673
SMCI,2019,3,2019Q3,11708,2019-05-17,Supermicro,Technology,Computer Hardware,24942,-3.5
SPG,2019,3,2019Q3,14831,2019-10-30,Simon Property Group,Real Estate,REIT - Retail,64066,-5.7958
STE,2019,3,2019Q3,12281,2019-02-12,Steris,Healthcare,Medical - Devices,34895,4.5136
STT,2019,3,2019Q3,14687,2019-10-18,State Street Corporation,Financial Services,Asset Management,68263,26.2647
SWKS,2019,3,2019Q3,13276,2019-08-07,Skyworks Solutions,Technology,Semiconductors,38507,-0.1877
T,2019,3,2019Q3,17615,2019-10-28,AT&T,Communication Services,Telecommunications Services,64501,3.1228
TECH,2019,3,2019Q3,12067,2019-04-30,Bio-Techne,Healthcare,Biotechnology,47905,9.7839
TFC,2019,3,2019Q3,16928,2019-10-17,Truist Financial,Financial Services,Banks - Regional,68723,3.2648
TGT,2019,3,2019Q3,22333,2019-11-20,Target Corporation,Consumer Defensive,Discount Stores,61580,11.484
TMUS,2019,3,2019Q3,12389,2019-10-28,T-Mobile US,Communication Services,Telecommunications Services,53605,-9.4308
TSCO,2019,3,2019Q3,13384,2019-10-24,Tractor Supply,Consumer Cyclical,Specialty Retail,55338,2.5237
TXT,2019,3,2019Q3,22309,2019-10-17,Textron,Industrials,Aerospace & Defense,55684,-8.3812
ULTA,2019,3,2019Q3,13043,2019-12-05,Ulta Beauty,Consumer Cyclical,Specialty Retail,58838,16.058
URI,2019,3,2019Q3,13324,2019-10-17,United Rentals,Industrials,Rental & Leasing Services,56943,25.7911
USB,2019,3,2019Q3,16663,2019-10-16,U.S. Bancorp,Financial Services,Banks - Regional,47682,11.9606
V,2019,3,2019Q3,13916,2019-07-23,Visa Inc.,Financial Services,Financial - Credit Services,53412,2.1172
VMC,2019,3,2019Q3,16711,2019-11-08,Vulcan Materials Company,Basic Materials,Construction Materials,47250,2.1469
VTRS,2019,3,2019Q3,14615,2019-11-05,Viatris,Healthcare,Drug Manufacturers - Specialty & Generic,56443,-4.4073
WDAY,2019,3,2019Q3,11624,2018-11-29,"Workday, Inc.",Technology,Software - Application,45546,13.7922
WFC,2019,3,2019Q3,22429,2019-10-15,Wells Fargo,Financial Services,Banks - Diversified,64138,9.2145
WMB,2019,3,2019Q3,22465,2019-10-31,Williams Companies,Energy,Oil & Gas Midstream,54752,-0.7864
ZBRA,2019,3,2019Q3,12293,2019-10-29,Zebra Technologies,Technology,Communication Equipment,40955,15.2538
ACGL,2019,4,2019Q4,11868,2020-02-12,Arch Capital Group,Financial Services,Insurance - Diversified,42305,-37.8639
AEP,2019,4,2019Q4,22646,2020-02-20,American Electric Power,Utilities,Regulated Electric,46979,-25.8068
AES,2019,4,2019Q4,16795,2020-02-28,AES Corporation,Utilities,Diversified Utilities,34631,-22.4166
AMD,2019,4,2019Q4,12779,2019-04-24,Advanced Micro Devices,Technology,Semiconductors,47480,13.8791
AMP,2019,4,2019Q4,14504,2020-01-30,Ameriprise Financial,Financial Services,Asset Management,41452,-31.7393
ANET,2019,4,2019Q4,12530,2020-02-13,Arista Networks,Technology,Computer Hardware,57758,-13.4007
AON,2019,4,2019Q4,17063,2020-01-31,Aon,Financial Services,Insurance - Brokers,68733,-22.3558
APA,2019,4,2019Q4,16999,2020-02-27,APA Corporation,Energy,Oil & Gas Exploration & Production,56074,-66.4347
APH,2019,4,2019Q4,14096,2020-01-22,Amphenol,Technology,"Hardware, Equipment & Parts",79876,-13.7052
BDX,2019,4,2019Q4,22524,2019-11-05,Becton Dickinson,Healthcare,Medical - Instruments & Supplies,48176,2.4826
BIIB,2019,4,2019Q4,14638,2020-01-30,Biogen,Healthcare,Drug Manufacturers - General,60787,8.0313
BKNG,2019,4,2019Q4,13927,2020-02-27,Booking Holdings,Consumer Cyclical,Travel Services,65836,-14.3893
BSX,2019,4,2019Q4,17158,2020-02-05,Boston Scientific,Healthcare,Medical - Devices,40939,-34.0718
CAT,2019,4,2019Q4,22682,2020-01-31,Caterpillar Inc.,Industrials,Agricultural - Machinery,55896,-30.9965
CBRE,2019,4,2019Q4,14384,2020-02-27,CBRE Group,Real Estate,Real Estate - Services,38671,-19.8841
CCL,2019,4,2019Q4,16771,2019-12-20,Carnival,Consumer Cyclical,Leisure,57962,-5.8849
CHD,2019,4,2019Q4,13150,2020-02-01,Church & Dwight,Consumer Defensive,Household & Personal Products,70549,-7.4508
CINF,2019,4,2019Q4,16915,2020-02-06,Cincinnati Financial,Financial Services,Insurance - Property & Casualty,28759,-30.5342
CL,2019,4,2019Q4,22694,2020-01-31,Colgate-Palmolive,Consumer Defensive,Household & Personal Products,46184,-10.2634
CLX,2019,4,2019Q4,22573,2019-08-01,Clorox,Consumer Defensive,Household & Personal Products,62498,-2.2509
CMG,2019,4,2019Q4,13771,2020-02-05,Chipotle Mexican Grill,Consumer Cyclical,Restaurants,60377,-33.7237
CNC,2019,4,2019Q4,13054,2020-02-04,Centene Corporation,Healthcare,Medical - Healthcare Plans,70734,-16.2214
COP,2019,4,2019Q4,22718,2020-02-04,ConocoPhillips,Energy,Oil & Gas Exploration & Production,40987,-61.6931
CPB,2019,4,2019Q4,22731,2019-08-30,Campbell Soup Company,Consumer Defensive,Packaged Foods,58067,8.1275
CTSH,2019,4,2019Q4,14372,2020-02-06,Cognizant,Technology,Information Technology Services,54733,-41.739
CTVA,2019,4,2019Q4,12411,2020-01-30,Corteva,Basic Materials,Agricultural Inputs,51013,-10.7194
DD,2019,4,2019Q4,12414,2020-01-30,DuPont,Basic Materials,Chemicals - Specialty,52394,-35.7084
DHR,2019,4,2019Q4,16783,2020-01-30,Danaher Corporation,Healthcare,Medical - Diagnostics & Research,41960,-14.4213
DIS,2019,4,2019Q4,22380,2019-11-07,Walt Disney Company (The),Communication Services,Entertainment,49430,8.8147
DOC,2019,4,2019Q4,14216,2020-02-26,Healthpeak Properties,Real Estate,REIT - Healthcare Facilities,49195,-25.1823
DOV,2019,4,2019Q4,17493,2020-01-30,Dover Corporation,Industrials,Industrial - Machinery,39266,-22.0227
DTE,2019,4,2019Q4,22790,2020-02-05,DTE Energy,Utilities,Regulated Electric,46779,-35.8322
EQIX,2019,4,2019Q4,13251,2020-02-12,Equinix,Real Estate,REIT - Specialty,60041,-4.633
EQR,2019,4,2019Q4,14854,2020-01-29,Equity Residential,Real Estate,REIT - Residential,66071,-15.3651
ESS,2019,4,2019Q4,13371,2020-01-30,Essex Property Trust,Real Estate,REIT - Residential,58179,-9.1499
EVRG,2019,4,2019Q4,12580,2020-03-02,Evergy,Utilities,Regulated Electric,32199,-4.2999
EW,2019,4,2019Q4,13795,2020-01-31,Edwards Lifesciences,Healthcare,Medical - Devices,53426,-19.7672
EXPE,2019,4,2019Q4,14264,2020-02-13,Expedia Group,Consumer Cyclical,Travel Services,51408,-49.0099
EXR,2019,4,2019Q4,13126,2020-02-19,Extra Space Storage,Real Estate,REIT - Industrial,34503,-18.5442
F,2019,4,2019Q4,22850,2020-02-05,Ford Motor Company,Consumer Cyclical,Auto - Manufacturers,58497,-51.3072
FDX,2019,4,2019Q4,22260,2019-06-26,FedEx,Industrials,Integrated Freight & Logistics,55830,1.3819
FICO,2019,4,2019Q4,11808,2019-11-04,Fair Isaac,Technology,Software - Application,29179,21.591
FOXA,2019,4,2019Q4,12433,2019-08-07,Fox Corporation (Class A),Communication Services,Entertainment,37981,-12.878
FTNT,2019,4,2019Q4,12506,2020-02-07,Fortinet,Technology,Software - Infrastructure,51625,-14.7737
GD,2019,4,2019Q4,22862,2020-01-29,General Dynamics,Industrials,Aerospace & Defense,24227,-27.9911
GIS,2019,4,2019Q4,22886,2019-06-26,General Mills,Consumer Defensive,Packaged Foods,60212,0.5959
GPC,2019,4,2019Q4,22488,2020-02-19,Genuine Parts Company,Consumer Cyclical,Specialty Retail,57597,-35.1592
HAL,2019,4,2019Q4,22898,2020-01-21,Halliburton,Energy,Oil & Gas Equipment & Services,54008,-35.7679
HD,2019,4,2019Q4,17407,2020-02-25,Home Depot (The),Consumer Cyclical,Home Improvement,51460,-19.7789
HPE,2019,4,2019Q4,13174,2019-11-26,Hewlett Packard Enterprise,Technology,Communication Equipment,54515,-11.3467
IBM,2019,4,2019Q4,22946,2020-01-21,IBM,Technology,Information Technology Services,54783,-2.9597
IEX,2019,4,2019Q4,12364,2020-01-30,IDEX Corporation,Industrials,Industrial - Machinery,53144,-23.9863
IFF,2019,4,2019Q4,22440,2020-02-13,International Flavors & Fragrances,Basic Materials,Chemicals - Specialty,50295,-21.0107
IR,2019,4,2019Q4,12244,2020-01-29,Ingersoll Rand,Industrials,Industrial - Machinery,60145,-40.0225
ISRG,2019,4,2019Q4,14204,2020-01-23,Intuitive Surgical,Healthcare,Medical - Instruments & Supplies,58156,-16.9659
IT,2019,4,2019Q4,12767,2020-02-04,Gartner,Technology,Information Technology Services,60600,-49.112
ITW,2019,4,2019Q4,17468,2020-01-31,Illinois Tool Works,Industrials,Industrial - Machinery,55899,-16.1214
JKHY,2019,4,2019Q4,12482,2019-08-21,Jack Henry & Associates,Technology,Information Technology Services,53026,2.6497
KKR,2019,4,2019Q4,11671,2020-01-31,KKR,Financial Services,Asset Management,56510,-28.0026
LMT,2019,4,2019Q4,23007,2020-01-28,Lockheed Martin,Industrials,Aerospace & Defense,48347,-17.4499
LYB,2019,4,2019Q4,13600,2020-01-31,LyondellBasell,Basic Materials,Chemicals - Specialty,52140,-58.1786
MDLZ,2019,4,2019Q4,13576,2020-01-29,Mondelez International,Consumer Defensive,Food Confectioners,53295,-6.6716
MRNA,2019,4,2019Q4,12078,2020-02-26,Moderna,Healthcare,Biotechnology,52512,36.4478
MS,2019,4,2019Q4,17270,2019-11-26,Morgan Stanley,Financial Services,Financial - Capital Markets,63474,4.5036
MSFT,2019,4,2019Q4,17220,2019-07-18,Microsoft,Technology,Software - Infrastructure,51814,1.0556
MTB,2019,4,2019Q4,14626,2020-01-16,M&T Bank,Financial Services,Banks - Regional,47884,-15.0778
MTCH,2019,4,2019Q4,12053,2020-02-05,Match Group,Communication Services,Internet Content & Information,57631,-38.7918
NDAQ,2019,4,2019Q4,14084,2020-01-29,"Nasdaq, Inc.",Financial Services,Financial - Data & Stock Exchanges,63751,-20.2699
NI,2019,4,2019Q4,16602,2020-02-27,NiSource,Utilities,Regulated Gas,35995,-4.2162
NOC,2019,4,2019Q4,23067,2020-01-30,Northrop Grumman,Industrials,Aerospace & Defense,48767,-17.81
NOW,2019,4,2019Q4,12328,2020-01-29,ServiceNow,Technology,Software - Application,52860,-8.0721
NRG,2019,4,2019Q4,13879,2020-02-27,NRG Energy,Utilities,Independent Power Producers,36337,-12.2397
O,2019,4,2019Q4,13239,2020-02-20,Realty Income,Real Estate,REIT - Retail,52499,-42.7349
ODFL,2019,4,2019Q4,12304,2020-02-06,Old Dominion,Industrials,Trucking,54488,-18.4836
OKE,2019,4,2019Q4,13867,2020-02-25,ONEOK,Energy,Oil & Gas Midstream,51433,-67.6569
OXY,2019,4,2019Q4,23091,2020-02-28,Occidental Petroleum,Energy,Oil & Gas Exploration & Production,56137,-51.8076
PLD,2019,4,2019Q4,14650,2020-01-22,Prologis,Real Estate,REIT - Industrial,41115,-6.1316
PM,2019,4,2019Q4,14228,2020-02-06,Philip Morris International,Consumer Defensive,Tobacco,58258,-27.2218
PNR,2019,4,2019Q4,13588,2020-01-28,Pentair,Industrials,Industrial - Machinery,52796,-18.8948
PWR,2019,4,2019Q4,13951,2020-02-27,Quanta Services,Industrials,Engineering & Construction,64163,-9.52
RVTY,2019,4,2019Q4,17530,2020-01-27,Revvity,Healthcare,Medical - Diagnostics & Research,41635,-26.1782
SCHW,2019,4,2019Q4,17023,2020-02-04,Charles Schwab Corporation,Financial Services,Financial - Capital Markets,220307,-29.028
SHW,2019,4,2019Q4,22610,2020-01-30,Sherwin-Williams,Basic Materials,Chemicals - Specialty,77217,-15.4053
SRE,2019,4,2019Q4,12815,2020-02-27,Sempra,Utilities,Diversified Utilities,36563,-11.1247
SYK,2019,4,2019Q4,16553,2020-02-07,Stryker Corporation,Healthcare,Medical - Devices,46331,-33.2247
T,2019,4,2019Q4,17614,2020-01-29,AT&T,Communication Services,Telecommunications Services,58133,-18.7843
TDG,2019,4,2019Q4,12982,2019-11-19,TransDigm Group,Industrials,Aerospace & Defense,40449,1.7897
TEL,2019,4,2019Q4,13711,2019-10-30,TE Connectivity,Technology,"Hardware, Equipment & Parts",51384,0.0212
TGT,2019,4,2019Q4,22332,2020-03-03,Target Corporation,Consumer Defensive,Discount Stores,107672,-2.5857
TJX,2019,4,2019Q4,17506,2019-02-27,TJX Companies,Consumer Cyclical,Apparel - Retail,53382,9.4932
TMUS,2019,4,2019Q4,12388,2020-02-07,T-Mobile US,Communication Services,Telecommunications Services,57859,-7.9471
TSLA,2019,4,2019Q4,12149,2020-01-30,"Tesla, Inc.",Consumer Cyclical,Auto - Manufacturers,49538,-30.5478
TTWO,2019,4,2019Q4,12599,2019-05-13,Take-Two Interactive,Technology,Electronic Gaming & Multimedia,56967,11.5388
V,2019,4,2019Q4,13915,2019-10-25,Visa Inc.,Financial Services,Financial - Credit Services,60926,2.4796
VMC,2019,4,2019Q4,16710,2020-02-18,Vulcan Materials Company,Basic Materials,Construction Materials,59962,-26.468
WBD,2019,4,2019Q4,11960,2020-02-28,Warner Bros. Discovery,Communication Services,Entertainment,65345,-10.8634
WDAY,2019,4,2019Q4,11623,2019-02-28,"Workday, Inc.",Technology,Software - Application,43028,-0.8002
WTW,2019,4,2019Q4,13138,2020-02-06,Willis Towers Watson,Financial Services,Insurance - Brokers,41194,-30.6416
XOM,2019,4,2019Q4,23236,2020-01-31,ExxonMobil,Energy,Oil & Gas Integrated,79195,-46.7665
ZTS,2019,4,2019Q4,13480,2020-02-13,Zoetis,Healthcare,Drug Manufacturers - Specialty & Generic,62593,-21.8282
A,2020,1,2020Q1,9913,2020-02-18,Agilent Technologies,Healthcare,Medical - Diagnostics & Research,58549,-18.7168
AAPL,2020,1,2020Q1,10736,2020-01-28,Apple Inc.,Technology,Consumer Electronics,45754,-21.8585
ABBV,2020,1,2020Q1,8750,2020-05-01,AbbVie,Healthcare,Drug Manufacturers - General,68868,13.236
ABT,2020,1,2020Q1,11065,2020-04-15,Abbott Laboratories,Healthcare,Medical - Devices,52433,3.3206
ADSK,2020,1,2020Q1,10426,2019-05-23,Autodesk,Technology,Software - Application,61093,1.0676
AFL,2020,1,2020Q1,9994,2020-04-30,Aflac,Financial Services,Insurance - Life,62758,-6.5068
AMGN,2020,1,2020Q1,10408,2020-05-01,Amgen,Healthcare,Drug Manufacturers - General,71132,-1.7794
AMZN,2020,1,2020Q1,9500,2020-04-30,Amazon,Consumer Cyclical,Specialty Retail,33962,3.9854
ATO,2020,1,2020Q1,7928,2020-02-05,Atmos Energy,Utilities,Regulated Gas,24772,-15.9614
AXON,2020,1,2020Q1,7357,2020-05-07,Axon Enterprise,Industrials,Aerospace & Defense,54387,36.277
AXP,2020,1,2020Q1,10859,2020-04-24,American Express,Financial Services,Financial - Credit Services,68217,37.8487
AZO,2020,1,2020Q1,10219,2019-12-10,AutoZone,Consumer Cyclical,Specialty Retail,56099,-2.4611
BMY,2020,1,2020Q1,11101,2020-05-07,Bristol Myers Squibb,Healthcare,Drug Manufacturers - General,44407,-7.7212
BRO,2020,1,2020Q1,7546,2020-04-28,Brown & Brown,Financial Services,Insurance - Brokers,64171,19.8937
CAG,2020,1,2020Q1,10727,2019-09-26,Conagra Brands,Consumer Defensive,Packaged Foods,60687,-7.0234
CAT,2020,1,2020Q1,11110,2020-04-28,Caterpillar Inc.,Industrials,Agricultural - Machinery,55729,14.9653
CL,2020,1,2020Q1,11119,2020-05-01,Colgate-Palmolive,Consumer Defensive,Household & Personal Products,58297,3.7285
CMCSA,2020,1,2020Q1,9679,2020-04-30,Comcast,Communication Services,Telecommunications Services,60732,1.1795
CSCO,2020,1,2020Q1,10363,2019-11-13,Cisco,Technology,Communication Equipment,38488,-1.7953
CTRA,2020,1,2020Q1,9284,2020-05-01,Coterra,Energy,Oil & Gas Exploration & Production,24681,-10.2683
CVX,2020,1,2020Q1,11173,2020-05-01,Chevron Corporation,Energy,Oil & Gas Integrated,47166,-0.837
D,2020,1,2020Q1,8270,2020-05-05,Dominion Energy,Utilities,Regulated Electric,59735,11.0158
DAY,2020,1,2020Q1,7555,2020-05-06,Dayforce,Technology,Software - Application,32529,25.3111
DD,2020,1,2020Q1,7884,2020-05-05,DuPont,Basic Materials,Chemicals - Specialty,52390,18.0118
DELL,2020,1,2020Q1,7210,2019-05-30,Dell Technologies,Technology,Computer Hardware,49949,-16.8549
DG,2020,1,2020Q1,8786,2020-05-28,Dollar General,Consumer Defensive,Discount Stores,56879,0.5556
DGX,2020,1,2020Q1,9670,2020-04-22,Quest Diagnostics,Healthcare,Medical - Diagnostics & Research,69124,26.5403
DHI,2020,1,2020Q1,9554,2020-01-27,D. R. Horton,Consumer Cyclical,Residential Construction,55706,-12.8525
DHR,2020,1,2020Q1,10019,2020-05-07,Danaher Corporation,Healthcare,Medical - Diagnostics & Research,38462,5.4696
DLTR,2020,1,2020Q1,8876,2019-05-30,Dollar Tree,Consumer Defensive,Discount Stores,52941,17.9501
DPZ,2020,1,2020Q1,7714,2020-04-23,Domino's,Consumer Cyclical,Restaurants,72045,-1.9127
DVN,2020,1,2020Q1,9895,2020-05-06,Devon Energy,Energy,Oil & Gas Exploration & Production,53099,15.8318
EME,2020,1,2020Q1,7100,2020-05-03,"EMCOR Group, Inc.",Industrials,Engineering & Construction,56139,9.3074
EQIX,2020,1,2020Q1,8552,2020-05-06,Equinix,Real Estate,REIT - Specialty,61239,3.9814
EQT,2020,1,2020Q1,7429,2020-05-07,EQT Corporation,Energy,Oil & Gas Exploration & Production,40473,-5.2091
ES,2020,1,2020Q1,9095,2020-05-07,Eversource Energy,Utilities,Regulated Electric,45815,8.6939
ESS,2020,1,2020Q1,8642,2020-05-08,Essex Property Trust,Real Estate,REIT - Residential,71463,-6.2154
EVRG,2020,1,2020Q1,8027,2020-05-10,Evergy,Utilities,Regulated Electric,32185,3.7217
EXPE,2020,1,2020Q1,9338,2020-05-20,Expedia Group,Consumer Cyclical,Travel Services,55811,9.7512
EXR,2020,1,2020Q1,8449,2020-05-07,Extra Space Storage,Real Estate,REIT - Industrial,39728,10.6786
FANG,2020,1,2020Q1,7937,2020-05-05,Diamondback Energy,Energy,Oil & Gas Exploration & Production,44477,9.4779
FCX,2020,1,2020Q1,8921,2020-04-24,Freeport-McMoRan,Basic Materials,Copper,68967,44.0461
FDS,2020,1,2020Q1,7528,2019-12-19,FactSet,Financial Services,Financial - Data & Stock Exchanges,45932,9.9208
FDX,2020,1,2020Q1,10796,2019-09-17,FedEx,Industrials,Integrated Freight & Logistics,54402,-10.075
FOXA,2020,1,2020Q1,7910,2019-11-06,Fox Corporation (Class A),Communication Services,Entertainment,31321,12.2961
FTNT,2020,1,2020Q1,7973,2020-05-11,Fortinet,Technology,Software - Infrastructure,55182,-4.3432
GILD,2020,1,2020Q1,9590,2020-04-30,Gilead Sciences,Healthcare,Drug Manufacturers - General,64933,-11.9405
GLW,2020,1,2020Q1,10291,2020-04-28,Corning Inc.,Technology,"Hardware, Equipment & Parts",52963,28.7564
GPN,2020,1,2020Q1,8378,2020-05-06,Global Payments,Industrials,Specialty Business Services,71819,8.0803
GRMN,2020,1,2020Q1,8768,2020-04-29,Garmin,Technology,"Hardware, Equipment & Parts",44275,9.6163
GS,2020,1,2020Q1,9724,2020-04-15,Goldman Sachs,Financial Services,Financial - Capital Markets,81499,12.8991
HD,2020,1,2020Q1,10498,2020-05-19,Home Depot (The),Consumer Cyclical,Home Improvement,49735,1.1412
HPE,2020,1,2020Q1,8481,2020-03-03,Hewlett Packard Enterprise,Technology,Communication Equipment,55224,-26.1443
HUM,2020,1,2020Q1,8777,2020-04-29,Humana,Healthcare,Medical - Healthcare Plans,63065,2.9404
IFF,2020,1,2020Q1,10931,2020-05-12,International Flavors & Fragrances,Basic Materials,Chemicals - Specialty,55913,-8.1977
JCI,2020,1,2020Q1,9023,2020-01-31,Johnson Controls,Industrials,Construction,52082,-24.4631
KEY,2020,1,2020Q1,10354,2020-04-16,KeyCorp,Financial Services,Banks - Regional,70779,14.937
KHC,2020,1,2020Q1,8525,2020-04-30,Kraft Heinz,Consumer Defensive,Packaged Foods,49984,4.1598
KLAC,2020,1,2020Q1,10154,2019-10-30,KLA Corporation,Technology,Semiconductors,52349,-0.9944
LII,2020,1,2020Q1,7187,2020-04-20,Lennox International,Industrials,Construction,62069,17.8268
LNT,2020,1,2020Q1,8333,2020-05-08,Alliant Energy,Utilities,Regulated Electric,27611,4.8659
LRCX,2020,1,2020Q1,8831,2019-10-23,Lam Research,Technology,Semiconductors,48401,15.7376
LVS,2020,1,2020Q1,7822,2020-04-22,Las Vegas Sands,Consumer Cyclical,"Gambling, Resorts & Casinos",57265,29.1007
LYV,2020,1,2020Q1,7768,2020-05-08,Live Nation Entertainment,Communication Services,Entertainment,36752,11.7255
MDLZ,2020,1,2020Q1,8795,2020-04-29,Mondelez International,Consumer Defensive,Food Confectioners,76772,-0.6268
MKC,2020,1,2020Q1,9643,2020-03-31,McCormick & Company,Consumer Defensive,Packaged Foods,76328,17.7144
MNST,2020,1,2020Q1,8840,2020-05-08,Monster Beverage,Consumer Defensive,Beverages - Non-Alcoholic,39256,6.689
MOH,2020,1,2020Q1,7509,2020-05-01,Molina Healthcare,Healthcare,Medical - Healthcare Plans,71481,1.3539
MPC,2020,1,2020Q1,8930,2020-05-05,Marathon Petroleum,Energy,Oil & Gas Refining & Marketing,49628,17.7609
MTB,2020,1,2020Q1,9608,2020-04-20,M&T Bank,Financial Services,Banks - Regional,61718,0.493
MTD,2020,1,2020Q1,8306,2020-05-10,Mettler Toledo,Healthcare,Medical - Diagnostics & Research,30497,10.8996
MU,2020,1,2020Q1,10318,2019-12-18,Micron Technology,Technology,Semiconductors,52216,15.8789
NEM,2020,1,2020Q1,11020,2020-05-05,Newmont,Basic Materials,Gold,66215,-11.4122
NOC,2020,1,2020Q1,11395,2020-04-29,Northrop Grumman,Industrials,Aerospace & Defense,49910,-6.8325
NSC,2020,1,2020Q1,11404,2020-04-29,Norfolk Southern Railway,Industrials,Railroads,66987,2.1214
NTRS,2020,1,2020Q1,10100,2020-04-21,Northern Trust,Financial Services,Asset Management,67557,7.3238
ODFL,2020,1,2020Q1,7795,2020-04-23,Old Dominion,Industrials,Trucking,56596,32.2626
OMC,2020,1,2020Q1,10109,2020-04-28,Omnicom Group,Communication Services,Advertising Agencies,66786,6.9562
PLD,2020,1,2020Q1,9626,2020-04-21,Prologis,Real Estate,REIT - Industrial,53227,9.9661
PM,2020,1,2020Q1,9311,2020-04-21,Philip Morris International,Consumer Defensive,Tobacco,63701,-3.4478
PNW,2020,1,2020Q1,9949,2020-05-09,Pinnacle West,Utilities,Regulated Electric,39215,-2.2066
PSKY,2020,1,2020Q1,10309,2020-05-07,Paramount Skydance Corp,Communication Services,Entertainment,61514,59.207
PWR,2020,1,2020Q1,9104,2020-05-10,Quanta Services,Industrials,Engineering & Construction,72869,14.9884
ROP,2020,1,2020Q1,9059,2020-04-28,Roper Technologies,Industrials,Industrial - Machinery,56810,27.5536
SPG,2020,1,2020Q1,9760,2020-05-12,Simon Property Group,Real Estate,REIT - Retail,61518,19.0686
SPGI,2020,1,2020Q1,11495,2020-03-24,S&P Global,Financial Services,Financial - Data & Stock Exchanges,62571,50.6691
SRE,2020,1,2020Q1,8207,2020-05-04,Sempra,Utilities,Diversified Utilities,71274,3.6852
STLD,2020,1,2020Q1,7393,2020-04-21,Steel Dynamics,Basic Materials,Steel,59361,23.5711
SWKS,2020,1,2020Q1,8570,2020-01-23,Skyworks Solutions,Technology,Semiconductors,43986,-31.1023
SYF,2020,1,2020Q1,8472,2020-04-21,Synchrony Financial,Financial Services,Financial - Credit Services,71717,51.9564
TJX,2020,1,2020Q1,10570,2019-05-21,TJX Companies,Consumer Cyclical,Apparel - Retail,51388,1.7935
TMUS,2020,1,2020Q1,7858,2020-05-06,T-Mobile US,Communication Services,Telecommunications Services,66645,23.4554
TRV,2020,1,2020Q1,9688,2020-04-21,Travelers Companies (The),Financial Services,Insurance - Property & Casualty,57685,12.4681
UPS,2020,1,2020Q1,9751,2020-04-28,United Parcel Service,Industrials,Integrated Freight & Logistics,64827,3.9785
VICI,2020,1,2020Q1,7482,2020-05-01,Vici Properties,Real Estate,REIT - Diversified,49721,35.0845
VMC,2020,1,2020Q1,9967,2020-05-06,Vulcan Materials Company,Basic Materials,Construction Materials,64378,12.0233
VTRS,2020,1,2020Q1,9599,2020-05-11,Viatris,Healthcare,Drug Manufacturers - Specialty & Generic,41899,-7.5697
WELL,2020,1,2020Q1,9149,2020-05-07,Welltower,Real Estate,REIT - Healthcare Facilities,63763,12.5331
WFC,2020,1,2020Q1,10922,2020-04-14,Wells Fargo,Financial Services,Banks - Diversified,90844,-11.0722
WYNN,2020,1,2020Q1,9176,2020-05-06,Wynn Resorts,Consumer Cyclical,"Gambling, Resorts & Casinos",38209,9.5142
ACGL,2020,2,2020Q2,7410,2020-08-02,Arch Capital Group,Financial Services,Insurance - Diversified,60702,-1.4959
AEE,2020,2,2020Q2,10416,2020-08-07,Ameren,Utilities,Regulated Electric,42927,-5.4774
AKAM,2020,2,2020Q2,9364,2020-07-28,Akamai Technologies,Technology,Software - Infrastructure,65526,-5.0451
AMP,2020,2,2020Q2,9517,2020-07-31,Ameriprise Financial,Financial Services,Asset Management,50580,2.6243
ANET,2020,2,2020Q2,7990,2020-08-04,Arista Networks,Technology,Computer Hardware,47968,-23.3333
AVB,2020,2,2020Q2,9409,2020-07-31,AvalonBay Communities,Real Estate,REIT - Residential,61710,2.2222
AVGO,2020,2,2020Q2,8623,2020-06-04,Broadcom,Technology,Semiconductors,30275,2.6546
AZO,2020,2,2020Q2,10218,2020-03-03,AutoZone,Consumer Cyclical,Specialty Retail,52013,-10.9114
BX,2020,2,2020Q2,7338,2020-07-23,Blackstone Inc.,Financial Services,Asset Management,54578,-7.1379
CAT,2020,2,2020Q2,11109,2020-07-31,Caterpillar Inc.,Industrials,Agricultural - Machinery,53042,12.2724
CBRE,2020,2,2020Q2,9427,2020-07-31,CBRE Group,Real Estate,Real Estate - Services,41365,12.734
CCI,2020,2,2020Q2,8866,2020-07-30,Crown Castle,Real Estate,REIT - Specialty,81789,-8.7882
CHTR,2020,2,2020Q2,8296,2020-07-31,Charter Communications,Communication Services,Telecommunications Services,50089,8.2103
CI,2020,2,2020Q2,10876,2020-07-30,Cigna,Healthcare,Medical - Healthcare Plans,62930,-6.8427
CMS,2020,2,2020Q2,11127,2020-08-03,CMS Energy,Utilities,Regulated Electric,53144,-4.7834
CNP,2020,2,2020Q2,10578,2020-08-06,CenterPoint Energy,Utilities,Regulated Electric,54831,-0.4732
COP,2020,2,2020Q2,11136,2020-07-30,ConocoPhillips,Energy,Oil & Gas Exploration & Production,54922,-17.1007
COR,2020,2,2020Q2,9804,2020-07-31,Cencora,Healthcare,Medical - Distribution,51036,-7.4092
CPB,2020,2,2020Q2,11145,2020-03-04,Campbell Soup Company,Consumer Defensive,Packaged Foods,54435,6.746
DG,2020,2,2020Q2,8785,2020-08-27,Dollar General,Consumer Defensive,Discount Stores,58956,8.2758
DOC,2020,2,2020Q2,9301,2020-08-06,Healthpeak Properties,Real Estate,REIT - Healthcare Facilities,42617,-2.1339
DRI,2020,2,2020Q2,10254,2019-12-19,Darden Restaurants,Consumer Cyclical,Restaurants,68411,3.1901
DUK,2020,2,2020Q2,10894,2020-08-10,Duke Energy,Utilities,Regulated Electric,49318,-4.526
EQT,2020,2,2020Q2,7428,2020-07-27,EQT Corporation,Energy,Oil & Gas Exploration & Production,52995,2.3289
FCX,2020,2,2020Q2,8920,2020-07-23,Freeport-McMoRan,Basic Materials,Copper,70234,14.2438
FDX,2020,2,2020Q2,10795,2019-12-17,FedEx,Industrials,Integrated Freight & Logistics,54306,4.8915
FICO,2020,2,2020Q2,7365,2020-04-29,Fair Isaac,Technology,Software - Application,36879,15.8352
FIS,2020,2,2020Q2,9436,2020-08-04,Fidelity National Information Services,Technology,Information Technology Services,59206,-0.1746
FOXA,2020,2,2020Q2,7909,2020-02-05,Fox Corporation (Class A),Communication Services,Entertainment,36736,-45.7202
GOOGL,2020,2,2020Q2,8632,2020-07-30,Alphabet Inc. (Class A),Communication Services,Internet Content & Information,26622,-1.9241
GRMN,2020,2,2020Q2,8767,2020-07-29,Garmin,Technology,"Hardware, Equipment & Parts",37503,0.0403
HAL,2020,2,2020Q2,11270,2020-07-20,Halliburton,Energy,Oil & Gas Equipment & Services,51375,23.7003
HRL,2020,2,2020Q2,9130,2020-05-21,Hormel Foods,Consumer Defensive,Packaged Foods,63662,0.0
HUM,2020,2,2020Q2,8776,2020-08-05,Humana,Healthcare,Medical - Healthcare Plans,66723,1.6156
IEX,2020,2,2020Q2,7839,2020-07-24,IDEX Corporation,Industrials,Industrial - Machinery,58734,3.926
IFF,2020,2,2020Q2,10930,2020-08-11,International Flavors & Fragrances,Basic Materials,Chemicals - Specialty,55416,-6.9758
INVH,2020,2,2020Q2,7454,2020-08-04,Invitation Homes,Real Estate,REIT - Residential,55635,-2.4612
IPG,2020,2,2020Q2,10389,2020-07-29,Interpublic Group of Companies (The),Communication Services,Advertising Agencies,51288,-7.9848
KEYS,2020,2,2020Q2,7963,2020-05-26,Keysight Technologies,Technology,"Hardware, Equipment & Parts",53382,-2.8611
KIM,2020,2,2020Q2,9454,2020-08-07,Kimco Realty,Real Estate,REIT - Retail,73716,0.9615
KO,2020,2,2020Q2,11333,2020-07-21,Coca-Cola Company (The),Consumer Defensive,Beverages - Non-Alcoholic,61507,6.5048
L,2020,2,2020Q2,10263,2020-08-03,Loews Corporation,Financial Services,Insurance - Property & Casualty,25742,-2.8014
LH,2020,2,2020Q2,9562,2020-07-28,LabCorp,Healthcare,Medical - Diagnostics & Research,37776,-12.7046
LHX,2020,2,2020Q2,9220,2020-07-31,L3Harris,Industrials,Aerospace & Defense,53815,4.849
LLY,2020,2,2020Q2,11001,2020-07-30,Lilly (Eli),Healthcare,Drug Manufacturers - General,96188,-8.4451
LULU,2020,2,2020Q2,7323,2020-09-08,Lululemon Athletica,Consumer Cyclical,Apparel - Retail,55042,-6.9468
LW,2020,2,2020Q2,7945,2020-01-03,Lamb Weston,Consumer Defensive,Packaged Foods,40161,14.0088
LYB,2020,2,2020Q2,8812,2020-07-31,LyondellBasell,Basic Materials,Chemicals - Specialty,48999,17.1542
MA,2020,2,2020Q2,9274,2020-07-30,Mastercard,Financial Services,Financial - Credit Services,61548,6.741
MCHP,2020,2,2020Q2,9355,2019-11-06,Microchip Technology,Technology,Semiconductors,59650,9.475
MCO,2020,2,2020Q2,10072,2020-07-31,Moody's Corporation,Financial Services,Financial - Data & Stock Exchanges,65007,1.7303
MDLZ,2020,2,2020Q2,8794,2020-07-29,Mondelez International,Consumer Defensive,Food Confectioners,58573,1.3383
MET,2020,2,2020Q2,9858,2020-08-06,MetLife,Financial Services,Insurance - Life,50497,3.6311
META,2020,2,2020Q2,8659,2020-07-30,Meta Platforms,Communication Services,Internet Content & Information,55811,13.4968
MGM,2020,2,2020Q2,8107,2020-07-30,MGM Resorts,Consumer Cyclical,"Gambling, Resorts & Casinos",57694,38.5817
MHK,2020,2,2020Q2,8668,2020-08-07,Mohawk Industries,Consumer Cyclical,"Furnishings, Fixtures & Appliances",54637,11.0236
MMM,2020,2,2020Q2,11358,2020-07-28,3M,Industrials,Conglomerates,53215,1.5094
NCLH,2020,2,2020Q2,8062,2020-08-06,Norwegian Cruise Line Holdings,Consumer Cyclical,Travel Services,33227,18.4402
NDSN,2020,2,2020Q2,7517,2020-05-21,Nordson Corporation,Industrials,Industrial - Machinery,47993,8.7532
NEE,2020,2,2020Q2,10903,2020-07-24,NextEra Energy,Utilities,Regulated Electric,55795,-1.2956
NEM,2020,2,2020Q2,11019,2020-07-30,Newmont,Basic Materials,Gold,62300,-2.4599
NI,2020,2,2020Q2,9885,2020-08-06,NiSource,Utilities,Regulated Gas,40410,-9.7701
NSC,2020,2,2020Q2,11403,2020-07-29,Norfolk Southern Railway,Industrials,Railroads,71497,15.1648
NUE,2020,2,2020Q2,10605,2020-07-23,Nucor,Basic Materials,Steel,47942,10.1197
OKE,2020,2,2020Q2,9040,2020-07-29,ONEOK,Energy,Oil & Gas Midstream,48015,-7.2345
ON,2020,2,2020Q2,7472,2020-08-10,ON Semiconductor,Technology,Semiconductors,58802,-0.096
OTIS,2020,2,2020Q2,7740,2020-07-28,Otis Worldwide,Industrials,Industrial - Machinery,46649,6.4472
PAYC,2020,2,2020Q2,7758,2020-08-04,Paycom,Technology,Software - Application,51150,-2.3012
PEG,2020,2,2020Q2,11421,2020-07-31,Public Service Enterprise Group,Utilities,Regulated Electric,36858,0.1718
PEP,2020,2,2020Q2,11430,2020-07-13,PepsiCo,Consumer Defensive,Beverages - Non-Alcoholic,33395,2.365
PH,2020,2,2020Q2,10551,2020-01-30,Parker Hannifin,Industrials,Industrial - Machinery,58716,-29.4945
PKG,2020,2,2020Q2,8116,2020-07-29,Packaging Corporation of America,Consumer Cyclical,Packaging & Containers,44701,1.5003
PLD,2020,2,2020Q2,9625,2020-07-21,Prologis,Real Estate,REIT - Industrial,49927,7.1466
POOL,2020,2,2020Q2,7653,2020-07-23,Pool Corporation,Industrials,Industrial - Distribution,46863,2.577
PWR,2020,2,2020Q2,9103,2020-08-08,Quanta Services,Industrials,Engineering & Construction,54653,8.0242
REGN,2020,2,2020Q2,8740,2020-08-05,Regeneron Pharmaceuticals,Healthcare,Biotechnology,53348,-11.0933
RF,2020,2,2020Q2,10054,2020-07-17,Regions Financial Corporation,Financial Services,Banks - Regional,60648,8.4259
RJF,2020,2,2020Q2,8197,2020-05-01,Raymond James Financial,Financial Services,Financial - Capital Markets,53921,10.5119
ROP,2020,2,2020Q2,9058,2020-07-28,Roper Technologies,Industrials,Industrial - Machinery,52577,-4.9441
SHW,2020,2,2020Q2,11055,2020-07-28,Sherwin-Williams,Basic Materials,Chemicals - Specialty,76732,11.0163
SLB,2020,2,2020Q2,11476,2020-07-24,Schlumberger,Energy,Oil & Gas Equipment & Services,54768,-5.6468
SPGI,2020,2,2020Q2,11494,2020-06-23,S&P Global,Financial Services,Financial - Data & Stock Exchanges,61325,6.4438
STE,2020,2,2020Q2,7776,2019-11-05,Steris,Healthcare,Medical - Devices,36025,6.2122
STX,2020,2,2020Q2,8821,2020-02-04,Seagate Technology,Technology,Computer Hardware,42607,-25.8154
TDY,2020,2,2020Q2,7671,2020-07-22,Teledyne Technologies,Technology,"Hardware, Equipment & Parts",24746,-2.0988
TGT,2020,2,2020Q2,10849,2020-08-19,Target Corporation,Consumer Defensive,Discount Stores,67702,15.851
TMUS,2020,2,2020Q2,7857,2020-08-07,T-Mobile US,Communication Services,Telecommunications Services,73778,-2.346
TPR,2020,2,2020Q2,9571,2020-02-06,"Tapestry, Inc.",Consumer Cyclical,Luxury Goods,58603,-57.5907
UNH,2020,2,2020Q2,10335,2020-07-15,UnitedHealth Group,Healthcare,Medical - Healthcare Plans,56158,0.0972
V,2020,2,2020Q2,9076,2020-04-30,Visa Inc.,Financial Services,Financial - Credit Services,58892,7.2963
VRSK,2020,2,2020Q2,8489,2020-08-05,Verisk Analytics,Industrials,Consulting Services,58778,-1.5608
VST,2020,2,2020Q2,7260,2020-08-05,Vistra Corp.,Utilities,Independent Power Producers,48962,-2.5586
WAT,2020,2,2020Q2,9768,2020-07-28,Waters Corporation,Healthcare,Medical - Diagnostics & Research,59238,-9.3251
WDAY,2020,2,2020Q2,7195,2019-08-29,"Workday, Inc.",Technology,Software - Application,40086,-3.9488
WMB,2020,2,2020Q2,10947,2020-08-04,Williams Companies,Energy,Oil & Gas Midstream,57073,8.6207
WRB,2020,2,2020Q2,7803,2020-07-21,W. R. Berkley Corporation,Financial Services,Insurance - Property & Casualty,36128,-0.5624
WSM,2020,2,2020Q2,7168,2020-08-26,Williams-Sonoma,Consumer Cyclical,Specialty Retail,53759,1.2328
XOM,2020,2,2020Q2,11521,2020-07-31,ExxonMobil,Energy,Oil & Gas Integrated,77258,-12.4433
YUM,2020,2,2020Q2,10144,2020-07-30,Yum! Brands,Consumer Cyclical,Restaurants,42323,-2.6996
ZBH,2020,2,2020Q2,9813,2020-08-04,Zimmer Biomet,Healthcare,Medical - Devices,66862,7.5188
ABBV,2020,3,2020Q3,8748,2020-10-30,AbbVie,Healthcare,Drug Manufacturers - General,74627,29.1682
ADI,2020,3,2020Q3,9938,2020-08-19,Analog Devices,Technology,Semiconductors,39297,0.9416
AEE,2020,3,2020Q3,10415,2020-11-06,Ameren,Utilities,Regulated Electric,57695,-6.5357
AES,2020,3,2020Q3,10026,2020-11-06,AES Corporation,Utilities,Diversified Utilities,46227,7.8684
AFL,2020,3,2020Q3,9992,2020-10-28,Aflac,Financial Services,Insurance - Life,47396,28.2523
AMT,2020,3,2020Q3,9318,2020-10-29,American Tower,Real Estate,REIT - Specialty,71561,-4.4801
APA,2020,3,2020Q3,10179,2020-11-05,APA Corporation,Energy,Oil & Gas Exploration & Production,46179,70.5228
AWK,2020,3,2020Q3,8420,2020-11-05,American Water Works,Utilities,Regulated Water,36795,-3.3267
AXP,2020,3,2020Q3,10857,2020-10-23,American Express,Financial Services,Financial - Credit Services,59339,18.2746
AZO,2020,3,2020Q3,10217,2020-05-26,AutoZone,Consumer Cyclical,Specialty Retail,54845,-0.4417
BALL,2020,3,2020Q3,10613,2020-11-05,Ball Corporation,Consumer Cyclical,Packaging & Containers,61784,-2.0402
BAX,2020,3,2020Q3,10982,2020-07-31,Baxter International,Healthcare,Medical - Instruments & Supplies,54597,-3.2787
BBY,2020,3,2020Q3,9974,2019-11-26,Best Buy,Consumer Cyclical,Specialty Retail,58519,22.0875
BMY,2020,3,2020Q3,11099,2020-11-05,Bristol Myers Squibb,Healthcare,Drug Manufacturers - General,42183,-3.5305
CAH,2020,3,2020Q3,10199,2020-05-11,Cardinal Health,Healthcare,Medical - Distribution,58569,7.2173
CHRW,2020,3,2020Q3,9390,2020-10-28,C.H. Robinson,Industrials,Integrated Freight & Logistics,61975,-7.3078
CNP,2020,3,2020Q3,10577,2020-11-06,CenterPoint Energy,Utilities,Regulated Electric,51280,-7.146
COST,2020,3,2020Q3,10370,2020-05-29,Costco,Consumer Defensive,Discount Stores,55453,6.3312
DRI,2020,3,2020Q3,10253,2020-03-19,Darden Restaurants,Consumer Cyclical,Restaurants,51542,104.4789
EBAY,2020,3,2020Q3,9713,2020-10-29,eBay,Consumer Cyclical,Specialty Retail,55263,0.5885
ECL,2020,3,2020Q3,10460,2020-10-27,Ecolab,Basic Materials,Chemicals - Specialty,57863,13.993
EFX,2020,3,2020Q3,10188,2020-10-22,Equifax,Industrials,Consulting Services,111242,2.5562
EL,2020,3,2020Q3,9489,2020-05-01,Estée Lauder Companies (The),Consumer Defensive,Household & Personal Products,52888,8.5261
EME,2020,3,2020Q3,7098,2020-10-31,"EMCOR Group, Inc.",Industrials,Engineering & Construction,59419,31.2069
EMR,2020,3,2020Q3,11045,2020-08-04,Emerson Electric,Industrials,Industrial - Machinery,78087,11.5614
EPAM,2020,3,2020Q3,7535,2020-11-05,EPAM Systems,Technology,Information Technology Services,55622,5.3731
EQR,2020,3,2020Q3,9776,2020-10-28,Equity Residential,Real Estate,REIT - Residential,88888,20.326
ETR,2020,3,2020Q3,11216,2020-10-28,Entergy,Utilities,Regulated Electric,50626,-3.9978
EXC,2020,3,2020Q3,11224,2020-11-03,Exelon,Utilities,Regulated Electric,46395,3.5947
FITB,2020,3,2020Q3,10235,2020-10-22,Fifth Third Bancorp,Financial Services,Banks - Regional,68284,16.5957
FSLR,2020,3,2020Q3,7400,2020-10-27,First Solar,Energy,Solar,54842,5.037
FTNT,2020,3,2020Q3,7971,2020-10-29,Fortinet,Technology,Software - Infrastructure,50283,10.7627
GE,2020,3,2020Q3,11251,2020-10-28,GE Aerospace,Industrials,Aerospace & Defense,61898,59.4342
GEN,2020,3,2020Q3,9632,2020-02-06,Gen Digital,Technology,Software - Infrastructure,36455,-5.8489
GRMN,2020,3,2020Q3,8766,2020-10-28,Garmin,Technology,"Hardware, Equipment & Parts",31907,20.2718
HAS,2020,3,2020Q3,10622,2020-10-26,Hasbro,Consumer Cyclical,Leisure,57482,-2.4783
HIG,2020,3,2020Q3,11278,2020-10-30,Hartford (The),Financial Services,Insurance - Diversified,52031,17.7048
HON,2020,3,2020Q3,11287,2020-10-30,Honeywell,Industrials,Conglomerates,59120,28.706
HPQ,2020,3,2020Q3,10955,2020-08-27,HP Inc.,Technology,Computer Hardware,45193,6.0428
HRL,2020,3,2020Q3,9129,2020-08-25,Hormel Foods,Consumer Defensive,Packaged Foods,57275,-6.288
HST,2020,3,2020Q3,9381,2020-11-05,Host Hotels & Resorts,Real Estate,REIT - Hotel & Motel,49218,28.2075
IDXX,2020,3,2020Q3,8250,2020-10-29,Idexx Laboratories,Healthcare,Medical - Diagnostics & Research,57812,7.8838
INTC,2020,3,2020Q3,10839,2020-10-22,Intel,Technology,Semiconductors,48799,-6.8646
IPG,2020,3,2020Q3,10388,2020-10-21,Interpublic Group of Companies (The),Communication Services,Advertising Agencies,53287,31.6111
IQV,2020,3,2020Q3,8088,2020-10-20,IQVIA,Healthcare,Medical - Diagnostics & Research,44401,3.6513
KDP,2020,3,2020Q3,7462,2020-10-29,Keurig Dr Pepper,Consumer Defensive,Beverages - Non-Alcoholic,53231,9.4843
KEY,2020,3,2020Q3,10352,2020-10-21,KeyCorp,Financial Services,Banks - Regional,55419,22.0183
KMB,2020,3,2020Q3,11323,2020-10-22,Kimberly-Clark,Consumer Defensive,Household & Personal Products,44832,-7.3999
KMI,2020,3,2020Q3,8847,2020-10-21,Kinder Morgan,Energy,Oil & Gas Midstream,58417,14.2744
KO,2020,3,2020Q3,11332,2020-10-22,Coca-Cola Company (The),Consumer Defensive,Beverages - Non-Alcoholic,59522,7.7215
LHX,2020,3,2020Q3,9219,2020-10-30,L3Harris,Industrials,Aerospace & Defense,55170,16.5695
LII,2020,3,2020Q3,7185,2020-10-19,Lennox International,Industrials,Construction,48713,0.0451
LNT,2020,3,2020Q3,8331,2020-11-03,Alliant Energy,Utilities,Regulated Electric,23589,-8.9081
LOW,2020,3,2020Q3,10639,2020-11-18,Lowe's,Consumer Cyclical,Home Improvement,51336,0.3253
LVS,2020,3,2020Q3,7820,2020-10-22,Las Vegas Sands,Consumer Cyclical,"Gambling, Resorts & Casinos",49804,18.3297
LW,2020,3,2020Q3,7944,2020-04-01,Lamb Weston,Consumer Defensive,Packaged Foods,40940,-4.5359
LYB,2020,3,2020Q3,8811,2020-10-30,LyondellBasell,Basic Materials,Chemicals - Specialty,53092,20.6204
MCHP,2020,3,2020Q3,9354,2020-02-05,Microchip Technology,Technology,Semiconductors,50411,-45.0424
MCO,2020,3,2020Q3,10071,2020-10-30,Moody's Corporation,Financial Services,Financial - Data & Stock Exchanges,76765,4.4183
MDLZ,2020,3,2020Q3,8793,2020-11-03,Mondelez International,Consumer Defensive,Food Confectioners,53952,6.4498
MET,2020,3,2020Q3,9857,2020-11-05,MetLife,Financial Services,Insurance - Life,50012,17.0513
META,2020,3,2020Q3,8658,2020-10-30,Meta Platforms,Communication Services,Internet Content & Information,57347,4.7281
MMM,2020,3,2020Q3,11357,2020-10-27,3M,Industrials,Conglomerates,61561,5.4996
MPC,2020,3,2020Q3,8928,2020-11-02,Marathon Petroleum,Energy,Oil & Gas Refining & Marketing,52150,43.2203
MPWR,2020,3,2020Q3,7625,2020-11-01,Monolithic Power Systems,Technology,Semiconductors,39402,3.7422
NDAQ,2020,3,2020Q3,9201,2020-10-21,"Nasdaq, Inc.",Financial Services,Financial - Data & Stock Exchanges,66328,-3.186
NEM,2020,3,2020Q3,11018,2020-10-29,Newmont,Basic Materials,Gold,57708,0.3751
NTAP,2020,3,2020Q3,9983,2020-02-12,NetApp,Technology,Computer Hardware,56288,-33.854
NUE,2020,3,2020Q3,10604,2020-10-22,Nucor,Basic Materials,Steel,45256,12.1042
NWS,2020,3,2020Q3,8497,2020-05-10,News Corp (Class B),Communication Services,Entertainment,37061,7.2889
NWSA,2020,3,2020Q3,8712,2020-05-10,News Corp (Class A),Communication Services,Entertainment,37061,9.7896
ORLY,2020,3,2020Q3,9120,2020-10-29,O'Reilly Auto Parts,Consumer Cyclical,Specialty Retail,52665,1.2547
PANW,2020,3,2020Q3,7346,2020-05-21,Palo Alto Networks,Technology,Software - Infrastructure,52021,1.5425
PLTR,2020,3,2020Q3,7226,2020-11-16,Palantir Technologies,Technology,Software - Infrastructure,44357,47.8343
PNW,2020,3,2020Q3,9947,2020-10-31,Pinnacle West,Utilities,Regulated Electric,40749,-1.8879
PSA,2020,3,2020Q3,9525,2020-11-05,Public Storage,Real Estate,REIT - Industrial,50178,-2.6906
PSKY,2020,3,2020Q3,10307,2020-11-06,Paramount Skydance Corp,Communication Services,Entertainment,56031,11.3774
PSX,2020,3,2020Q3,8856,2020-10-30,Phillips 66,Energy,Oil & Gas Refining & Marketing,52534,46.1288
REGN,2020,3,2020Q3,8739,2020-11-05,Regeneron Pharmaceuticals,Healthcare,Biotechnology,53959,-15.6366
RL,2020,3,2020Q3,9399,2020-02-04,Ralph Lauren Corporation,Consumer Cyclical,Apparel - Manufacturers,51332,-35.0256
ROK,2020,3,2020Q3,9920,2020-07-28,Rockwell Automation,Industrials,Industrial - Machinery,50466,-1.9345
STLD,2020,3,2020Q3,7391,2020-10-20,Steel Dynamics,Basic Materials,Steel,42915,12.1981
STT,2020,3,2020Q3,9650,2020-10-16,State Street Corporation,Financial Services,Asset Management,80933,5.2726
SYK,2020,3,2020Q3,9848,2020-10-29,Stryker Corporation,Healthcare,Medical - Devices,58686,13.2959
TDY,2020,3,2020Q3,7670,2020-10-21,Teledyne Technologies,Technology,"Hardware, Equipment & Parts",43470,13.0118
TEL,2020,3,2020Q3,8892,2020-07-29,TE Connectivity,Technology,"Hardware, Equipment & Parts",56762,11.3796
TMUS,2020,3,2020Q3,7856,2020-11-06,T-Mobile US,Communication Services,Telecommunications Services,66175,7.033
TXT,2020,3,2020Q3,10830,2020-10-29,Textron,Industrials,Aerospace & Defense,54016,48.4263
UPS,2020,3,2020Q3,9749,2020-10-28,United Parcel Service,Industrials,Integrated Freight & Logistics,53094,-3.8633
VICI,2020,3,2020Q3,7480,2020-10-29,Vici Properties,Real Estate,REIT - Diversified,55107,13.7977
VLO,2020,3,2020Q3,9659,2020-10-22,Valero Energy,Energy,Oil & Gas Refining & Marketing,56988,51.1347
VMC,2020,3,2020Q3,9965,2020-10-29,Vulcan Materials Company,Basic Materials,Construction Materials,47933,1.0183
VTR,2020,3,2020Q3,9138,2020-11-06,Ventas,Real Estate,REIT - Healthcare Facilities,62024,18.75
WAB,2020,3,2020Q3,7917,2020-10-29,Wabtec,Industrials,Railroads,52955,33.2562
WFC,2020,3,2020Q3,10920,2020-10-14,Wells Fargo,Financial Services,Banks - Diversified,74801,15.5618
WRB,2020,3,2020Q3,7802,2020-10-20,W. R. Berkley Corporation,Financial Services,Insurance - Property & Casualty,41701,5.9075
WST,2020,3,2020Q3,7688,2020-10-22,West Pharmaceutical Services,Healthcare,Medical - Instruments & Supplies,32208,-4.525
WY,2020,3,2020Q3,10821,2020-10-30,Weyerhaeuser,Real Estate,REIT - Specialty,60866,13.9036
ZBRA,2020,3,2020Q3,7784,2020-11-03,Zebra Technologies,Technology,Communication Equipment,50534,28.7781
ZTS,2020,3,2020Q3,8721,2020-11-06,Zoetis,Healthcare,Drug Manufacturers - Specialty & Generic,52662,-5.8865
ADI,2020,4,2020Q4,9937,2020-11-24,Analog Devices,Technology,Semiconductors,39376,14.3503
ADM,2020,4,2020Q4,11071,2021-01-26,Archer Daniels Midland,Consumer Defensive,Agricultural Farm Products,50826,9.983
AES,2020,4,2020Q4,10025,2021-02-25,AES Corporation,Utilities,Diversified Utilities,28355,-1.0
AKAM,2020,4,2020Q4,9362,2021-02-09,Akamai Technologies,Technology,Software - Infrastructure,53634,-15.6226
ALGN,2020,4,2020Q4,8141,2021-02-04,Align Technology,Healthcare,Medical - Devices,65315,-13.746
AMCR,2020,4,2020Q4,7863,2020-08-18,Amcor,Consumer Cyclical,Packaging & Containers,59914,-2.2989
ANET,2020,4,2020Q4,7988,2021-02-18,Arista Networks,Technology,Computer Hardware,58180,0.9326
AOS,2020,4,2020Q4,8096,2021-01-28,A. O. Smith,Industrials,Industrial - Machinery,51062,21.0378
ARE,2020,4,2020Q4,8186,2021-02-02,Alexandria Real Estate Equities,Real Estate,REIT - Office,46055,1.4478
BDX,2020,4,2020Q4,10990,2020-11-05,Becton Dickinson,Healthcare,Medical - Instruments & Supplies,77721,6.4585
BRO,2020,4,2020Q4,7543,2021-01-26,Brown & Brown,Financial Services,Insurance - Brokers,60553,-2.556
C,2020,4,2020Q4,10477,2021-01-15,Citigroup,Financial Services,Banks - Diversified,76602,-0.1449
CBOE,2020,4,2020Q4,8231,2021-02-05,Cboe Global Markets,Financial Services,Financial - Data & Stock Exchanges,63542,6.1712
CCL,2020,4,2020Q4,10009,2021-01-11,Carnival,Consumer Cyclical,Leisure,44743,31.9492
CHTR,2020,4,2020Q4,8294,2021-01-29,Charter Communications,Communication Services,Telecommunications Services,33364,-4.5291
CME,2020,4,2020Q4,9443,2021-02-10,CME Group,Financial Services,Financial - Data & Stock Exchanges,77019,6.9177
CMG,2020,4,2020Q4,8966,2021-02-02,Chipotle Mexican Grill,Consumer Cyclical,Restaurants,60350,-6.1392
CNP,2020,4,2020Q4,10576,2021-02-25,CenterPoint Energy,Utilities,Regulated Electric,53569,11.6771
COP,2020,4,2020Q4,11134,2021-02-02,ConocoPhillips,Energy,Oil & Gas Exploration & Production,57482,39.5972
COR,2020,4,2020Q4,9802,2021-02-04,Cencora,Healthcare,Medical - Distribution,56168,9.8455
COST,2020,4,2020Q4,10369,2020-09-25,Costco,Consumer Defensive,Discount Stores,69914,6.5445
CPB,2020,4,2020Q4,11143,2020-09-03,Campbell Soup Company,Consumer Defensive,Packaged Foods,79255,-6.6921
CRWD,2020,4,2020Q4,7232,2020-03-19,CrowdStrike,Technology,Software - Infrastructure,55066,75.9224
CTVA,2020,4,2020Q4,7872,2021-02-04,Corteva,Basic Materials,Agricultural Inputs,51187,12.4462
DGX,2020,4,2020Q4,9667,2021-02-04,Quest Diagnostics,Healthcare,Medical - Diagnostics & Research,53052,-1.2766
DVA,2020,4,2020Q4,9263,2021-02-11,DaVita,Healthcare,Medical - Care Facilities,62524,-2.8942
EA,2020,4,2020Q4,9703,2020-05-05,Electronic Arts,Technology,Electronic Gaming & Multimedia,55849,8.1431
EBAY,2020,4,2020Q4,9712,2021-02-03,eBay,Consumer Cyclical,Specialty Retail,55180,2.9118
EL,2020,4,2020Q4,9488,2020-08-20,Estée Lauder Companies (The),Consumer Defensive,Household & Personal Products,65989,2.9459
EQR,2020,4,2020Q4,9775,2021-02-11,Equity Residential,Real Estate,REIT - Residential,73837,8.7861
EQT,2020,4,2020Q4,7426,2021-02-17,EQT Corporation,Energy,Oil & Gas Exploration & Production,51677,4.0314
ESS,2020,4,2020Q4,8639,2021-02-05,Essex Property Trust,Real Estate,REIT - Residential,83735,9.286
EVRG,2020,4,2020Q4,8024,2021-02-26,Evergy,Utilities,Regulated Electric,46769,13.4848
EW,2020,4,2020Q4,8984,2021-01-27,Edwards Lifesciences,Healthcare,Medical - Devices,11382,-3.265
FCX,2020,4,2020Q4,8918,2021-01-26,Freeport-McMoRan,Basic Materials,Copper,73474,18.9096
FDX,2020,4,2020Q4,10793,2020-07-01,FedEx,Industrials,Integrated Freight & Logistics,54492,33.1546
FFIV,2020,4,2020Q4,8993,2020-10-26,"F5, Inc.",Technology,Software - Infrastructure,51111,35.8445
FICO,2020,4,2020Q4,7363,2020-11-10,Fair Isaac,Technology,Software - Application,40271,19.7648
FIS,2020,4,2020Q4,9434,2021-02-09,Fidelity National Information Services,Technology,Information Technology Services,44095,7.4721
GEN,2020,4,2020Q4,9631,2020-05-14,Gen Digital,Technology,Software - Infrastructure,48726,-6.4121
GL,2020,4,2020Q4,10450,2021-02-03,Globe Life,Financial Services,Insurance - Life,38571,8.0579
GNRC,2020,4,2020Q4,7606,2021-02-11,Generac,Industrials,Industrial - Machinery,76072,13.8719
HAL,2020,4,2020Q4,11268,2021-01-19,Halliburton,Energy,Oil & Gas Equipment & Services,52317,7.4253
HON,2020,4,2020Q4,11286,2021-01-29,Honeywell,Industrials,Conglomerates,35160,6.5865
HPE,2020,4,2020Q4,8478,2020-12-01,Hewlett Packard Enterprise,Technology,Communication Equipment,38788,11.9643
HSY,2020,4,2020Q4,11295,2021-02-04,Hershey Company (The),Consumer Defensive,Food Confectioners,44439,5.5396
ICE,2020,4,2020Q4,9344,2021-02-04,Intercontinental Exchange,Financial Services,Financial - Data & Stock Exchanges,40066,-3.5559
IRM,2020,4,2020Q4,9155,2021-02-24,Iron Mountain,Real Estate,REIT - Specialty,50414,16.4486
ISRG,2020,4,2020Q4,9290,2021-01-21,Intuitive Surgical,Healthcare,Medical - Instruments & Supplies,55659,-14.2439
JBHT,2020,4,2020Q4,8531,2021-01-19,J.B. Hunt,Industrials,Integrated Freight & Logistics,65842,0.5184
KDP,2020,4,2020Q4,7461,2021-02-25,Keurig Dr Pepper,Consumer Defensive,Beverages - Non-Alcoholic,51742,11.7928
KIM,2020,4,2020Q4,9452,2021-02-11,Kimco Realty,Real Estate,REIT - Retail,72918,8.962
KR,2020,4,2020Q4,11338,2020-03-05,Kroger,Consumer Defensive,Grocery Stores,54997,3.1331
LII,2020,4,2020Q4,7184,2021-02-02,Lennox International,Industrials,Construction,36531,7.5834
LIN,2020,4,2020Q4,10396,2021-02-05,Linde plc,Basic Materials,Chemicals - Specialty,65520,8.4999
LLY,2020,4,2020Q4,10999,2021-01-29,Lilly (Eli),Healthcare,Drug Manufacturers - General,75348,-9.9753
LNT,2020,4,2020Q4,8330,2021-02-19,Alliant Energy,Utilities,Regulated Electric,41785,15.0955
MAA,2020,4,2020Q4,8258,2021-02-04,Mid-America Apartment Communities,Real Estate,REIT - Residential,59888,5.0553
MET,2020,4,2020Q4,9856,2021-02-04,MetLife,Financial Services,Insurance - Life,50478,24.1442
META,2020,4,2020Q4,8657,2021-01-27,Meta Platforms,Communication Services,Internet Content & Information,58959,-1.3743
MNST,2020,4,2020Q4,8837,2021-02-25,Monster Beverage,Consumer Defensive,Beverages - Non-Alcoholic,42363,11.8116
MOS,2020,4,2020Q4,8900,2021-02-18,Mosaic Company (The),Basic Materials,Agricultural Inputs,40329,2.7276
MPC,2020,4,2020Q4,8927,2021-02-02,Marathon Petroleum,Energy,Oil & Gas Refining & Marketing,50304,29.3671
NCLH,2020,4,2020Q4,8060,2021-02-25,Norwegian Cruise Line Holdings,Consumer Cyclical,Travel Services,44076,-2.3345
NI,2020,4,2020Q4,9883,2021-02-17,NiSource,Utilities,Regulated Gas,36207,7.7301
NOW,2020,4,2020Q4,7810,2021-01-28,ServiceNow,Technology,Software - Application,57554,-10.3692
NWS,2020,4,2020Q4,8496,2020-08-08,News Corp (Class B),Communication Services,Entertainment,56044,2.4441
NWSA,2020,4,2020Q4,8711,2020-08-08,News Corp (Class A),Communication Services,Entertainment,56044,2.7894
OMC,2020,4,2020Q4,10106,2021-02-18,Omnicom Group,Communication Services,Advertising Agencies,51410,13.1297
OTIS,2020,4,2020Q4,7738,2021-02-01,Otis Worldwide,Industrials,Industrial - Machinery,48790,4.7177
PCAR,2020,4,2020Q4,10802,2021-01-26,Paccar,Industrials,Agricultural - Machinery,54667,-1.3785
PCG,2020,4,2020Q4,7435,2021-02-25,PG&E Corporation,Utilities,Regulated Electric,49695,0.8764
PFE,2020,4,2020Q4,11438,2021-02-02,Pfizer,Healthcare,Drug Manufacturers - General,58143,-0.0279
PH,2020,4,2020Q4,10549,2020-08-06,Parker Hannifin,Industrials,Industrial - Machinery,63916,12.2838
PNW,2020,4,2020Q4,9946,2021-02-24,Pinnacle West,Utilities,Regulated Electric,23197,8.3709
PSX,2020,4,2020Q4,8855,2021-01-29,Phillips 66,Energy,Oil & Gas Refining & Marketing,15849,25.2655
PTC,2020,4,2020Q4,7597,2020-10-28,PTC Inc.,Technology,Software - Application,59627,36.9953
RF,2020,4,2020Q4,10052,2021-01-22,Regions Financial Corporation,Financial Services,Banks - Regional,39493,19.8426
RL,2020,4,2020Q4,9398,2020-05-27,Ralph Lauren Corporation,Consumer Cyclical,Apparel - Manufacturers,55360,-17.0825
ROST,2020,4,2020Q4,9065,2021-03-01,Ross Stores,Consumer Cyclical,Apparel - Retail,35299,5.2252
RSG,2020,4,2020Q4,9164,2021-02-23,Republic Services,Industrials,Waste Management,65258,15.0517
SHW,2020,4,2020Q4,11053,2021-01-28,Sherwin-Williams,Basic Materials,Chemicals - Specialty,82678,-1.3128
SNPS,2020,4,2020Q4,8213,2020-12-02,Synopsys,Technology,Software - Infrastructure,50326,19.3485
SPG,2020,4,2020Q4,9757,2021-02-09,Simon Property Group,Real Estate,REIT - Retail,70052,10.8142
STLD,2020,4,2020Q4,7390,2021-01-26,Steel Dynamics,Basic Materials,Steel,51699,26.9251
SYF,2020,4,2020Q4,8469,2021-01-29,Synchrony Financial,Financial Services,Financial - Credit Services,63387,19.309
TFC,2020,4,2020Q4,10124,2021-01-21,Truist Financial,Financial Services,Banks - Regional,63705,13.7323
TPR,2020,4,2020Q4,9569,2020-08-13,"Tapestry, Inc.",Consumer Cyclical,Luxury Goods,79120,4.8718
UAL,2020,4,2020Q4,8504,2021-01-21,United Airlines Holdings,Industrials,"Airlines, Airports & Air Services",70200,11.8194
ULTA,2020,4,2020Q4,8384,2021-03-11,Ulta Beauty,Consumer Cyclical,Specialty Retail,68498,-5.5281
UPS,2020,4,2020Q4,9748,2021-02-02,United Parcel Service,Industrials,Integrated Freight & Logistics,54151,2.8094
USB,2020,4,2020Q4,9928,2021-01-20,U.S. Bancorp,Financial Services,Banks - Regional,49139,6.1369
V,2020,4,2020Q4,9074,2020-10-29,Visa Inc.,Financial Services,Financial - Credit Services,62178,12.1058
VICI,2020,4,2020Q4,7479,2021-02-19,Vici Properties,Real Estate,REIT - Diversified,60023,6.8584
VST,2020,4,2020Q4,7258,2021-02-26,Vistra Corp.,Utilities,Independent Power Producers,58675,-24.6046
VTRS,2020,4,2020Q4,9596,2021-02-18,Viatris,Healthcare,Drug Manufacturers - Specialty & Generic,23728,-23.098
WBD,2020,4,2020Q4,7488,2021-02-22,Warner Bros. Discovery,Communication Services,Entertainment,47394,-14.5895
XOM,2020,4,2020Q4,11519,2021-02-02,ExxonMobil,Energy,Oil & Gas Integrated,76730,32.1683
XYL,2020,4,2020Q4,8882,2021-02-04,Xylem Inc.,Industrials,Industrial - Machinery,52978,9.3461
XYZ,2020,4,2020Q4,7119,2021-02-23,"Block, Inc.",Technology,Software - Infrastructure,49501,0.6937
A,2021,1,2021Q1,9909,2021-02-16,Agilent Technologies,Healthcare,Medical - Diagnostics & Research,57997,-0.6331
ACGL,2021,1,2021Q1,7407,2021-04-28,Arch Capital Group,Financial Services,Insurance - Diversified,48631,-3.6552
ACN,2021,1,2021Q1,8908,2020-12-17,Accenture,Technology,Information Technology Services,51156,0.5254
AES,2021,1,2021Q1,10024,2021-05-06,AES Corporation,Utilities,Diversified Utilities,34751,-5.0246
AIG,2021,1,2021Q1,10810,2021-05-07,American International Group,Financial Services,Insurance - Diversified,54428,-4.8236
AON,2021,1,2021Q1,10224,2021-04-30,Aon,Financial Services,Insurance - Brokers,43697,4.5095
APTV,2021,1,2021Q1,8755,2021-05-06,Aptiv,Consumer Cyclical,Auto - Parts,55119,3.0437
AXON,2021,1,2021Q1,7353,2021-05-06,Axon Enterprise,Industrials,Aerospace & Defense,33590,11.0521
BA,2021,1,2021Q1,11088,2021-04-28,Boeing,Industrials,Aerospace & Defense,65237,2.4209
BALL,2021,1,2021Q1,10611,2021-05-06,Ball Corporation,Consumer Cyclical,Packaging & Containers,60138,-14.7303
BAX,2021,1,2021Q1,10980,2021-02-05,Baxter International,Healthcare,Medical - Instruments & Supplies,34095,5.2604
BEN,2021,1,2021Q1,10087,2021-02-02,Franklin Resources,Financial Services,Asset Management,52155,13.845
BKR,2021,1,2021Q1,8131,2021-04-21,Baker Hughes,Energy,Oil & Gas Equipment & Services,54800,32.5474
CAG,2021,1,2021Q1,10723,2020-10-01,Conagra Brands,Consumer Defensive,Packaged Foods,59766,-0.8401
CARR,2021,1,2021Q1,7728,2021-04-29,Carrier Global,Industrials,Construction,55368,3.6188
CAT,2021,1,2021Q1,11106,2021-04-29,Caterpillar Inc.,Industrials,Agricultural - Machinery,52637,-4.9935
CCI,2021,1,2021Q1,8863,2021-04-22,Crown Castle,Real Estate,REIT - Specialty,53052,7.5565
CF,2021,1,2021Q1,9244,2021-05-06,CF Industries,Basic Materials,Agricultural Inputs,39484,-2.5559
CHD,2021,1,2021Q1,8459,2021-04-29,Church & Dwight,Consumer Defensive,Household & Personal Products,46020,0.3436
CNC,2021,1,2021Q1,8392,2021-04-27,Centene Corporation,Healthcare,Medical - Healthcare Plans,45482,8.5758
CRM,2021,1,2021Q1,9226,2020-05-29,Salesforce,Technology,Software - Application,59850,8.4501
CTVA,2021,1,2021Q1,7871,2021-05-05,Corteva,Basic Materials,Agricultural Inputs,54566,-12.613
D,2021,1,2021Q1,8266,2021-05-04,Dominion Energy,Utilities,Regulated Electric,38121,-4.8152
DECK,2021,1,2021Q1,7266,2020-07-30,Deckers Brands,Consumer Cyclical,Apparel - Footwear & Accessories,63112,-2.7739
DELL,2021,1,2021Q1,7206,2020-05-28,Dell Technologies,Technology,Computer Hardware,52127,13.599
DIS,2021,1,2021Q1,10882,2021-02-11,Walt Disney Company (The),Communication Services,Entertainment,51965,-3.1743
DTE,2021,1,2021Q1,11187,2021-04-27,DTE Energy,Utilities,Regulated Electric,57320,1.0596
DUK,2021,1,2021Q1,10891,2021-05-10,Duke Energy,Utilities,Regulated Electric,48040,-0.4561
ECL,2021,1,2021Q1,10458,2021-04-27,Ecolab,Basic Materials,Chemicals - Specialty,53995,-6.1946
ELV,2021,1,2021Q1,9693,2021-04-21,Elevance Health,Healthcare,Medical - Healthcare Plans,47823,3.6032
EMR,2021,1,2021Q1,11043,2021-02-03,Emerson Electric,Industrials,Industrial - Machinery,81049,5.7481
EOG,2021,1,2021Q1,9873,2021-05-07,EOG Resources,Energy,Oil & Gas Exploration & Production,52212,10.4053
EXC,2021,1,2021Q1,11222,2021-05-05,Exelon,Utilities,Regulated Electric,44873,2.7247
EXE,2021,1,2021Q1,7156,2021-05-12,Expand Energy,Energy,Oil & Gas Exploration & Production,46981,8.2144
EXPE,2021,1,2021Q1,9334,2021-05-06,Expedia Group,Consumer Cyclical,Travel Services,55205,1.8808
EXR,2021,1,2021Q1,8445,2021-04-29,Extra Space Storage,Real Estate,REIT - Industrial,27311,8.7802
FOXA,2021,1,2021Q1,7906,2020-11-03,Fox Corporation (Class A),Communication Services,Entertainment,37347,3.8321
FTNT,2021,1,2021Q1,7969,2021-04-29,Fortinet,Technology,Software - Infrastructure,58149,18.419
FTV,2021,1,2021Q1,8320,2021-05-01,Fortive,Technology,"Hardware, Equipment & Parts",66208,0.9931
GDDY,2021,1,2021Q1,7240,2021-05-05,GoDaddy,Technology,Software - Infrastructure,55646,4.0978
GL,2021,1,2021Q1,10449,2021-04-22,Globe Life,Financial Services,Insurance - Life,41733,1.0629
GOOG,2021,1,2021Q1,9469,2021-04-27,Alphabet Inc. (Class C),Communication Services,Internet Content & Information,32277,9.2926
HCA,2021,1,2021Q1,8575,2021-04-22,HCA Healthcare,Healthcare,Medical - Care Facilities,38523,8.2215
INTU,2021,1,2021Q1,9864,2020-11-19,Intuit,Technology,Software - Application,50758,-0.1217
INVH,2021,1,2021Q1,7451,2021-04-29,Invitation Homes,Real Estate,REIT - Residential,59016,10.4246
IRM,2021,1,2021Q1,9154,2021-05-06,Iron Mountain,Real Estate,REIT - Specialty,42006,14.2525
ISRG,2021,1,2021Q1,9289,2021-04-20,Intuitive Surgical,Healthcare,Medical - Instruments & Supplies,54332,0.6842
IVZ,2021,1,2021Q1,9253,2021-04-27,Invesco,Financial Services,Asset Management,56068,8.1794
J,2021,1,2021Q1,9325,2021-02-09,Jacobs Solutions,Industrials,Engineering & Construction,55650,12.9837
JCI,2021,1,2021Q1,9019,2021-01-29,Johnson Controls,Industrials,Construction,38334,26.2465
KDP,2021,1,2021Q1,7460,2021-04-29,Keurig Dr Pepper,Consumer Defensive,Beverages - Non-Alcoholic,49520,0.0568
KKR,2021,1,2021Q1,7249,2021-05-04,KKR,Financial Services,Asset Management,34909,1.3506
KR,2021,1,2021Q1,11337,2020-06-18,Kroger,Consumer Defensive,Grocery Stores,69318,6.0347
LH,2021,1,2021Q1,9559,2021-04-29,LabCorp,Healthcare,Medical - Diagnostics & Research,36784,-1.5862
LLY,2021,1,2021Q1,10998,2021-04-27,Lilly (Eli),Healthcare,Drug Manufacturers - General,77284,20.7136
LVS,2021,1,2021Q1,7818,2021-04-21,Las Vegas Sands,Consumer Cyclical,"Gambling, Resorts & Casinos",37740,-3.8618
LYB,2021,1,2021Q1,8809,2021-04-30,LyondellBasell,Basic Materials,Chemicals - Specialty,39806,0.9582
LYV,2021,1,2021Q1,7764,2021-05-06,Live Nation Entertainment,Communication Services,Entertainment,34781,18.557
MAS,2021,1,2021Q1,10774,2021-04-28,Masco,Industrials,Construction,51129,-8.0541
MCHP,2021,1,2021Q1,9352,2020-08-05,Microchip Technology,Technology,Semiconductors,66456,2.9442
MCK,2021,1,2021Q1,9999,2020-08-03,McKesson Corporation,Healthcare,Medical - Distribution,54551,0.4728
MGM,2021,1,2021Q1,8104,2021-04-28,MGM Resorts,Consumer Cyclical,"Gambling, Resorts & Casinos",40807,2.832
MHK,2021,1,2021Q1,8665,2021-04-30,Mohawk Industries,Consumer Cyclical,"Furnishings, Fixtures & Appliances",57733,-11.6161
MLM,2021,1,2021Q1,8611,2021-05-04,Martin Marietta Materials,Basic Materials,Construction Materials,54916,-3.2632
MNST,2021,1,2021Q1,8836,2021-05-07,Monster Beverage,Consumer Defensive,Beverages - Non-Alcoholic,42968,0.5698
MSCI,2021,1,2021Q1,8032,2021-04-27,MSCI,Financial Services,Financial - Data & Stock Exchanges,58640,-4.347
NDSN,2021,1,2021Q1,7514,2021-02-23,Nordson Corporation,Industrials,Industrial - Machinery,29982,9.3774
NOC,2021,1,2021Q1,11391,2021-04-29,Northrop Grumman,Industrials,Aerospace & Defense,50792,10.8432
NOW,2021,1,2021Q1,7809,2021-04-29,ServiceNow,Technology,Software - Application,54940,0.8594
ODFL,2021,1,2021Q1,7791,2021-04-22,Old Dominion,Industrials,Trucking,58816,5.5047
OXY,2021,1,2021Q1,11409,2021-05-11,Occidental Petroleum,Energy,Oil & Gas Exploration & Production,55399,16.2599
PFE,2021,1,2021Q1,11437,2021-05-04,Pfizer,Healthcare,Drug Manufacturers - General,46428,-1.3307
PFG,2021,1,2021Q1,9729,2021-04-28,Principal Financial Group,Financial Services,Insurance - Diversified,52103,2.3529
PH,2021,1,2021Q1,10548,2020-11-05,Parker Hannifin,Industrials,Industrial - Machinery,56050,24.805
PLTR,2021,1,2021Q1,7224,2021-05-11,Palantir Technologies,Technology,Software - Infrastructure,45630,42.2306
PNW,2021,1,2021Q1,9945,2021-05-05,Pinnacle West,Utilities,Regulated Electric,17280,-0.0473
PPL,2021,1,2021Q1,9792,2021-05-06,PPL Corporation,Utilities,Regulated Electric,25999,-4.5297
PRU,2021,1,2021Q1,9738,2021-05-05,Prudential Financial,Financial Services,Insurance - Life,51997,-1.0131
PSA,2021,1,2021Q1,9523,2021-04-29,Public Storage,Real Estate,REIT - Industrial,41332,8.2641
PSX,2021,1,2021Q1,8854,2021-04-30,Phillips 66,Energy,Oil & Gas Refining & Marketing,14067,13.8302
PWR,2021,1,2021Q1,9100,2021-05-06,Quanta Services,Industrials,Engineering & Construction,47782,-11.7786
QCOM,2021,1,2021Q1,9954,2021-02-03,Qualcomm,Technology,Semiconductors,51899,-19.273
RF,2021,1,2021Q1,10051,2021-04-23,Regions Financial Corporation,Financial Services,Banks - Regional,53281,10.9414
ROST,2021,1,2021Q1,9064,2021-05-19,Ross Stores,Consumer Cyclical,Apparel - Retail,36671,0.887
SBAC,2021,1,2021Q1,8077,2021-04-27,SBA Communications,Real Estate,REIT - Specialty,43299,8.0976
STZ,2021,1,2021Q1,9541,2020-07-01,Constellation Brands,Consumer Defensive,Beverages - Wineries & Distilleries,56179,0.9546
SYY,2021,1,2021Q1,10521,2020-11-03,Sysco,Consumer Defensive,Food Distribution,72681,29.4097
TPL,2021,1,2021Q1,7201,2021-05-07,Texas Pacific Land Corporation,Energy,Oil & Gas Exploration & Production,26990,-0.8975
TSCO,2021,1,2021Q1,8647,2021-04-22,Tractor Supply,Consumer Cyclical,Specialty Retail,58339,0.4996
TSN,2021,1,2021Q1,9532,2021-02-11,Tyson Foods,Consumer Defensive,Agricultural Farm Products,52685,9.6709
TTD,2021,1,2021Q1,7127,2021-05-10,"The Trade Desk, Inc.",Technology,Software - Application,64696,33.558
TXN,2021,1,2021Q1,9828,2021-04-27,Texas Instruments,Technology,Semiconductors,29528,-1.1619
UAL,2021,1,2021Q1,8503,2021-04-20,United Airlines Holdings,Industrials,"Airlines, Airports & Air Services",64495,9.6381
USB,2021,1,2021Q1,9927,2021-04-15,U.S. Bancorp,Financial Services,Banks - Regional,56624,5.488
VMC,2021,1,2021Q1,9963,2021-05-04,Vulcan Materials Company,Basic Materials,Construction Materials,47623,-5.1759
VZ,2021,1,2021Q1,10714,2021-04-21,Verizon,Communication Services,Telecommunications Services,57206,-2.4148
WBD,2021,1,2021Q1,7487,2021-04-28,Warner Bros. Discovery,Communication Services,Entertainment,43030,-22.7378
WM,2021,1,2021Q1,10042,2021-04-27,Waste Management,Industrials,Waste Management,70947,4.2186
WY,2021,1,2021Q1,10819,2021-04-30,Weyerhaeuser,Real Estate,REIT - Specialty,56185,-12.891
YUM,2021,1,2021Q1,10141,2021-04-28,Yum! Brands,Consumer Cyclical,Restaurants,44390,1.9758
ABBV,2021,2,2021Q2,8745,2021-07-30,AbbVie,Healthcare,Drug Manufacturers - General,73934,-9.5819
ADM,2021,2,2021Q2,11069,2021-07-27,Archer Daniels Midland,Consumer Defensive,Agricultural Farm Products,47813,2.447
ADP,2021,2,2021Q2,10782,2021-01-27,Automatic Data Processing,Industrials,Staffing & Employment Services,53517,10.3507
AEP,2021,2,2021Q2,11078,2021-07-22,American Electric Power,Utilities,Regulated Electric,51400,7.33
AES,2021,2,2021Q2,10023,2021-08-05,AES Corporation,Utilities,Diversified Utilities,28440,4.0609
AIG,2021,2,2021Q2,10809,2021-08-06,American International Group,Financial Services,Insurance - Diversified,55245,9.3917
ALL,2021,2,2021Q2,10241,2021-08-05,Allstate,Financial Services,Insurance - Property & Casualty,55549,1.6288
AMD,2021,2,2021Q2,8175,2020-10-21,Advanced Micro Devices,Technology,Semiconductors,59587,18.7374
AON,2021,2,2021Q2,10223,2021-07-30,Aon,Financial Services,Insurance - Brokers,53151,10.911
BALL,2021,2,2021Q2,10610,2021-08-05,Ball Corporation,Consumer Cyclical,Packaging & Containers,58266,16.867
BK,2021,2,2021Q2,10268,2021-07-15,BNY Mellon,Financial Services,Asset Management,32503,12.5812
CF,2021,2,2021Q2,9243,2021-08-10,CF Industries,Basic Materials,Agricultural Inputs,55914,7.1171
CL,2021,2,2021Q2,11114,2021-07-30,Colgate-Palmolive,Consumer Defensive,Household & Personal Products,34094,-7.3515
CLX,2021,2,2021Q2,11024,2021-02-04,Clorox,Consumer Defensive,Household & Personal Products,64573,-9.0229
CPAY,2021,2,2021Q2,8004,2021-08-04,Corpay,Technology,Software - Infrastructure,53824,4.2973
CPT,2021,2,2021Q2,7495,2021-07-30,Camden Property Trust,Real Estate,REIT - Residential,63235,1.1025
CTRA,2021,2,2021Q2,9279,2021-07-30,Coterra,Energy,Oil & Gas Exploration & Production,35472,19.3711
CVS,2021,2,2021Q2,11159,2021-08-04,CVS Health,Healthcare,Medical - Healthcare Plans,52877,1.6071
D,2021,2,2021Q2,8265,2021-08-06,Dominion Energy,Utilities,Regulated Electric,38763,-1.9453
DASH,2021,2,2021Q2,7149,2021-08-12,DoorDash,Communication Services,Internet Content & Information,27903,15.7221
DDOG,2021,2,2021Q2,7135,2021-08-05,Datadog,Technology,Software - Application,50480,24.5367
DLR,2021,2,2021Q2,8364,2021-07-30,Digital Realty,Real Estate,REIT - Office,54772,0.0324
DRI,2021,2,2021Q2,10250,2020-12-18,Darden Restaurants,Consumer Cyclical,Restaurants,87464,5.8338
DUK,2021,2,2021Q2,10890,2021-08-05,Duke Energy,Utilities,Regulated Electric,40927,-6.6148
DXCM,2021,2,2021Q2,7718,2021-07-29,Dexcom,Healthcare,Medical - Devices,56315,18.5071
EL,2021,2,2021Q2,9486,2021-02-05,Estée Lauder Companies (The),Consumer Defensive,Household & Personal Products,52444,13.0923
EOG,2021,2,2021Q2,9872,2021-08-05,EOG Resources,Energy,Oil & Gas Exploration & Production,49997,4.9618
EQT,2021,2,2021Q2,7424,2021-07-29,EQT Corporation,Energy,Oil & Gas Exploration & Production,47322,-6.506
ETN,2021,2,2021Q2,11204,2021-08-03,Eaton Corporation,Industrials,Industrial - Machinery,56172,2.5944
EXE,2021,2,2021Q2,7155,2021-08-11,Expand Energy,Energy,Oil & Gas Exploration & Production,56850,8.955
EXR,2021,2,2021Q2,8444,2021-07-28,Extra Space Storage,Real Estate,REIT - Industrial,37612,8.929
FCX,2021,2,2021Q2,8916,2021-07-22,Freeport-McMoRan,Basic Materials,Copper,64179,4.6753
FDS,2021,2,2021Q2,7523,2021-03-30,FactSet,Financial Services,Financial - Data & Stock Exchanges,53006,0.7902
FISV,2021,2,2021Q2,9818,2021-07-27,"Fiserv, Inc.",Technology,Information Technology Services,47589,5.0741
FITB,2021,2,2021Q2,10232,2021-07-22,Fifth Third Bancorp,Financial Services,Banks - Regional,64733,4.9078
FOX,2021,2,2021Q2,7897,2021-02-09,Fox Corporation (Class B),Communication Services,Entertainment,40859,20.2853
GIS,2021,2,2021Q2,11257,2020-12-17,General Mills,Consumer Defensive,Packaged Foods,50075,-2.2064
GPC,2021,2,2021Q2,10961,2021-07-22,Genuine Parts Company,Consumer Cyclical,Specialty Retail,51742,-5.1715
HIG,2021,2,2021Q2,11275,2021-07-29,Hartford (The),Financial Services,Insurance - Diversified,34655,13.2764
HOOD,2021,2,2021Q2,7104,2021-08-18,"Robinhood Markets, Inc.",Financial Services,Financial - Capital Markets,46473,-9.835
HSIC,2021,2,2021Q2,8556,2021-08-03,Henry Schein,Healthcare,Medical - Distribution,53605,-3.3116
IBKR,2021,2,2021Q2,7108,2021-07-20,Interactive Brokers Group,Financial Services,Investment - Banking & Investment Services,34659,4.0102
IBM,2021,2,2021Q2,11302,2021-07-20,IBM,Technology,Information Technology Services,31343,1.7535
IFF,2021,2,2021Q2,10926,2021-08-06,International Flavors & Fragrances,Basic Materials,Chemicals - Specialty,55474,-12.2335
IPG,2021,2,2021Q2,10385,2021-07-21,Interpublic Group of Companies (The),Communication Services,Advertising Agencies,39509,18.804
IT,2021,2,2021Q2,8166,2021-08-03,Gartner,Technology,Information Technology Services,43138,19.6249
ITW,2021,2,2021Q2,10538,2021-07-30,Illinois Tool Works,Industrials,Industrial - Machinery,53583,-3.9623
JBHT,2021,2,2021Q2,8529,2021-07-20,J.B. Hunt,Industrials,Integrated Freight & Logistics,44985,9.0057
JPM,2021,2,2021Q2,10935,2021-07-13,JPMorgan Chase,Financial Services,Banks - Diversified,68349,-0.2089
KDP,2021,2,2021Q2,7459,2021-07-29,Keurig Dr Pepper,Consumer Defensive,Beverages - Non-Alcoholic,54957,-1.4152
KIM,2021,2,2021Q2,9450,2021-07-29,Kimco Realty,Real Estate,REIT - Retail,68696,1.6851
LKQ,2021,2,2021Q2,8355,2021-07-29,LKQ Corporation,Consumer Cyclical,Auto - Parts,48941,1.5425
LMT,2021,2,2021Q2,11345,2021-07-26,Lockheed Martin,Industrials,Aerospace & Defense,52264,-8.2911
LOW,2021,2,2021Q2,10636,2021-08-18,Lowe's,Consumer Cyclical,Home Improvement,56459,11.3025
LULU,2021,2,2021Q2,7319,2021-09-08,Lululemon Athletica,Consumer Cyclical,Apparel - Retail,53185,11.3404
MLM,2021,2,2021Q2,8610,2021-07-29,Martin Marietta Materials,Basic Materials,Construction Materials,49949,0.5524
MMC,2021,2,2021Q2,10511,2021-07-22,Marsh McLennan,Financial Services,Insurance - Brokers,31384,11.9601
MNST,2021,2,2021Q2,8835,2021-08-05,Monster Beverage,Consumer Defensive,Beverages - Non-Alcoholic,40610,0.9354
MOS,2021,2,2021Q2,8898,2021-08-03,Mosaic Company (The),Basic Materials,Agricultural Inputs,36921,12.4332
MPC,2021,2,2021Q2,8925,2021-08-04,Marathon Petroleum,Energy,Oil & Gas Refining & Marketing,46939,5.6489
MPWR,2021,2,2021Q2,7622,2021-07-27,Monolithic Power Systems,Technology,Semiconductors,25999,19.9062
MRK,2021,2,2021Q2,11372,2021-07-29,Merck & Co.,Healthcare,Drug Manufacturers - General,62916,-6.2301
MRNA,2021,2,2021Q2,7577,2021-08-05,Moderna,Healthcare,Biotechnology,70715,2.625
NUE,2021,2,2021Q2,10601,2021-07-22,Nucor,Basic Materials,Steel,37814,21.5237
O,2021,2,2021Q2,8538,2021-08-03,Realty Income,Real Estate,REIT - Retail,57287,-2.0969
ON,2021,2,2021Q2,7468,2021-08-02,ON Semiconductor,Technology,Semiconductors,46263,22.5038
ORCL,2021,2,2021Q2,10439,2020-12-10,Oracle Corporation,Technology,Software - Infrastructure,29297,5.1614
PEG,2021,2,2021Q2,11417,2021-08-03,Public Service Enterprise Group,Utilities,Regulated Electric,55306,-0.0955
PFE,2021,2,2021Q2,11436,2021-08-05,Pfizer,Healthcare,Drug Manufacturers - General,47301,-1.9086
PHM,2021,2,2021Q2,10628,2021-07-27,PulteGroup,Consumer Cyclical,Residential Construction,53417,-7.1777
PKG,2021,2,2021Q2,8112,2021-07-27,Packaging Corporation of America,Consumer Cyclical,Packaging & Containers,41217,12.7146
PLD,2021,2,2021Q2,9621,2021-07-19,Prologis,Real Estate,REIT - Industrial,47003,5.0676
PLTR,2021,2,2021Q2,7223,2021-08-12,Palantir Technologies,Technology,Software - Infrastructure,45905,27.7852
PNR,2021,2,2021Q2,8799,2021-07-27,Pentair,Industrials,Industrial - Machinery,48745,12.3435
PNW,2021,2,2021Q2,9944,2021-08-05,Pinnacle West,Utilities,Regulated Electric,38236,-5.5889
PRU,2021,2,2021Q2,9737,2021-08-04,Prudential Financial,Financial Services,Insurance - Life,48073,1.4193
PWR,2021,2,2021Q2,9099,2021-08-05,Quanta Services,Industrials,Engineering & Construction,55238,32.9964
RL,2021,2,2021Q2,9396,2020-10-29,Ralph Lauren Corporation,Consumer Cyclical,Apparel - Manufacturers,49762,36.393
ROST,2021,2,2021Q2,9063,2021-08-18,Ross Stores,Consumer Cyclical,Apparel - Retail,28762,-10.4474
RSG,2021,2,2021Q2,9162,2021-08-01,Republic Services,Industrials,Waste Management,40736,5.5678
SBAC,2021,2,2021Q2,8076,2021-08-02,SBA Communications,Real Estate,REIT - Specialty,49584,3.8264
SLB,2021,2,2021Q2,11472,2021-07-24,Schlumberger,Energy,Oil & Gas Equipment & Services,53085,-2.0415
SPG,2021,2,2021Q2,9755,2021-08-02,Simon Property Group,Real Estate,REIT - Retail,60656,3.8236
SRE,2021,2,2021Q2,8202,2021-08-05,Sempra,Utilities,Diversified Utilities,45648,1.9257
STZ,2021,2,2021Q2,9540,2020-10-01,Constellation Brands,Consumer Defensive,Beverages - Wineries & Distilleries,51729,2.8442
SWK,2021,2,2021Q2,10749,2021-07-27,Stanley Black & Decker,Industrials,Manufacturing - Tools & Accessories,47880,-8.5785
SWKS,2021,2,2021Q2,8565,2021-04-29,Skyworks Solutions,Technology,Semiconductors,41415,-12.145
T,2021,2,2021Q2,10704,2021-07-22,AT&T,Communication Services,Telecommunications Services,58849,-0.9497
TECH,2021,2,2021Q2,7568,2021-02-02,Bio-Techne,Healthcare,Biotechnology,61448,12.2795
TMUS,2021,2,2021Q2,7853,2021-07-30,T-Mobile US,Communication Services,Telecommunications Services,64440,-10.4847
UAL,2021,2,2021Q2,8502,2021-07-21,United Airlines Holdings,Industrials,"Airlines, Airports & Air Services",40460,-0.2807
UHS,2021,2,2021Q2,8592,2021-07-27,Universal Health Services,Healthcare,Medical - Care Facilities,33452,-3.8031
VRSK,2021,2,2021Q2,8485,2021-08-04,Verisk Analytics,Industrials,Consulting Services,76945,7.4062
VRTX,2021,2,2021Q2,8691,2021-07-29,Vertex Pharmaceuticals,Healthcare,Biotechnology,37629,-4.8208
VZ,2021,2,2021Q2,10713,2021-07-21,Verizon,Communication Services,Telecommunications Services,58234,-1.1515
WBD,2021,2,2021Q2,7486,2021-08-03,Warner Bros. Discovery,Communication Services,Entertainment,43819,-7.8377
WDAY,2021,2,2021Q2,7191,2020-08-27,"Workday, Inc.",Technology,Software - Application,40159,5.3363
WEC,2021,2,2021Q2,9189,2021-08-03,WEC Energy Group,Utilities,Regulated Electric,45848,-4.215
WELL,2021,2,2021Q2,9144,2021-07-30,Welltower,Real Estate,REIT - Healthcare Facilities,60502,0.5585
WSM,2021,2,2021Q2,7164,2021-08-25,Williams-Sonoma,Consumer Cyclical,Specialty Retail,50111,0.164
ADP,2021,3,2021Q3,10781,2021-04-28,Automatic Data Processing,Industrials,Staffing & Employment Services,52728,2.1287
AJG,2021,3,2021Q3,8345,2021-10-28,Arthur J. Gallagher & Co.,Financial Services,Insurance - Brokers,44195,2.8577
AMT,2021,3,2021Q3,9314,2021-10-28,American Tower,Real Estate,REIT - Specialty,70477,-4.5021
APA,2021,3,2021Q3,10175,2021-11-04,APA Corporation,Energy,Oil & Gas Exploration & Production,51240,-11.7626
APD,2021,3,2021Q3,10591,2021-08-09,Air Products,Basic Materials,Chemicals - Specialty,56851,-11.4951
AVGO,2021,3,2021Q3,8618,2021-09-02,Broadcom,Technology,Semiconductors,34367,2.3379
AZO,2021,3,2021Q3,10213,2021-05-25,AutoZone,Consumer Cyclical,Specialty Retail,62285,6.1502
BA,2021,3,2021Q3,11086,2021-10-27,Boeing,Industrials,Aerospace & Defense,54990,-1.0724
BAC,2021,3,2021Q3,10862,2021-10-14,Bank of America,Financial Services,Banks - Diversified,67937,6.0732
BAX,2021,3,2021Q3,10978,2021-07-30,Baxter International,Healthcare,Medical - Instruments & Supplies,40104,4.2001
BEN,2021,3,2021Q3,10085,2021-08-03,Franklin Resources,Financial Services,Asset Management,42883,7.6251
BSX,2021,3,2021Q3,10294,2021-11-01,Boston Scientific,Healthcare,Medical - Devices,49305,-5.9813
CB,2021,3,2021Q3,9026,2021-10-27,Chubb Limited,Financial Services,Insurance - Property & Casualty,42091,1.5863
CBRE,2021,3,2021Q3,9422,2021-10-28,CBRE Group,Real Estate,Real Estate - Services,29313,0.1739
CDNS,2021,3,2021Q3,8066,2021-10-25,Cadence Design Systems,Technology,Software - Application,49987,10.0615
CHTR,2021,3,2021Q3,8291,2021-10-29,Charter Communications,Communication Services,Telecommunications Services,53791,-14.2608
COO,2021,3,2021Q3,8282,2021-09-02,Cooper Companies (The),Healthcare,Medical - Instruments & Supplies,56491,-11.9105
CPAY,2021,3,2021Q3,8003,2021-11-03,Corpay,Technology,Software - Infrastructure,58993,-11.4518
CPB,2021,3,2021Q3,11140,2021-06-09,Campbell Soup Company,Consumer Defensive,Packaged Foods,57363,-9.8738
CRM,2021,3,2021Q3,9224,2020-12-01,Salesforce,Technology,Software - Application,59462,-11.6884
CTRA,2021,3,2021Q3,9278,2021-11-03,Coterra,Energy,Oil & Gas Exploration & Production,48352,-6.3869
D,2021,3,2021Q3,8264,2021-11-05,Dominion Energy,Utilities,Regulated Electric,41467,3.3404
DAY,2021,3,2021Q3,7549,2021-11-03,Dayforce,Technology,Software - Application,50493,-20.56
DD,2021,3,2021Q3,7878,2021-11-02,DuPont,Basic Materials,Chemicals - Specialty,80809,10.0
DOC,2021,3,2021Q3,9296,2021-11-05,Healthpeak Properties,Real Estate,REIT - Healthcare Facilities,31317,1.7498
ECL,2021,3,2021Q3,10456,2021-10-26,Ecolab,Basic Materials,Chemicals - Specialty,51575,4.8474
EQIX,2021,3,2021Q3,8546,2021-11-03,Equinix,Real Estate,REIT - Specialty,59693,-1.8642
ES,2021,3,2021Q3,9089,2021-11-03,Eversource Energy,Utilities,Regulated Electric,48467,7.5222
ETR,2021,3,2021Q3,11212,2021-11-03,Entergy,Utilities,Regulated Electric,39187,6.6281
EW,2021,3,2021Q3,8981,2021-10-27,Edwards Lifesciences,Healthcare,Medical - Devices,52788,4.9711
F,2021,3,2021Q3,11229,2021-10-27,Ford Motor Company,Consumer Cyclical,Auto - Manufacturers,55283,38.2979
FAST,2021,3,2021Q3,9233,2021-10-12,Fastenal,Industrials,Industrial - Distribution,45739,16.6539
FDS,2021,3,2021Q3,7522,2021-06-29,FactSet,Financial Services,Financial - Data & Stock Exchanges,43564,8.1031
FOXA,2021,3,2021Q3,7904,2021-05-05,Fox Corporation (Class A),Communication Services,Entertainment,39780,1.1159
FRT,2021,3,2021Q3,8425,2021-11-04,Federal Realty Investment Trust,Real Estate,REIT - Retail,66365,0.7102
FTV,2021,3,2021Q3,8318,2021-10-28,Fortive,Technology,"Hardware, Equipment & Parts",57718,-0.0531
GM,2021,3,2021Q3,8726,2021-10-27,General Motors,Consumer Cyclical,Auto - Manufacturers,54845,3.9219
GOOG,2021,3,2021Q3,9467,2021-10-26,Alphabet Inc. (Class C),Communication Services,Internet Content & Information,49572,6.0428
GOOGL,2021,3,2021Q3,8627,2021-10-26,Alphabet Inc. (Class A),Communication Services,Internet Content & Information,49572,5.9795
HCA,2021,3,2021Q3,8573,2021-10-22,HCA Healthcare,Healthcare,Medical - Care Facilities,45384,-10.0885
HD,2021,3,2021Q3,10492,2021-11-16,Home Depot (The),Consumer Cyclical,Home Improvement,51783,10.4721
HIG,2021,3,2021Q3,11274,2021-10-29,Hartford (The),Financial Services,Insurance - Diversified,57290,-8.8642
HII,2021,3,2021Q3,8048,2021-11-04,Huntington Ingalls Industries,Industrials,Aerospace & Defense,43721,-7.922
HOOD,2021,3,2021Q3,7103,2021-10-26,"Robinhood Markets, Inc.",Financial Services,Financial - Capital Markets,50089,-44.6298
HRL,2021,3,2021Q3,9125,2021-09-02,Hormel Foods,Consumer Defensive,Packaged Foods,48977,-6.5908
IEX,2021,3,2021Q3,7834,2021-10-27,IDEX Corporation,Industrials,Industrial - Machinery,49624,6.9967
IP,2021,3,2021Q3,11310,2021-10-27,International Paper,Consumer Cyclical,Packaging & Containers,58770,-12.9525
IQV,2021,3,2021Q3,8084,2021-10-21,IQVIA,Healthcare,Medical - Diagnostics & Research,43882,4.0394
IRM,2021,3,2021Q3,9152,2021-11-04,Iron Mountain,Real Estate,REIT - Specialty,34212,6.2617
ISRG,2021,3,2021Q3,9287,2021-10-19,Intuitive Surgical,Healthcare,Medical - Instruments & Supplies,53699,-2.6702
JBHT,2021,3,2021Q3,8528,2021-10-15,J.B. Hunt,Industrials,Integrated Freight & Logistics,57507,11.7724
JBL,2021,3,2021Q3,7291,2021-06-17,Jabil,Technology,"Hardware, Equipment & Parts",47654,5.2687
JKHY,2021,3,2021Q3,7949,2021-05-04,Jack Henry & Associates,Technology,Information Technology Services,59566,0.4148
KEY,2021,3,2021Q3,10348,2021-10-21,KeyCorp,Financial Services,Banks - Regional,46780,-5.5228
KHC,2021,3,2021Q3,8519,2021-10-27,Kraft Heinz,Consumer Defensive,Packaged Foods,26109,-8.1504
KO,2021,3,2021Q3,11328,2021-10-27,Coca-Cola Company (The),Consumer Defensive,Beverages - Non-Alcoholic,55465,0.716
LII,2021,3,2021Q3,7181,2021-10-25,Lennox International,Industrials,Construction,53161,5.0035
LULU,2021,3,2021Q3,7318,2021-12-09,Lululemon Athletica,Consumer Cyclical,Apparel - Retail,51460,-25.9258
LW,2021,3,2021Q3,7940,2021-04-07,Lamb Weston,Consumer Defensive,Packaged Foods,48917,-4.6713
LYB,2021,3,2021Q3,8807,2021-10-29,LyondellBasell,Basic Materials,Chemicals - Specialty,53157,-9.0201
LYV,2021,3,2021Q3,7762,2021-11-04,Live Nation Entertainment,Communication Services,Entertainment,31494,-0.6045
MA,2021,3,2021Q3,9269,2021-10-28,Mastercard,Financial Services,Financial - Credit Services,58489,4.2297
MCD,2021,3,2021Q3,11005,2021-10-27,McDonald's,Consumer Cyclical,Restaurants,57517,10.9635
MDT,2021,3,2021Q3,10528,2021-02-23,Medtronic,Healthcare,Medical - Devices,56923,4.216
MHK,2021,3,2021Q3,8663,2021-10-29,Mohawk Industries,Consumer Cyclical,"Furnishings, Fixtures & Appliances",53685,-12.2878
MSFT,2021,3,2021Q3,10339,2021-04-27,Microsoft,Technology,Software - Infrastructure,54513,-1.8056
NEE,2021,3,2021Q3,10898,2021-10-20,NextEra Energy,Utilities,Regulated Electric,53126,8.0336
NOW,2021,3,2021Q3,7807,2021-10-27,ServiceNow,Technology,Software - Application,55090,-2.6716
NUE,2021,3,2021Q3,10600,2021-10-21,Nucor,Basic Materials,Steel,52777,8.0043
ORCL,2021,3,2021Q3,10438,2021-03-10,Oracle Corporation,Technology,Software - Infrastructure,32430,3.9517
OTIS,2021,3,2021Q3,7735,2021-10-25,Otis Worldwide,Industrials,Industrial - Machinery,59460,0.0817
OXY,2021,3,2021Q3,11407,2021-11-05,Occidental Petroleum,Energy,Oil & Gas Exploration & Production,49259,-14.4225
PAYX,2021,3,2021Q3,10031,2021-04-06,Paychex,Industrials,Staffing & Employment Services,78165,-1.2555
PCG,2021,3,2021Q3,7432,2021-11-01,PG&E Corporation,Utilities,Regulated Electric,48186,4.8276
PEP,2021,3,2021Q3,11425,2021-10-05,PepsiCo,Consumer Defensive,Beverages - Non-Alcoholic,35552,8.7284
PFG,2021,3,2021Q3,9727,2021-10-27,Principal Financial Group,Financial Services,Insurance - Diversified,55989,2.9204
PNC,2021,3,2021Q3,10483,2021-10-15,PNC Financial Services,Financial Services,Banks - Regional,54882,-0.8
PNR,2021,3,2021Q3,8798,2021-10-26,Pentair,Industrials,Industrial - Machinery,50146,-2.8857
PODD,2021,3,2021Q3,7378,2021-11-04,Insulet Corporation,Healthcare,Medical - Devices,65044,-14.8238
PPG,2021,3,2021Q3,11453,2021-10-21,PPG Industries,Basic Materials,Chemicals - Specialty,45952,-0.0249
PPL,2021,3,2021Q3,9790,2021-11-04,PPL Corporation,Utilities,Regulated Electric,49198,0.853
ROP,2021,3,2021Q3,9053,2021-10-22,Roper Technologies,Industrials,Industrial - Machinery,49532,-1.8847
SNA,2021,3,2021Q3,10739,2021-10-21,Snap-on,Industrials,Manufacturing - Tools & Accessories,61493,-7.4116
SNPS,2021,3,2021Q3,8210,2021-08-18,Synopsys,Technology,Software - Infrastructure,48493,4.0808
SRE,2021,3,2021Q3,8201,2021-11-05,Sempra,Utilities,Diversified Utilities,51717,0.157
STZ,2021,3,2021Q3,9539,2021-01-07,Constellation Brands,Consumer Defensive,Beverages - Wineries & Distilleries,59521,-0.5498
SYF,2021,3,2021Q3,8466,2021-10-19,Synchrony Financial,Financial Services,Financial - Credit Services,56481,-14.2129
TGT,2021,3,2021Q3,10844,2021-11-17,Target Corporation,Consumer Defensive,Discount Stores,61366,-13.1199
TPL,2021,3,2021Q3,7199,2021-11-05,Texas Pacific Land Corporation,Energy,Oil & Gas Exploration & Production,23955,-2.4124
TSCO,2021,3,2021Q3,8645,2021-10-21,Tractor Supply,Consumer Cyclical,Specialty Retail,56438,12.6792
UBER,2021,3,2021Q3,7300,2021-11-04,Uber,Technology,Software - Application,47448,-13.2108
UNH,2021,3,2021Q3,10330,2021-10-14,UnitedHealth Group,Healthcare,Medical - Healthcare Plans,45017,9.01
URI,2021,3,2021Q3,8600,2021-10-28,United Rentals,Industrials,Rental & Leasing Services,45598,0.0748
VLO,2021,3,2021Q3,9655,2021-10-21,Valero Energy,Energy,Oil & Gas Refining & Marketing,55538,-13.9808
VRTX,2021,3,2021Q3,8690,2021-11-02,Vertex Pharmaceuticals,Healthcare,Biotechnology,55948,17.2051
VZ,2021,3,2021Q3,10712,2021-10-20,Verizon,Communication Services,Telecommunications Services,59012,-3.0946
WAB,2021,3,2021Q3,7913,2021-10-27,Wabtec,Industrials,Railroads,52786,-0.1091
WELL,2021,3,2021Q3,9143,2021-11-05,Welltower,Real Estate,REIT - Healthcare Facilities,56506,-0.174
WMT,2021,3,2021Q3,10757,2020-11-17,Walmart,Consumer Defensive,Discount Stores,58551,-5.432
XOM,2021,3,2021Q3,11516,2021-10-29,ExxonMobil,Energy,Oil & Gas Integrated,61384,-4.1673
ABT,2021,4,2021Q4,11058,2022-01-25,Abbott Laboratories,Healthcare,Medical - Devices,46889,-4.3854
AES,2021,4,2021Q4,10021,2022-02-25,AES Corporation,Utilities,Diversified Utilities,46128,18.6902
AJG,2021,4,2021Q4,8344,2022-01-27,Arthur J. Gallagher & Co.,Financial Services,Insurance - Brokers,53150,3.6228
ALLE,2021,4,2021Q4,8671,2022-02-15,Allegion,Industrials,Security & Protection Services,55921,-4.2086
AMZN,2021,4,2021Q4,9493,2022-02-03,Amazon,Consumer Cyclical,Specialty Retail,37080,7.0646
AVB,2021,4,2021Q4,9403,2022-02-03,AvalonBay Communities,Real Estate,REIT - Residential,70383,-2.4838
AVGO,2021,4,2021Q4,8617,2021-12-09,Broadcom,Technology,Semiconductors,43669,-8.4505
AVY,2021,4,2021Q4,10500,2022-02-02,Avery Dennison,Industrials,Business Equipment & Supplies,55187,-17.1084
AWK,2021,4,2021Q4,8416,2022-02-17,American Water Works,Utilities,Regulated Water,39818,15.4146
BA,2021,4,2021Q4,11085,2022-01-26,Boeing,Industrials,Aerospace & Defense,52582,-12.5968
BAC,2021,4,2021Q4,10861,2022-01-19,Bank of America,Financial Services,Banks - Diversified,73985,-8.1496
BBY,2021,4,2021Q4,9969,2021-02-25,Best Buy,Consumer Cyclical,Specialty Retail,59917,7.9499
BR,2021,4,2021Q4,8011,2021-08-12,Broadridge Financial Solutions,Technology,Information Technology Services,55739,-1.8069
C,2021,4,2021Q4,10473,2022-01-14,Citigroup,Financial Services,Banks - Diversified,75420,-13.5586
CFG,2021,4,2021Q4,8433,2022-01-19,Citizens Financial Group,Financial Services,Banks - Regional,57642,-9.8437
CI,2021,4,2021Q4,10870,2022-02-03,Cigna,Healthcare,Medical - Healthcare Plans,75581,4.8431
CMCSA,2021,4,2021Q4,9672,2022-01-27,Comcast,Communication Services,Telecommunications Services,58337,-7.0986
CNC,2021,4,2021Q4,8389,2022-02-09,Centene Corporation,Healthcare,Medical - Healthcare Plans,45127,-1.1206
COST,2021,4,2021Q4,10365,2021-09-23,Costco,Consumer Defensive,Discount Stores,49939,13.3266
CSX,2021,4,2021Q4,11148,2022-01-20,CSX Corporation,Industrials,Railroads,63575,5.0227
CVX,2021,4,2021Q4,11166,2022-01-28,Chevron Corporation,Energy,Oil & Gas Integrated,49399,23.1588
DASH,2021,4,2021Q4,7147,2022-02-16,DoorDash,Communication Services,Internet Content & Information,48341,15.1066
DDOG,2021,4,2021Q4,7133,2022-02-10,Datadog,Technology,Software - Application,57932,-5.5691
DECK,2021,4,2021Q4,7263,2021-05-21,Deckers Brands,Consumer Cyclical,Apparel - Footwear & Accessories,71132,16.3331
DG,2021,4,2021Q4,8779,2022-03-17,Dollar General,Consumer Defensive,Discount Stores,58996,11.7841
DHI,2021,4,2021Q4,9547,2021-11-09,D. R. Horton,Consumer Cyclical,Residential Construction,60025,13.8697
DLR,2021,4,2021Q4,8362,2022-02-17,Digital Realty,Real Estate,REIT - Office,55178,6.3807
DXCM,2021,4,2021Q4,7716,2022-02-10,Dexcom,Healthcare,Medical - Devices,56411,7.3859
EG,2021,4,2021Q4,8146,2022-02-10,Everest Group,Financial Services,Insurance - Reinsurance,61375,3.4207
EME,2021,4,2021Q4,7093,2022-02-26,"EMCOR Group, Inc.",Industrials,Engineering & Construction,64362,-3.4801
EQIX,2021,4,2021Q4,8545,2022-02-16,Equinix,Real Estate,REIT - Specialty,65023,13.2753
EQT,2021,4,2021Q4,7422,2022-02-10,EQT Corporation,Energy,Oil & Gas Exploration & Production,61392,59.6744
ERIE,2021,4,2021Q4,7212,2022-02-25,Erie Indemnity,Financial Services,Insurance - Brokers,14940,2.6422
EVRG,2021,4,2021Q4,8020,2022-02-25,Evergy,Utilities,Regulated Electric,63093,17.3626
FAST,2021,4,2021Q4,9232,2022-01-19,Fastenal,Industrials,Industrial - Distribution,52288,-8.9726
FCX,2021,4,2021Q4,8914,2022-01-26,Freeport-McMoRan,Basic Materials,Copper,59552,20.3886
FSLR,2021,4,2021Q4,7395,2022-03-01,First Solar,Energy,Solar,67096,5.3954
FTNT,2021,4,2021Q4,7966,2022-02-03,Fortinet,Technology,Software - Infrastructure,51180,5.9091
FTV,2021,4,2021Q4,8317,2022-02-03,Fortive,Technology,"Hardware, Equipment & Parts",57087,-7.0725
GDDY,2021,4,2021Q4,7237,2022-02-10,GoDaddy,Technology,Software - Infrastructure,46400,13.8122
GOOGL,2021,4,2021Q4,8626,2022-02-01,Alphabet Inc. (Class A),Communication Services,Internet Content & Information,53204,-2.7608
GS,2021,4,2021Q4,9717,2022-01-18,Goldman Sachs,Financial Services,Financial - Capital Markets,56480,-11.6974
HAS,2021,4,2021Q4,10617,2022-02-07,Hasbro,Consumer Cyclical,Leisure,58155,-5.0575
HCA,2021,4,2021Q4,8572,2022-01-27,HCA Healthcare,Healthcare,Medical - Care Facilities,52792,11.25
IFF,2021,4,2021Q4,10924,2022-02-10,International Flavors & Fragrances,Basic Materials,Chemicals - Specialty,54697,-4.4282
INCY,2021,4,2021Q4,8236,2022-02-08,Incyte,Healthcare,Biotechnology,54812,5.1125
IQV,2021,4,2021Q4,8083,2022-02-15,IQVIA,Healthcare,Medical - Diagnostics & Research,47870,-3.5765
IRM,2021,4,2021Q4,9151,2022-02-24,Iron Mountain,Real Estate,REIT - Specialty,43826,31.7472
IVZ,2021,4,2021Q4,9250,2022-01-25,Invesco,Financial Services,Asset Management,58449,-6.9541
K,2021,4,2021Q4,10428,2022-02-10,Kellanova,Consumer Defensive,Food Confectioners,55572,1.8839
KMI,2021,4,2021Q4,8842,2022-01-19,Kinder Morgan,Energy,Oil & Gas Midstream,47051,3.8983
LUV,2021,4,2021Q4,10320,2022-01-27,Southwest Airlines,Industrials,"Airlines, Airports & Air Services",77496,-7.9387
LYB,2021,4,2021Q4,8806,2022-01-28,LyondellBasell,Basic Materials,Chemicals - Specialty,54685,8.3672
LYV,2021,4,2021Q4,7761,2022-02-23,Live Nation Entertainment,Communication Services,Entertainment,38521,-3.3422
MCD,2021,4,2021Q4,11004,2022-01-27,McDonald's,Consumer Cyclical,Restaurants,53328,-9.1975
MCO,2021,4,2021Q4,10066,2022-02-10,Moody's Corporation,Financial Services,Financial - Data & Stock Exchanges,84453,-3.7144
MET,2021,4,2021Q4,9852,2022-02-03,MetLife,Financial Services,Insurance - Life,50295,-0.1167
MKC,2021,4,2021Q4,9636,2022-01-27,McCormick & Company,Consumer Defensive,Packaged Foods,68877,4.9815
MNST,2021,4,2021Q4,8833,2022-02-24,Monster Beverage,Consumer Defensive,Beverages - Non-Alcoholic,41496,1.5932
MOS,2021,4,2021Q4,8896,2022-02-23,Mosaic Company (The),Basic Materials,Agricultural Inputs,44975,56.5739
MSI,2021,4,2021Q4,11379,2022-02-10,Motorola Solutions,Technology,Communication Equipment,49068,5.9767
MTCH,2021,4,2021Q4,7557,2022-02-02,Match Group,Communication Services,Internet Content & Information,47196,-15.0147
MTD,2021,4,2021Q4,8299,2022-02-11,Mettler Toledo,Healthcare,Medical - Diagnostics & Research,52911,-0.4985
NDSN,2021,4,2021Q4,7511,2021-12-16,Nordson Corporation,Industrials,Industrial - Machinery,46804,-13.5924
NRG,2021,4,2021Q4,9043,2022-02-24,NRG Energy,Utilities,Independent Power Producers,39022,5.9718
NTAP,2021,4,2021Q4,9978,2021-06-02,NetApp,Technology,Computer Hardware,50474,0.4023
NTRS,2021,4,2021Q4,10093,2022-01-20,Northern Trust,Financial Services,Asset Management,52050,-14.5979
OXY,2021,4,2021Q4,11406,2022-02-25,Occidental Petroleum,Energy,Oil & Gas Exploration & Production,56990,49.5096
PEG,2021,4,2021Q4,11415,2022-02-24,Public Service Enterprise Group,Utilities,Regulated Electric,52998,12.6475
PFG,2021,4,2021Q4,9726,2022-02-08,Principal Financial Group,Financial Services,Insurance - Diversified,54734,-5.5378
PLD,2021,4,2021Q4,9619,2022-01-19,Prologis,Real Estate,REIT - Industrial,46941,-2.5093
PLTR,2021,4,2021Q4,7221,2022-02-17,Palantir Technologies,Technology,Software - Infrastructure,41432,-1.0021
POOL,2021,4,2021Q4,7647,2022-02-17,Pool Corporation,Industrials,Industrial - Distribution,55843,-7.6383
PPG,2021,4,2021Q4,11452,2022-01-21,PPG Industries,Basic Materials,Chemicals - Specialty,48222,-28.3031
PPL,2021,4,2021Q4,9789,2022-02-18,PPL Corporation,Utilities,Regulated Electric,41319,1.99
PTC,2021,4,2021Q4,7593,2021-11-03,PTC Inc.,Technology,Software - Application,66308,-7.0081
RTX,2021,4,2021Q4,11461,2022-01-25,RTX Corporation,Industrials,Aerospace & Defense,54136,11.8021
SBUX,2021,4,2021Q4,9897,2021-10-28,Starbucks,Consumer Cyclical,Restaurants,67666,2.0848
SHW,2021,4,2021Q4,11049,2022-01-27,Sherwin-Williams,Basic Materials,Chemicals - Specialty,77945,-20.2084
SLB,2021,4,2021Q4,11470,2022-01-22,Schlumberger,Energy,Oil & Gas Equipment & Services,53572,23.9824
SPG,2021,4,2021Q4,9753,2022-02-07,Simon Property Group,Real Estate,REIT - Retail,40423,-12.6981
STT,2021,4,2021Q4,9645,2022-01-19,State Street Corporation,Financial Services,Asset Management,68110,-16.8993
STZ,2021,4,2021Q4,9538,2021-04-08,Constellation Brands,Consumer Defensive,Beverages - Wineries & Distilleries,71791,0.4937
SYK,2021,4,2021Q4,9843,2022-01-27,Stryker Corporation,Healthcare,Medical - Devices,65279,-0.1974
TGT,2021,4,2021Q4,10843,2022-03-01,Target Corporation,Consumer Defensive,Discount Stores,124221,15.8032
TMO,2021,4,2021Q4,9574,2022-02-02,Thermo Fisher Scientific,Healthcare,Medical - Diagnostics & Research,55965,-3.7119
TSCO,2021,4,2021Q4,8644,2022-01-28,Tractor Supply,Consumer Cyclical,Specialty Retail,179038,7.2162
TSN,2021,4,2021Q4,9529,2021-11-15,Tyson Foods,Consumer Defensive,Agricultural Farm Products,58271,6.3893
TYL,2021,4,2021Q4,7674,2022-02-17,Tyler Technologies,Technology,Software - Application,54995,-5.4924
ULTA,2021,4,2021Q4,8380,2022-03-10,Ulta Beauty,Consumer Cyclical,Specialty Retail,51944,10.2196
URI,2021,4,2021Q4,8599,2022-01-27,United Rentals,Industrials,Rental & Leasing Services,55525,4.8707
VICI,2021,4,2021Q4,7475,2022-02-24,Vici Properties,Real Estate,REIT - Diversified,56939,3.0775
VLO,2021,4,2021Q4,9654,2022-01-27,Valero Energy,Energy,Oil & Gas Refining & Marketing,54470,12.7552
VZ,2021,4,2021Q4,10711,2022-01-25,Verizon,Communication Services,Telecommunications Services,67185,0.2266
WAT,2021,4,2021Q4,9762,2022-02-01,Waters Corporation,Healthcare,Medical - Diagnostics & Research,53834,2.1617
WDAY,2021,4,2021Q4,7189,2021-02-25,"Workday, Inc.",Technology,Software - Application,48503,-1.9674
WFC,2021,4,2021Q4,10915,2022-01-14,Wells Fargo,Financial Services,Banks - Diversified,75893,-10.1964
WM,2021,4,2021Q4,10039,2022-02-02,Waste Management,Industrials,Waste Management,76390,3.9196
WST,2021,4,2021Q4,7683,2022-02-17,West Pharmaceutical Services,Healthcare,Medical - Instruments & Supplies,42098,9.9415
XEL,2021,4,2021Q4,11506,2022-01-27,Xcel Energy,Utilities,Regulated Electric,39020,4.0668
AEE,2022,1,2022Q1,10409,2022-05-06,Ameren,Utilities,Regulated Electric,42704,-11.5818
ALLE,2022,1,2022Q1,8670,2022-04-26,Allegion,Industrials,Security & Protection Services,29354,-3.7134
AMGN,2022,1,2022Q1,10400,2022-04-27,Amgen,Healthcare,Drug Manufacturers - General,59625,-3.5291
APH,2022,1,2022Q1,9204,2022-04-27,Amphenol,Technology,"Hardware, Equipment & Parts",57769,0.846
AVB,2022,1,2022Q1,9402,2022-04-28,AvalonBay Communities,Real Estate,REIT - Residential,57314,-22.0209
BA,2022,1,2022Q1,11084,2022-04-27,Boeing,Industrials,Aerospace & Defense,54303,-19.9413
BG,2022,1,2022Q1,7367,2022-04-27,Bunge Global,Consumer Defensive,Agricultural Farm Products,46859,-4.0658
BIIB,2022,1,2022Q1,9609,2022-05-03,Biogen,Healthcare,Drug Manufacturers - General,49590,-4.8524
BKR,2022,1,2022Q1,8127,2022-04-20,Baker Hughes,Energy,Oil & Gas Equipment & Services,62750,0.4627
BLK,2022,1,2022Q1,8970,2022-04-13,BlackRock,Financial Services,Asset Management,51541,-8.9826
BR,2022,1,2022Q1,8010,2021-11-03,Broadridge Financial Solutions,Technology,Information Technology Services,50094,0.6653
CAH,2022,1,2022Q1,10193,2021-11-09,Cardinal Health,Healthcare,Medical - Distribution,44165,1.1082
CFG,2022,1,2022Q1,8432,2022-04-19,Citizens Financial Group,Financial Services,Banks - Regional,75420,-2.8862
CMCSA,2022,1,2022Q1,9671,2022-04-28,Comcast,Communication Services,Telecommunications Services,52908,-6.3442
CPRT,2022,1,2022Q1,7992,2021-11-18,Copart,Consumer Cyclical,Auto - Dealerships,44109,-6.4902
CRWD,2022,1,2022Q1,7227,2021-06-03,CrowdStrike,Technology,Software - Infrastructure,52493,15.9259
CTRA,2022,1,2022Q1,9276,2022-05-03,Coterra,Energy,Oil & Gas Exploration & Production,51070,6.0512
CVX,2022,1,2022Q1,11165,2022-04-29,Chevron Corporation,Energy,Oil & Gas Integrated,51694,3.4242
DHR,2022,1,2022Q1,10011,2022-04-21,Danaher Corporation,Healthcare,Medical - Diagnostics & Research,40410,-5.11
DLR,2022,1,2022Q1,8361,2022-04-28,Digital Realty,Real Estate,REIT - Office,56842,-16.0528
DTE,2022,1,2022Q1,11183,2022-04-28,DTE Energy,Utilities,Regulated Electric,49259,-5.1127
EA,2022,1,2022Q1,9698,2021-08-04,Electronic Arts,Technology,Electronic Gaming & Multimedia,50483,-4.3099
EBAY,2022,1,2022Q1,9707,2022-05-04,eBay,Consumer Cyclical,Specialty Retail,54584,-22.4366
ECL,2022,1,2022Q1,10454,2022-04-26,Ecolab,Basic Materials,Chemicals - Specialty,62416,-6.0475
EME,2022,1,2022Q1,7092,2022-04-30,"EMCOR Group, Inc.",Industrials,Engineering & Construction,53651,-5.5503
EQR,2022,1,2022Q1,9770,2022-04-27,Equity Residential,Real Estate,REIT - Residential,70672,-18.9359
ERIE,2022,1,2022Q1,7211,2022-04-29,Erie Indemnity,Financial Services,Insurance - Brokers,12077,1.8385
ESS,2022,1,2022Q1,8634,2022-04-27,Essex Property Trust,Real Estate,REIT - Residential,60250,-21.419
ETR,2022,1,2022Q1,11210,2022-04-27,Entergy,Utilities,Regulated Electric,55982,-3.6963
F,2022,1,2022Q1,11227,2022-04-27,Ford Motor Company,Consumer Cyclical,Auto - Manufacturers,52498,-9.7213
FANG,2022,1,2022Q1,7929,2022-05-03,Diamondback Energy,Energy,Oil & Gas Exploration & Production,47228,15.1059
FCX,2022,1,2022Q1,8913,2022-04-21,Freeport-McMoRan,Basic Materials,Copper,57928,-17.1743
FICO,2022,1,2022Q1,7358,2022-01-27,Fair Isaac,Technology,Software - Application,29494,10.1752
FOX,2022,1,2022Q1,7894,2021-11-03,Fox Corporation (Class B),Communication Services,Entertainment,39818,-11.416
FOXA,2022,1,2022Q1,7902,2021-11-03,Fox Corporation (Class A),Communication Services,Entertainment,39818,-11.1111
GD,2022,1,2022Q1,11236,2022-04-27,General Dynamics,Industrials,Aerospace & Defense,43559,-4.2375
GILD,2022,1,2022Q1,9582,2022-04-28,Gilead Sciences,Healthcare,Drug Manufacturers - General,58585,-3.9149
HOOD,2022,1,2022Q1,7101,2022-04-29,"Robinhood Markets, Inc.",Financial Services,Financial - Capital Markets,53398,-26.2621
HUM,2022,1,2022Q1,8769,2022-04-27,Humana,Healthcare,Medical - Healthcare Plans,71649,4.4413
IFF,2022,1,2022Q1,10923,2022-05-10,International Flavors & Fragrances,Basic Materials,Chemicals - Specialty,62542,-3.259
INTC,2022,1,2022Q1,10833,2022-04-28,Intel,Technology,Semiconductors,54818,-19.3638
INTU,2022,1,2022Q1,9860,2021-11-19,Intuit,Technology,Software - Application,59819,-14.2473
ISRG,2022,1,2022Q1,9285,2022-04-21,Intuitive Surgical,Healthcare,Medical - Instruments & Supplies,54914,-26.5268
J,2022,1,2022Q1,9321,2022-02-08,Jacobs Solutions,Industrials,Engineering & Construction,50729,5.9624
JCI,2022,1,2022Q1,9015,2022-02-02,Johnson Controls,Industrials,Construction,55619,-10.289
KDP,2022,1,2022Q1,7456,2022-04-28,Keurig Dr Pepper,Consumer Defensive,Beverages - Non-Alcoholic,55970,-6.2599
KEYS,2022,1,2022Q1,7956,2022-02-17,Keysight Technologies,Technology,"Hardware, Equipment & Parts",42805,-6.8947
KKR,2022,1,2022Q1,7245,2022-05-03,KKR,Financial Services,Asset Management,66085,-8.028
KLAC,2022,1,2022Q1,10146,2021-10-27,KLA Corporation,Technology,Semiconductors,55914,20.589
KMI,2022,1,2022Q1,8841,2022-04-20,Kinder Morgan,Energy,Oil & Gas Midstream,36925,0.8093
KO,2022,1,2022Q1,11326,2022-04-25,Coca-Cola Company (The),Consumer Defensive,Beverages - Non-Alcoholic,51955,-3.0651
LIN,2022,1,2022Q1,10391,2022-04-28,Linde plc,Basic Materials,Chemicals - Specialty,52063,1.2539
LLY,2022,1,2022Q1,10994,2022-04-28,Lilly (Eli),Healthcare,Drug Manufacturers - General,79263,4.1811
LULU,2022,1,2022Q1,7316,2022-06-02,Lululemon Athletica,Consumer Cyclical,Apparel - Retail,53534,-2.0623
LVS,2022,1,2022Q1,7814,2022-04-27,Las Vegas Sands,Consumer Cyclical,"Gambling, Resorts & Casinos",31953,1.554
LYB,2022,1,2022Q1,8805,2022-04-29,LyondellBasell,Basic Materials,Chemicals - Specialty,49300,-8.0207
MCD,2022,1,2022Q1,11003,2022-04-28,McDonald's,Consumer Cyclical,Restaurants,52945,-3.9492
MDLZ,2022,1,2022Q1,8787,2022-04-26,Mondelez International,Consumer Defensive,Food Confectioners,51568,-4.3879
MLM,2022,1,2022Q1,8607,2022-05-03,Martin Marietta Materials,Basic Materials,Construction Materials,55632,-10.3867
MNST,2022,1,2022Q1,8832,2022-05-05,Monster Beverage,Consumer Defensive,Beverages - Non-Alcoholic,38838,9.3931
MTCH,2022,1,2022Q1,7556,2022-05-04,Match Group,Communication Services,Internet Content & Information,45415,-7.7449
NWSA,2022,1,2022Q1,8706,2021-11-04,News Corp (Class A),Communication Services,Entertainment,37835,-8.826
ON,2022,1,2022Q1,7465,2022-05-02,ON Semiconductor,Technology,Semiconductors,54160,8.7123
ORCL,2022,1,2022Q1,10436,2021-09-13,Oracle Corporation,Technology,Software - Infrastructure,27584,9.1011
PAYX,2022,1,2022Q1,10029,2021-09-30,Paychex,Industrials,Staffing & Employment Services,67562,14.4182
PCAR,2022,1,2022Q1,10797,2022-04-26,Paccar,Industrials,Agricultural - Machinery,50054,3.5088
PEP,2022,1,2022Q1,11423,2022-04-26,PepsiCo,Consumer Defensive,Beverages - Non-Alcoholic,27792,-4.6103
PFG,2022,1,2022Q1,9725,2022-04-29,Principal Financial Group,Financial Services,Insurance - Diversified,43792,-9.9802
PLD,2022,1,2022Q1,9618,2022-04-28,Prologis,Real Estate,REIT - Industrial,48715,-37.3273
PNC,2022,1,2022Q1,10481,2022-04-14,PNC Financial Services,Financial Services,Banks - Regional,32980,-1.8998
POOL,2022,1,2022Q1,7646,2022-04-21,Pool Corporation,Industrials,Industrial - Distribution,56205,-5.6852
PPL,2022,1,2022Q1,9788,2022-05-05,PPL Corporation,Utilities,Regulated Electric,29685,-12.2188
REG,2022,1,2022Q1,8217,2022-05-04,Regency Centers,Real Estate,REIT - Retail,62481,-16.7784
REGN,2022,1,2022Q1,8733,2022-05-04,Regeneron Pharmaceuticals,Healthcare,Biotechnology,50155,-12.0918
RJF,2022,1,2022Q1,8190,2022-01-27,Raymond James Financial,Financial Services,Financial - Capital Markets,48976,-2.3664
ROST,2022,1,2022Q1,9060,2022-05-18,Ross Stores,Consumer Cyclical,Apparel - Retail,36998,-20.4526
SBAC,2022,1,2022Q1,8073,2022-04-25,SBA Communications,Real Estate,REIT - Specialty,52029,-6.1399
SCHW,2022,1,2022Q1,10191,2022-04-21,Charles Schwab Corporation,Financial Services,Financial - Capital Markets,55909,-8.3453
SO,2022,1,2022Q1,11478,2022-04-28,Southern Company,Utilities,Regulated Electric,53907,-1.8236
SPG,2022,1,2022Q1,9752,2022-05-09,Simon Property Group,Real Estate,REIT - Retail,37187,-18.1826
SRE,2022,1,2022Q1,8199,2022-05-05,Sempra,Utilities,Diversified Utilities,72946,-15.2079
TAP,2022,1,2022Q1,10905,2022-05-03,Molson Coors Beverage Company,Consumer Defensive,Beverages - Alcoholic,54879,-4.6024
TFC,2022,1,2022Q1,10119,2022-04-19,Truist Financial,Financial Services,Banks - Regional,56742,-7.1022
TMUS,2022,1,2022Q1,7850,2022-04-27,T-Mobile US,Communication Services,Telecommunications Services,60499,6.4501
TRV,2022,1,2022Q1,9680,2022-04-19,Travelers Companies (The),Financial Services,Insurance - Property & Casualty,63587,-4.8213
TSCO,2022,1,2022Q1,8643,2022-04-21,Tractor Supply,Consumer Cyclical,Specialty Retail,53146,-12.0534
TSN,2022,1,2022Q1,9528,2022-02-07,Tyson Foods,Consumer Defensive,Agricultural Farm Products,54653,-1.7103
TT,2022,1,2022Q1,9006,2022-05-04,Trane Technologies,Industrials,Construction,60047,-12.595
TXT,2022,1,2022Q1,10824,2022-04-28,Textron,Industrials,Aerospace & Defense,42481,-5.6655
UBER,2022,1,2022Q1,7298,2022-05-04,Uber,Technology,Software - Application,43373,-30.5395
UDR,2022,1,2022Q1,8406,2022-04-27,"UDR, Inc.",Real Estate,REIT - Residential,70683,-20.4329
VLO,2022,1,2022Q1,9653,2022-04-26,Valero Energy,Energy,Oil & Gas Refining & Marketing,51573,42.5159
VMC,2022,1,2022Q1,9959,2022-05-04,Vulcan Materials Company,Basic Materials,Construction Materials,37869,-18.0862
WAB,2022,1,2022Q1,7911,2022-04-27,Wabtec,Industrials,Railroads,40027,7.294
WEC,2022,1,2022Q1,9186,2022-05-02,WEC Energy Group,Utilities,Regulated Electric,46787,-7.996
WRB,2022,1,2022Q1,7796,2022-04-26,W. R. Berkley Corporation,Financial Services,Insurance - Property & Casualty,57487,3.4998
WSM,2022,1,2022Q1,7161,2022-05-25,Williams-Sonoma,Consumer Cyclical,Specialty Retail,50115,11.602
WST,2022,1,2022Q1,7682,2022-04-28,West Pharmaceutical Services,Healthcare,Medical - Instruments & Supplies,38415,-11.6891
WYNN,2022,1,2022Q1,9168,2022-05-10,Wynn Resorts,Consumer Cyclical,"Gambling, Resorts & Casinos",32228,-5.4501
ZTS,2022,1,2022Q1,8715,2022-05-05,Zoetis,Healthcare,Drug Manufacturers - Specialty & Generic,53190,-10.1945
ADBE,2022,2,2022Q2,5652,2022-06-16,Adobe Inc.,Technology,Software - Infrastructure,57864,12.2932
ADI,2022,2,2022Q2,5330,2022-05-18,Analog Devices,Technology,Semiconductors,35225,-12.7747
AES,2022,2,2022Q2,5436,2022-08-05,AES Corporation,Utilities,Diversified Utilities,43507,15.6522
ALL,2022,2,2022Q2,5693,2022-08-04,Allstate,Financial Services,Insurance - Property & Casualty,55844,12.4804
AME,2022,2,2022Q2,3872,2022-08-02,Ametek,Industrials,Industrial - Machinery,38306,0.5556
AMGN,2022,2,2022Q2,5878,2022-08-04,Amgen,Healthcare,Drug Manufacturers - General,60251,-6.4741
AMT,2022,2,2022Q2,4551,2022-07-28,American Tower,Real Estate,REIT - Specialty,67608,1.2816
ANET,2022,2,2022Q2,3084,2022-08-01,Arista Networks,Technology,Computer Hardware,53092,3.9796
AOS,2022,2,2022Q2,3209,2022-07-28,A. O. Smith,Industrials,Industrial - Machinery,47146,-7.0202
APD,2022,2,2022Q2,6097,2022-05-05,Air Products,Basic Materials,Chemicals - Specialty,57082,-4.6547
AWK,2022,2,2022Q2,3570,2022-07-28,American Water Works,Utilities,Regulated Water,41651,2.3997
AXP,2022,2,2022Q2,6340,2022-07-22,American Express,Financial Services,Financial - Credit Services,57791,-0.2597
AZO,2022,2,2022Q2,5663,2022-03-01,AutoZone,Consumer Cyclical,Specialty Retail,53317,16.3707
BDX,2022,2,2022Q2,6491,2022-05-05,Becton Dickinson,Healthcare,Medical - Instruments & Supplies,71543,-7.1823
BKR,2022,2,2022Q2,3251,2022-07-20,Baker Hughes,Energy,Oil & Gas Equipment & Services,56171,-10.489
BRO,2022,2,2022Q2,2586,2022-07-26,Brown & Brown,Financial Services,Insurance - Brokers,56254,4.6001
BX,2022,2,2022Q2,2330,2022-07-21,Blackstone Inc.,Financial Services,Asset Management,63994,-6.8744
CAG,2022,2,2022Q2,6179,2022-01-06,Conagra Brands,Consumer Defensive,Packaged Foods,58312,5.4758
CB,2022,2,2022Q2,4226,2022-07-27,Chubb Limited,Financial Services,Insurance - Property & Casualty,41975,3.6276
CBOE,2022,2,2022Q2,3361,2022-07-29,Cboe Global Markets,Financial Services,Financial - Data & Stock Exchanges,58318,-1.5437
CHD,2022,2,2022Q2,3619,2022-07-29,Church & Dwight,Consumer Defensive,Household & Personal Products,48422,-14.5099
CMI,2022,2,2022Q2,6543,2022-08-02,Cummins,Industrials,Industrial - Machinery,50360,-2.1025
COR,2022,2,2022Q2,5110,2022-05-04,Cencora,Healthcare,Medical - Distribution,51810,-6.5004
COST,2022,2,2022Q2,5839,2022-03-03,Costco,Consumer Defensive,Discount Stores,55843,9.2055
CPB,2022,2,2022Q2,6665,2022-03-09,Campbell Soup Company,Consumer Defensive,Packaged Foods,53944,12.2459
CPRT,2022,2,2022Q2,3096,2022-02-17,Copart,Consumer Cyclical,Auto - Dealerships,40072,-0.9458
CRL,2022,2,2022Q2,2637,2022-08-03,Charles River Laboratories,Healthcare,Medical - Diagnostics & Research,59946,-16.4368
CRM,2022,2,2022Q2,4452,2021-08-25,Salesforce,Technology,Software - Application,54180,5.746
CTVA,2022,2,2022Q2,2948,2022-08-05,Corteva,Basic Materials,Agricultural Inputs,52164,11.2278
DD,2022,2,2022Q2,2958,2022-08-02,DuPont,Basic Materials,Chemicals - Specialty,54575,-7.3045
DIS,2022,2,2022Q2,6371,2022-05-11,Walt Disney Company (The),Communication Services,Entertainment,49949,-8.1741
DLR,2022,2,2022Q2,3512,2022-07-28,Digital Realty,Real Estate,REIT - Office,53723,-7.4345
DOC,2022,2,2022Q2,4531,2022-08-04,Healthpeak Properties,Real Estate,REIT - Healthcare Facilities,40869,-4.5286
DRI,2022,2,2022Q2,5705,2021-12-17,Darden Restaurants,Consumer Cyclical,Restaurants,67320,-4.9276
EBAY,2022,2,2022Q2,5007,2022-08-03,eBay,Consumer Cyclical,Specialty Retail,55125,-16.7987
EFX,2022,2,2022Q2,5620,2022-07-21,Equifax,Industrials,Consulting Services,115635,-7.3695
EG,2022,2,2022Q2,3271,2022-07-28,Everest Group,Financial Services,Insurance - Reinsurance,49908,4.2675
EIX,2022,2,2022Q2,6726,2022-07-28,Edison International,Utilities,Regulated Electric,42264,8.5967
EMR,2022,2,2022Q2,6554,2022-05-04,Emerson Electric,Industrials,Industrial - Machinery,52412,-10.4775
EOG,2022,2,2022Q2,5257,2022-08-05,EOG Resources,Energy,Oil & Gas Exploration & Production,54957,20.6472
EXPE,2022,2,2022Q2,4572,2022-08-04,Expedia Group,Consumer Cyclical,Travel Services,58709,0.2838
EXR,2022,2,2022Q2,3600,2022-08-03,Extra Space Storage,Real Estate,REIT - Industrial,49523,-0.1872
FFIV,2022,2,2022Q2,4185,2022-04-26,"F5, Inc.",Technology,Software - Infrastructure,50044,-16.4612
FSLR,2022,2,2022Q2,2416,2022-07-28,First Solar,Energy,Solar,58886,54.565
GILD,2022,2,2022Q2,4864,2022-08-02,Gilead Sciences,Healthcare,Drug Manufacturers - General,58735,9.1703
GOOG,2022,2,2022Q2,4726,2022-07-26,Alphabet Inc. (Class C),Communication Services,Internet Content & Information,46958,3.7747
GOOGL,2022,2,2022Q2,3812,2022-07-26,Alphabet Inc. (Class A),Communication Services,Internet Content & Information,46958,3.1994
HAL,2022,2,2022Q2,6806,2022-07-19,Halliburton,Energy,Oil & Gas Equipment & Services,49364,5.1993
HII,2022,2,2022Q2,3159,2022-08-04,Huntington Ingalls Industries,Industrials,Aerospace & Defense,40807,6.1365
HPQ,2022,2,2022Q2,6450,2022-05-31,HP Inc.,Technology,Computer Hardware,51388,-18.4861
HST,2022,2,2022Q2,4624,2022-08-04,Host Hotels & Resorts,Real Estate,REIT - Hotel & Motel,46870,2.4798
HUBB,2022,2,2022Q2,2296,2022-07-26,Hubbell Incorporated,Industrials,Electrical Equipment & Parts,44358,9.7325
IDXX,2022,2,2022Q2,3381,2022-08-02,Idexx Laboratories,Healthcare,Medical - Diagnostics & Research,56125,-11.971
IP,2022,2,2022Q2,6858,2022-07-28,International Paper,Consumer Cyclical,Packaging & Containers,52628,-2.1117
IQV,2022,2,2022Q2,3199,2022-07-21,IQVIA,Healthcare,Medical - Diagnostics & Research,45494,-4.0707
JBL,2022,2,2022Q2,2276,2022-03-16,Jabil,Technology,"Hardware, Equipment & Parts",38044,6.4146
KKR,2022,2,2022Q2,2216,2022-08-02,KKR,Financial Services,Asset Management,52208,-9.7065
LNT,2022,2,2022Q2,3471,2022-08-05,Alliant Energy,Utilities,Regulated Electric,28265,1.2101
LW,2022,2,2022Q2,3031,2022-01-06,Lamb Weston,Consumer Defensive,Packaged Foods,46122,5.3549
MA,2022,2,2022Q2,4502,2022-07-28,Mastercard,Financial Services,Financial - Credit Services,58395,-2.1616
MAA,2022,2,2022Q2,3391,2022-07-28,Mid-America Apartment Communities,Real Estate,REIT - Residential,59786,-1.875
MAR,2022,2,2022Q2,5498,2022-08-02,Marriott International,Consumer Cyclical,Travel Lodging,51537,1.8613
MCHP,2022,2,2022Q2,4594,2021-11-04,Microchip Technology,Technology,Semiconductors,59835,-0.3859
MO,2022,2,2022Q2,6916,2022-07-28,Altria,Consumer Defensive,Tobacco,43450,3.4037
MRNA,2022,2,2022Q2,2627,2022-08-03,Moderna,Healthcare,Biotechnology,52515,-15.5152
MTCH,2022,2,2022Q2,2605,2022-08-03,Match Group,Communication Services,Internet Content & Information,49263,-24.5731
NEM,2022,2,2022Q2,6521,2022-07-25,Newmont,Basic Materials,Gold,88231,-18.8363
NI,2022,2,2022Q2,5266,2022-08-03,NiSource,Utilities,Regulated Gas,38445,-3.7874
NOW,2022,2,2022Q2,2870,2022-07-27,ServiceNow,Technology,Software - Application,58138,4.7771
NWSA,2022,2,2022Q2,3904,2022-02-03,News Corp (Class A),Communication Services,Entertainment,42611,-1.0282
OKE,2022,2,2022Q2,4236,2022-08-09,ONEOK,Energy,Oil & Gas Midstream,40771,-1.3173
PAYX,2022,2,2022Q2,5448,2021-12-22,Paychex,Industrials,Staffing & Employment Services,64699,-5.157
PCG,2022,2,2022Q2,2456,2022-07-28,PG&E Corporation,Utilities,Regulated Electric,54127,19.5733
PEG,2022,2,2022Q2,6975,2022-08-02,Public Service Enterprise Group,Utilities,Regulated Electric,55220,2.4208
PFE,2022,2,2022Q2,11432,2022-07-28,Pfizer,Healthcare,Drug Manufacturers - General,82477,-7.9115
PNW,2022,2,2022Q2,5340,2022-08-03,Pinnacle West,Utilities,Regulated Electric,37365,0.0678
POOL,2022,2,2022Q2,2708,2022-07-21,Pool Corporation,Industrials,Industrial - Distribution,59109,-15.0926
PRU,2022,2,2022Q2,5037,2022-08-03,Prudential Financial,Financial Services,Insurance - Life,45928,-5.5618
PTC,2022,2,2022Q2,2648,2022-04-27,PTC Inc.,Technology,Software - Application,52108,11.7496
REGN,2022,2,2022Q2,3934,2022-08-03,Regeneron Pharmaceuticals,Healthcare,Biotechnology,56010,16.6779
RJF,2022,2,2022Q2,3321,2022-04-28,Raymond James Financial,Financial Services,Financial - Capital Markets,59422,-11.0237
ROL,2022,2,2022Q2,3074,2022-07-27,"Rollins, Inc.",Consumer Cyclical,Personal Products & Services,28440,0.0276
ROST,2022,2,2022Q2,4265,2022-08-17,Ross Stores,Consumer Cyclical,Apparel - Retail,40817,-9.2114
RTX,2022,2,2022Q2,7026,2022-07-26,RTX Corporation,Industrials,Aerospace & Defense,56083,-7.5288
SHW,2022,2,2022Q2,6564,2022-07-27,Sherwin-Williams,Basic Materials,Chemicals - Specialty,87485,-5.3128
SYY,2022,2,2022Q2,6010,2022-02-08,Sysco,Consumer Defensive,Food Distribution,69575,0.6381
TDY,2022,2,2022Q2,2728,2022-07-28,Teledyne Technologies,Technology,"Hardware, Equipment & Parts",30764,4.2042
TGT,2022,2,2022Q2,6330,2022-08-17,Target Corporation,Consumer Defensive,Discount Stores,75111,-15.7611
TMUS,2022,2,2022Q2,2926,2022-07-27,T-Mobile US,Communication Services,Telecommunications Services,60724,8.558
TT,2022,2,2022Q2,4205,2022-08-03,Trane Technologies,Industrials,Construction,53066,9.6481
TTD,2022,2,2022Q2,2051,2022-08-09,"The Trade Desk, Inc.",Technology,Software - Application,64469,8.6972
TTWO,2022,2,2022Q2,3149,2021-11-03,Take-Two Interactive,Technology,Electronic Gaming & Multimedia,36885,-4.5721
VMC,2022,2,2022Q2,5361,2022-08-04,Vulcan Materials Company,Basic Materials,Construction Materials,34687,-4.1203
VRSK,2022,2,2022Q2,3649,2022-08-03,Verisk Analytics,Industrials,Consulting Services,62850,-2.6458
VTRS,2022,2,2022Q2,4874,2022-08-08,Viatris,Healthcare,Drug Manufacturers - Specialty & Generic,40969,-7.0915
WDC,2022,2,2022Q2,4318,2022-01-27,Western Digital,Technology,Computer Hardware,52954,-17.4041
WMT,2022,2,2022Q2,6227,2021-08-17,Walmart,Consumer Defensive,Discount Stores,60432,-6.8458
WY,2022,2,2022Q2,6301,2022-07-29,Weyerhaeuser,Real Estate,REIT - Specialty,53203,-4.9766
XOM,2022,2,2022Q2,7086,2022-07-29,ExxonMobil,Energy,Oil & Gas Integrated,53853,5.3649
XYZ,2022,2,2022Q2,2041,2022-08-04,"Block, Inc.",Technology,Software - Infrastructure,52620,-26.32
ABBV,2022,3,2022Q3,3943,2022-10-28,AbbVie,Healthcare,Drug Manufacturers - General,63394,7.7003
AES,2022,3,2022Q3,5435,2022-11-04,AES Corporation,Utilities,Diversified Utilities,43995,7.6747
ALGN,2022,3,2022Q3,3260,2022-10-26,Align Technology,Healthcare,Medical - Devices,65245,-14.8123
ALL,2022,3,2022Q3,5692,2022-11-03,Allstate,Financial Services,Insurance - Property & Casualty,58876,6.3645
ANET,2022,3,2022Q3,3083,2022-10-31,Arista Networks,Technology,Computer Hardware,58291,8.3719
APTV,2022,3,2022Q3,3953,2022-11-03,Aptiv,Consumer Cyclical,Auto - Parts,50834,6.2273
BAC,2022,3,2022Q3,6349,2022-10-17,Bank of America,Financial Services,Banks - Diversified,76248,16.7192
BDX,2022,3,2022Q3,6490,2022-08-04,Becton Dickinson,Healthcare,Medical - Instruments & Supplies,67180,3.8337
BG,2022,3,2022Q3,2377,2022-10-26,Bunge Global,Consumer Defensive,Agricultural Farm Products,52744,4.7733
BIIB,2022,3,2022Q3,4893,2022-10-25,Biogen,Healthcare,Drug Manufacturers - General,55744,6.3834
BLK,2022,3,2022Q3,4164,2022-10-13,BlackRock,Financial Services,Asset Management,51896,38.9155
BMY,2022,3,2022Q3,6613,2022-10-26,Bristol Myers Squibb,Healthcare,Drug Manufacturers - General,62542,9.7705
BR,2022,3,2022Q3,3116,2022-05-03,Broadridge Financial Solutions,Technology,Information Technology Services,44714,-3.7065
BXP,2022,3,2022Q3,4715,2022-10-26,"BXP, Inc.",Real Estate,REIT - Office,72934,-12.0271
CBOE,2022,3,2022Q3,3360,2022-11-04,Cboe Global Markets,Financial Services,Financial - Data & Stock Exchanges,41091,-1.3131
CCL,2022,3,2022Q3,5416,2022-09-30,Carnival,Consumer Cyclical,Leisure,47872,12.9913
CDW,2022,3,2022Q3,2888,2022-11-02,CDW,Technology,Information Technology Services,54597,6.7331
CF,2022,3,2022Q3,4471,2022-11-03,CF Industries,Basic Materials,Agricultural Inputs,43747,-7.8511
CHD,2022,3,2022Q3,3618,2022-10-28,Church & Dwight,Consumer Defensive,Household & Personal Products,54218,6.1168
CI,2022,3,2022Q3,6359,2022-11-03,Cigna,Healthcare,Medical - Healthcare Plans,54893,2.004
CMCSA,2022,3,2022Q3,4964,2022-10-27,Comcast,Communication Services,Telecommunications Services,54080,12.127
COF,2022,3,2022Q3,5477,2022-10-27,Capital One,Financial Services,Financial - Credit Services,66687,-4.5139
CRM,2022,3,2022Q3,4451,2021-11-30,Salesforce,Technology,Software - Application,56509,-19.7677
CSX,2022,3,2022Q3,6674,2022-10-20,CSX Corporation,Industrials,Railroads,70600,15.7681
CTAS,2022,3,2022Q3,5151,2022-03-23,Cintas,Industrials,Specialty Business Services,48036,-1.5878
CVS,2022,3,2022Q3,6684,2022-11-02,CVS Health,Healthcare,Medical - Healthcare Plans,51186,3.1494
DD,2022,3,2022Q3,2957,2022-11-08,DuPont,Basic Materials,Chemicals - Specialty,54478,10.6852
DIS,2022,3,2022Q3,6370,2022-08-10,Walt Disney Company (The),Communication Services,Entertainment,47281,-11.5005
DLR,2022,3,2022Q3,3511,2022-10-26,Digital Realty,Real Estate,REIT - Office,54595,6.672
DUK,2022,3,2022Q3,6380,2022-11-04,Duke Energy,Utilities,Regulated Electric,45612,7.5198
DXCM,2022,3,2022Q3,2767,2022-10-27,Dexcom,Healthcare,Medical - Devices,47814,15.3383
ECL,2022,3,2022Q3,5935,2022-11-01,Ecolab,Basic Materials,Chemicals - Specialty,55090,-4.221
EQIX,2022,3,2022Q3,3720,2022-11-02,Equinix,Real Estate,REIT - Specialty,65139,21.5913
ERIE,2022,3,2022Q3,2168,2022-10-28,Erie Indemnity,Financial Services,Insurance - Brokers,12470,12.5283
ETR,2022,3,2022Q3,6745,2022-11-02,Entergy,Utilities,Regulated Electric,48750,7.8287
EVRG,2022,3,2022Q3,3126,2022-11-04,Evergy,Utilities,Regulated Electric,22346,0.2437
FANG,2022,3,2022Q3,3019,2022-11-08,Diamondback Energy,Energy,Oil & Gas Exploration & Production,39586,-16.2028
FAST,2022,3,2022Q3,4461,2022-10-13,Fastenal,Industrials,Industrial - Distribution,54821,14.5797
FE,2022,3,2022Q3,5557,2022-10-26,FirstEnergy,Utilities,Regulated Electric,45641,10.9633
FTV,2022,3,2022Q3,3460,2022-10-26,Fortive,Technology,"Hardware, Equipment & Parts",57425,4.1528
GEN,2022,3,2022Q3,4914,2022-02-03,Gen Digital,Technology,Software - Infrastructure,33626,7.171
GL,2022,3,2022Q3,5925,2022-10-28,Globe Life,Financial Services,Insurance - Life,59390,4.8968
GM,2022,3,2022Q3,3923,2022-10-25,General Motors,Consumer Cyclical,Auto - Manufacturers,57529,6.271
HII,2022,3,2022Q3,3158,2022-11-03,Huntington Ingalls Industries,Industrials,Aerospace & Defense,45241,-8.8699
HRL,2022,3,2022Q3,4337,2022-09-01,Hormel Foods,Consumer Defensive,Packaged Foods,53529,-10.72
HSIC,2022,3,2022Q3,3730,2022-11-01,Henry Schein,Healthcare,Medical - Distribution,53141,21.487
IFF,2022,3,2022Q3,6420,2022-11-08,International Flavors & Fragrances,Basic Materials,Chemicals - Specialty,53292,13.0183
IP,2022,3,2022Q3,6857,2022-10-27,International Paper,Consumer Cyclical,Packaging & Containers,59594,8.6093
IRM,2022,3,2022Q3,4367,2022-11-03,Iron Mountain,Real Estate,REIT - Specialty,34500,4.941
JNJ,2022,3,2022Q3,6469,2022-10-18,Johnson & Johnson,Healthcare,Drug Manufacturers - General,54869,6.8492
KIM,2022,3,2022Q3,4705,2022-10-27,Kimco Realty,Real Estate,REIT - Retail,45620,5.9024
KMI,2022,3,2022Q3,4054,2022-10-19,Kinder Morgan,Energy,Oil & Gas Midstream,47067,7.7659
KR,2022,3,2022Q3,6886,2021-12-02,Kroger,Consumer Defensive,Grocery Stores,54431,22.1587
LEN,2022,3,2022Q3,4767,2022-09-22,Lennar,Consumer Cyclical,Residential Construction,57757,4.0569
LIN,2022,3,2022Q3,5867,2022-10-27,Linde plc,Basic Materials,Chemicals - Specialty,51003,12.6747
LRCX,2022,3,2022Q3,4034,2022-04-20,Lam Research,Technology,Semiconductors,56063,6.7497
LVS,2022,3,2022Q3,2878,2022-10-19,Las Vegas Sands,Consumer Cyclical,"Gambling, Resorts & Casinos",35974,34.7191
LW,2022,3,2022Q3,3030,2022-04-07,Lamb Weston,Consumer Defensive,Packaged Foods,41420,4.5169
MCD,2022,3,2022Q3,6510,2022-10-27,McDonald's,Consumer Cyclical,Restaurants,55124,6.013
MCK,2022,3,2022Q3,5406,2022-02-02,McKesson Corporation,Healthcare,Medical - Distribution,54476,15.7046
MDLZ,2022,3,2022Q3,3990,2022-11-01,Mondelez International,Consumer Defensive,Food Confectioners,47159,7.3056
MHK,2022,3,2022Q3,3851,2022-10-28,Mohawk Industries,Consumer Cyclical,"Furnishings, Fixtures & Appliances",61822,5.0483
MSCI,2022,3,2022Q3,3136,2022-10-25,MSCI,Financial Services,Financial - Data & Stock Exchanges,58595,21.4121
MTB,2022,3,2022Q3,4883,2022-10-19,M&T Bank,Financial Services,Banks - Regional,50562,-11.1111
NCLH,2022,3,2022Q3,3168,2022-11-08,Norwegian Cruise Line Holdings,Consumer Cyclical,Travel Services,55547,-17.5165
NTAP,2022,3,2022Q3,5384,2022-02-23,NetApp,Technology,Computer Hardware,58220,-6.279
NWS,2022,3,2022Q3,3660,2022-05-08,News Corp (Class B),Communication Services,Entertainment,36750,-9.0479
O,2022,3,2022Q3,3710,2022-11-03,Realty Income,Real Estate,REIT - Retail,52328,3.9463
OKE,2022,3,2022Q3,4235,2022-11-02,ONEOK,Energy,Oil & Gas Midstream,30849,7.6923
ON,2022,3,2022Q3,2495,2022-10-31,ON Semiconductor,Technology,Semiconductors,50512,6.0462
PAYC,2022,3,2022Q3,2807,2022-11-01,Paycom,Technology,Software - Application,45998,-8.106
PH,2022,3,2022Q3,6043,2022-05-05,Parker Hannifin,Industrials,Industrial - Machinery,54006,-18.6558
PM,2022,3,2022Q3,4540,2022-10-20,Philip Morris International,Consumer Defensive,Tobacco,51538,20.6199
PNW,2022,3,2022Q3,5339,2022-11-03,Pinnacle West,Utilities,Regulated Electric,36839,15.7676
POOL,2022,3,2022Q3,2707,2022-10-20,Pool Corporation,Industrials,Industrial - Distribution,60859,10.8379
PSA,2022,3,2022Q3,4787,2022-11-02,Public Storage,Real Estate,REIT - Industrial,47796,-2.8702
PSKY,2022,3,2022Q3,5762,2022-11-02,Paramount Skydance Corp,Communication Services,Entertainment,56367,-7.8769
PSX,2022,3,2022Q3,4064,2022-11-01,Phillips 66,Energy,Oil & Gas Refining & Marketing,36536,-2.8862
PTC,2022,3,2022Q3,2647,2022-07-27,PTC Inc.,Technology,Software - Application,62478,2.2413
PWR,2022,3,2022Q3,4305,2022-11-03,Quanta Services,Industrials,Engineering & Construction,53559,4.7448
RF,2022,3,2022Q3,5467,2022-10-21,Regions Financial Corporation,Financial Services,Banks - Regional,40903,11.3475
RL,2022,3,2022Q3,4645,2022-02-03,Ralph Lauren Corporation,Consumer Cyclical,Apparel - Manufacturers,50367,6.8004
ROP,2022,3,2022Q3,4255,2022-10-26,Roper Technologies,Industrials,Industrial - Machinery,46046,14.7169
SLB,2022,3,2022Q3,7035,2022-10-21,Schlumberger,Energy,Oil & Gas Equipment & Services,47035,12.4535
SPGI,2022,3,2022Q3,7055,2022-10-27,S&P Global,Financial Services,Financial - Data & Stock Exchanges,77868,11.3055
STZ,2022,3,2022Q3,4810,2022-01-06,Constellation Brands,Consumer Defensive,Beverages - Wineries & Distilleries,56545,-14.805
T,2022,3,2022Q3,6156,2022-10-20,AT&T,Communication Services,Telecommunications Services,56262,22.3938
TDG,2022,3,2022Q3,3481,2022-08-09,TransDigm Group,Industrials,Aerospace & Defense,41649,-11.5599
TDY,2022,3,2022Q3,2727,2022-10-26,Teledyne Technologies,Technology,"Hardware, Equipment & Parts",38284,14.1069
TRGP,2022,3,2022Q3,2435,2022-11-03,Targa Resources,Energy,Oil & Gas Midstream,42037,4.6269
TSN,2022,3,2022Q3,4798,2022-08-08,Tyson Foods,Consumer Defensive,Agricultural Farm Products,52132,-17.8616
TT,2022,3,2022Q3,4204,2022-11-02,Trane Technologies,Industrials,Construction,55931,6.9278
TXT,2022,3,2022Q3,6310,2022-10-27,Textron,Industrials,Aerospace & Defense,46380,11.1438
UBER,2022,3,2022Q3,2285,2022-11-01,Uber,Technology,Software - Application,36864,3.3873
UDR,2022,3,2022Q3,3560,2022-10-27,"UDR, Inc.",Real Estate,REIT - Residential,62710,0.9107
VMC,2022,3,2022Q3,5360,2022-11-02,Vulcan Materials Company,Basic Materials,Construction Materials,42781,8.793
VZ,2022,3,2022Q3,6166,2022-10-21,Verizon,Communication Services,Telecommunications Services,60093,0.1892
WFC,2022,3,2022Q3,6410,2022-10-14,Wells Fargo,Financial Services,Banks - Diversified,63446,10.8542
WYNN,2022,3,2022Q3,4387,2022-11-09,Wynn Resorts,Consumer Cyclical,"Gambling, Resorts & Casinos",32289,18.2191
XEL,2022,3,2022Q3,7075,2022-10-27,Xcel Energy,Utilities,Regulated Electric,50619,11.619
A,2022,4,2022Q4,5296,2022-11-21,Agilent Technologies,Healthcare,Medical - Diagnostics & Research,60160,1.7431
ADM,2022,4,2022Q4,6582,2023-01-26,Archer Daniels Midland,Consumer Defensive,Agricultural Farm Products,45325,-10.4125
ADSK,2022,4,2022Q4,5897,2022-02-24,Autodesk,Technology,Software - Application,50920,-7.3013
AIG,2022,4,2022Q4,6289,2023-02-16,American International Group,Financial Services,Insurance - Diversified,56151,-18.5509
AIZ,2022,4,2022Q4,4612,2023-02-08,Assurant,Financial Services,Insurance - Specialty,42571,-17.2134
AJG,2022,4,2022Q4,3490,2023-01-26,Arthur J. Gallagher & Co.,Financial Services,Insurance - Brokers,39262,-8.7605
AMD,2022,4,2022Q4,3299,2023-01-31,Advanced Micro Devices,Technology,Semiconductors,53254,28.5429
AOS,2022,4,2022Q4,3207,2023-01-31,A. O. Smith,Industrials,Industrial - Machinery,46967,11.9375
APD,2022,4,2022Q4,6095,2022-11-03,Air Products,Basic Materials,Chemicals - Specialty,61420,29.0615
AVB,2022,4,2022Q4,4654,2023-02-09,AvalonBay Communities,Real Estate,REIT - Residential,71585,-13.1443
AWK,2022,4,2022Q4,3568,2023-02-16,American Water Works,Utilities,Regulated Water,30385,-1.8492
AXP,2022,4,2022Q4,6338,2023-01-27,American Express,Financial Services,Financial - Credit Services,59950,1.1227
BG,2022,4,2022Q4,2376,2023-02-08,Bunge Global,Consumer Defensive,Agricultural Farm Products,44019,-5.477
BKNG,2022,4,2022Q4,4284,2023-02-23,Booking Holdings,Consumer Cyclical,Travel Services,56712,6.0202
BKR,2022,4,2022Q4,3249,2023-01-23,Baker Hughes,Energy,Oil & Gas Equipment & Services,51460,2.1886
BMY,2022,4,2022Q4,6612,2023-02-02,Bristol Myers Squibb,Healthcare,Drug Manufacturers - General,55019,-6.5983
BSX,2022,4,2022Q4,5751,2023-02-01,Boston Scientific,Healthcare,Medical - Devices,52895,4.4324
BX,2022,4,2022Q4,2328,2023-01-26,Blackstone Inc.,Financial Services,Asset Management,57521,-9.7232
CARR,2022,4,2022Q4,2776,2023-02-07,Carrier Global,Industrials,Construction,55567,-4.2687
CDNS,2022,4,2022Q4,3177,2023-02-13,Cadence Design Systems,Technology,Software - Application,54242,10.9316
CDW,2022,4,2022Q4,2887,2023-02-08,CDW,Technology,Information Technology Services,60499,-4.1096
CINF,2022,4,2022Q4,5536,2023-02-07,Cincinnati Financial,Financial Services,Insurance - Property & Casualty,40170,-6.5493
CMI,2022,4,2022Q4,6541,2023-02-06,Cummins,Industrials,Industrial - Machinery,50389,-8.4885
CMS,2022,4,2022Q4,6642,2023-02-02,CMS Energy,Utilities,Regulated Electric,57534,-3.7351
COIN,2022,4,2022Q4,2069,2023-02-21,Coinbase Global,Financial Services,Financial - Data & Stock Exchanges,46348,-2.0783
COR,2022,4,2022Q4,5108,2022-11-03,Cencora,Healthcare,Medical - Distribution,48333,7.7385
CPT,2022,4,2022Q4,2524,2023-02-03,Camden Property Trust,Real Estate,REIT - Residential,75070,-18.1854
CRL,2022,4,2022Q4,2635,2023-02-22,Charles River Laboratories,Healthcare,Medical - Diagnostics & Research,76047,-19.647
CRM,2022,4,2022Q4,4450,2022-03-01,Salesforce,Technology,Software - Application,56230,-6.3048
CVX,2022,4,2022Q4,6693,2023-01-27,Chevron Corporation,Energy,Oil & Gas Integrated,54668,-15.4854
DASH,2022,4,2022Q4,2079,2023-02-16,DoorDash,Communication Services,Internet Content & Information,46625,-4.4102
DLTR,2022,4,2022Q4,4082,2023-03-01,Dollar Tree,Consumer Defensive,Discount Stores,48938,2.478
DOW,2022,4,2022Q4,2966,2023-01-26,Dow Inc.,Basic Materials,Chemicals,50718,-6.9269
DRI,2022,4,2022Q4,5703,2022-06-23,Darden Restaurants,Consumer Cyclical,Restaurants,66334,7.3489
DUK,2022,4,2022Q4,6379,2023-02-09,Duke Energy,Utilities,Regulated Electric,37053,-4.8498
DVN,2022,4,2022Q4,5274,2023-02-15,Devon Energy,Energy,Oil & Gas Exploration & Production,55875,-22.0363
EFX,2022,4,2022Q4,5618,2023-02-09,Equifax,Industrials,Consulting Services,107087,-10.2725
ELV,2022,4,2022Q4,4983,2023-01-25,Elevance Health,Healthcare,Medical - Healthcare Plans,68364,-3.8786
EME,2022,4,2022Q4,2009,2023-02-25,"EMCOR Group, Inc.",Industrials,Engineering & Construction,64600,-6.4041
ES,2022,4,2022Q4,4294,2023-02-14,Eversource Energy,Utilities,Regulated Electric,52875,-3.4126
ETR,2022,4,2022Q4,6744,2023-02-16,Entergy,Utilities,Regulated Electric,51954,0.1673
EVRG,2022,4,2022Q4,3125,2023-02-24,Evergy,Utilities,Regulated Electric,48652,3.4233
F,2022,4,2022Q4,6764,2023-02-02,Ford Motor Company,Consumer Cyclical,Auto - Manufacturers,52481,-21.9274
FITB,2022,4,2022Q4,5681,2023-01-19,Fifth Third Bancorp,Financial Services,Banks - Regional,52372,10.7274
FRT,2022,4,2022Q4,3578,2023-02-08,Federal Realty Investment Trust,Real Estate,REIT - Retail,43788,-15.2761
FSLR,2022,4,2022Q4,2414,2023-02-28,First Solar,Energy,Solar,57911,24.9024
FTNT,2022,4,2022Q4,3062,2023-02-07,Fortinet,Technology,Software - Infrastructure,59220,17.6088
GIS,2022,4,2022Q4,6795,2022-06-29,General Mills,Consumer Defensive,Packaged Foods,34675,9.536
GM,2022,4,2022Q4,3922,2023-01-31,General Motors,Consumer Cyclical,Auto - Manufacturers,55687,-5.4009
HAS,2022,4,2022Q4,6125,2023-02-16,Hasbro,Consumer Cyclical,Leisure,56230,-8.0336
HLT,2022,4,2022Q4,3279,2023-02-09,Hilton Worldwide,Consumer Cyclical,Travel Lodging,56463,-10.4902
HPQ,2022,4,2022Q4,6448,2022-11-22,HP Inc.,Technology,Computer Hardware,59953,-2.5187
ICE,2022,4,2022Q4,4580,2023-02-02,Intercontinental Exchange,Financial Services,Financial - Data & Stock Exchanges,53862,-11.0173
INCY,2022,4,2022Q4,3369,2023-02-07,Incyte,Healthcare,Biotechnology,50971,-14.3433
IPG,2022,4,2022Q4,5856,2023-02-09,Interpublic Group of Companies (The),Communication Services,Advertising Agencies,49808,-8.2002
JCI,2022,4,2022Q4,4214,2022-11-03,Johnson Controls,Industrials,Construction,52309,10.9263
KDP,2022,4,2022Q4,2484,2023-02-23,Keurig Dr Pepper,Consumer Defensive,Beverages - Non-Alcoholic,49163,-0.3913
KIM,2022,4,2022Q4,4704,2023-02-09,Kimco Realty,Real Estate,REIT - Retail,50987,-18.7274
KLAC,2022,4,2022Q4,5578,2022-07-28,KLA Corporation,Technology,Semiconductors,36860,-3.3813
KO,2022,4,2022Q4,6876,2023-02-14,Coca-Cola Company (The),Consumer Defensive,Beverages - Non-Alcoholic,52716,2.0792
L,2022,4,2022Q4,5710,2023-02-05,Loews Corporation,Financial Services,Insurance - Property & Casualty,23748,-6.7887
LIN,2022,4,2022Q4,5866,2023-02-07,Linde plc,Basic Materials,Chemicals - Specialty,46141,5.0455
LMT,2022,4,2022Q4,6894,2023-01-24,Lockheed Martin,Industrials,Aerospace & Defense,56210,8.6612
LNT,2022,4,2022Q4,3469,2023-02-24,Alliant Energy,Utilities,Regulated Electric,34363,3.6422
LULU,2022,4,2022Q4,2303,2023-03-28,Lululemon Athletica,Consumer Cyclical,Apparel - Retail,49408,17.7984
LYB,2022,4,2022Q4,4009,2023-02-03,LyondellBasell,Basic Materials,Chemicals - Specialty,51463,-9.5683
LYV,2022,4,2022Q4,2816,2023-02-23,Live Nation Entertainment,Communication Services,Entertainment,46818,-8.8378
MAA,2022,4,2022Q4,3389,2023-02-02,Mid-America Apartment Communities,Real Estate,REIT - Residential,65885,-13.7438
MCHP,2022,4,2022Q4,4592,2022-05-09,Microchip Technology,Technology,Semiconductors,58840,-9.9518
MET,2022,4,2022Q4,5170,2023-02-02,MetLife,Financial Services,Insurance - Life,50735,-24.5047
MKC,2022,4,2022Q4,4923,2023-01-26,McCormick & Company,Consumer Defensive,Packaged Foods,74408,-9.0151
MLM,2022,4,2022Q4,3790,2023-02-15,Martin Marietta Materials,Basic Materials,Construction Materials,58517,-1.6002
MMC,2022,4,2022Q4,5996,2023-01-26,Marsh McLennan,Financial Services,Insurance - Brokers,51156,-9.2798
MMM,2022,4,2022Q4,6904,2023-01-24,3M,Industrials,Conglomerates,61844,-12.6122
MOS,2022,4,2022Q4,4113,2023-02-23,Mosaic Company (The),Basic Materials,Agricultural Inputs,47033,-13.008
MPWR,2022,4,2022Q4,2676,2023-02-08,Monolithic Power Systems,Technology,Semiconductors,45146,4.838
NSC,2022,4,2022Q4,6953,2023-01-25,Norfolk Southern Railway,Industrials,Railroads,66213,-16.6758
NWS,2022,4,2022Q4,3659,2022-08-08,News Corp (Class B),Communication Services,Entertainment,41084,-7.1104
NWSA,2022,4,2022Q4,3902,2022-08-08,News Corp (Class A),Communication Services,Entertainment,41084,-7.8296
OMC,2022,4,2022Q4,5527,2023-02-07,Omnicom Group,Communication Services,Advertising Agencies,47228,-2.5187
ORCL,2022,4,2022Q4,5914,2022-06-13,Oracle Corporation,Technology,Software - Infrastructure,36406,20.281
PEP,2022,4,2022Q4,6983,2023-02-09,PepsiCo,Consumer Defensive,Beverages - Non-Alcoholic,35251,4.6331
PFE,2022,4,2022Q4,6993,2023-01-31,Pfizer,Healthcare,Drug Manufacturers - General,74326,-7.5086
PHM,2022,4,2022Q4,6135,2023-01-31,PulteGroup,Consumer Cyclical,Residential Construction,55144,5.0587
PLTR,2022,4,2022Q4,2177,2023-02-13,Palantir Technologies,Technology,Software - Infrastructure,38340,8.0158
PSKY,2022,4,2022Q4,5761,2023-02-16,Paramount Skydance Corp,Communication Services,Entertainment,54300,-6.0685
SJM,2022,4,2022Q4,4398,2022-06-07,J.M. Smucker Company (The),Consumer Defensive,Packaged Foods,31185,4.4459
SNA,2022,4,2022Q4,6203,2023-02-02,Snap-on,Industrials,Manufacturing - Tools & Accessories,60882,-7.441
TER,2022,4,2022Q4,2716,2023-01-26,Teradyne,Technology,Semiconductors,48734,-2.0785
TRGP,2022,4,2022Q4,2434,2023-02-22,Targa Resources,Energy,Oil & Gas Midstream,55856,2.7152
TTD,2022,4,2022Q4,2049,2023-02-15,"The Trade Desk, Inc.",Technology,Software - Application,69153,20.3726
UPS,2022,4,2022Q4,5045,2023-01-31,United Parcel Service,Industrials,Integrated Freight & Logistics,56867,4.1758
URI,2022,4,2022Q4,3780,2023-01-26,United Rentals,Industrials,Rental & Leasing Services,55888,9.3763
VRTX,2022,4,2022Q4,3880,2023-02-07,Vertex Pharmaceuticals,Healthcare,Biotechnology,57152,-1.2284
VTR,2022,4,2022Q4,4346,2023-02-10,Ventas,Real Estate,REIT - Healthcare Facilities,48778,-15.1137
VTRS,2022,4,2022Q4,4872,2023-02-27,Viatris,Healthcare,Drug Manufacturers - Specialty & Generic,61402,-13.901
WEC,2022,4,2022Q4,4408,2023-02-02,WEC Energy Group,Utilities,Regulated Electric,48016,-0.6849
WSM,2022,4,2022Q4,2103,2023-03-16,Williams-Sonoma,Consumer Cyclical,Specialty Retail,48275,2.0401
WY,2022,4,2022Q4,6299,2023-01-27,Weyerhaeuser,Real Estate,REIT - Specialty,59372,-10.3715
XOM,2022,4,2022Q4,7084,2023-01-31,ExxonMobil,Energy,Oil & Gas Integrated,56433,-10.5143
ADBE,2023,1,2023Q1,5649,2023-03-15,Adobe Inc.,Technology,Software - Infrastructure,56237,13.1741
AIG,2023,1,2023Q1,6288,2023-05-05,American International Group,Financial Services,Insurance - Diversified,55139,12.4298
AIZ,2023,1,2023Q1,4611,2023-05-03,Assurant,Financial Services,Insurance - Specialty,42245,6.5635
AMGN,2023,1,2023Q1,5875,2023-04-27,Amgen,Healthcare,Drug Manufacturers - General,63454,-9.5615
APA,2023,1,2023Q1,5607,2023-05-04,APA Corporation,Energy,Oil & Gas Exploration & Production,47221,0.6146
APD,2023,1,2023Q1,6094,2023-02-02,Air Products,Basic Materials,Chemicals - Specialty,64373,-13.6391
APH,2023,1,2023Q1,4427,2023-04-26,Amphenol,Technology,"Hardware, Equipment & Parts",48864,5.2885
ARE,2023,1,2023Q1,3308,2023-04-25,Alexandria Real Estate Equities,Real Estate,REIT - Office,71322,0.0
ATO,2023,1,2023Q1,3007,2023-02-08,Atmos Energy,Utilities,Regulated Gas,21148,-8.8794
BAX,2023,1,2023Q1,6477,2023-04-27,Baxter International,Healthcare,Medical - Instruments & Supplies,50975,-8.9193
BEN,2023,1,2023Q1,5506,2023-01-30,Franklin Resources,Financial Services,Asset Management,51793,-11.0677
BLDR,2023,1,2023Q1,2262,2023-05-03,Builders FirstSource,Industrials,Construction,55905,29.2122
BLK,2023,1,2023Q1,4162,2023-04-14,BlackRock,Financial Services,Asset Management,49411,0.2341
BMY,2023,1,2023Q1,6611,2023-04-27,Bristol Myers Squibb,Healthcare,Drug Manufacturers - General,58464,-4.7339
CAT,2023,1,2023Q1,6621,2023-04-27,Caterpillar Inc.,Industrials,Agricultural - Machinery,58535,8.7146
CBRE,2023,1,2023Q1,4673,2023-04-27,CBRE Group,Real Estate,Real Estate - Services,34895,12.8682
CCI,2023,1,2023Q1,4072,2023-04-20,Crown Castle,Real Estate,REIT - Specialty,61070,-14.6387
CDW,2023,1,2023Q1,2886,2023-05-03,CDW,Technology,Information Technology Services,64968,6.1599
CHRW,2023,1,2023Q1,4631,2023-04-26,C.H. Robinson,Industrials,Integrated Freight & Logistics,50912,-2.9946
CINF,2023,1,2023Q1,5535,2023-04-28,Cincinnati Financial,Financial Services,Insurance - Property & Casualty,44696,-0.5405
CLX,2023,1,2023Q1,6530,2022-11-01,Clorox,Consumer Defensive,Household & Personal Products,47800,-0.2045
CMS,2023,1,2023Q1,6641,2023-04-27,CMS Energy,Utilities,Regulated Electric,60241,-1.6688
CNC,2023,1,2023Q1,3538,2023-04-25,Centene Corporation,Healthcare,Medical - Healthcare Plans,66714,0.0443
COP,2023,1,2023Q1,6651,2023-05-04,ConocoPhillips,Energy,Oil & Gas Exploration & Production,29456,9.1893
CPRT,2023,1,2023Q1,3093,2022-11-17,Copart,Consumer Cyclical,Auto - Dealerships,31859,-0.9349
CPT,2023,1,2023Q1,2523,2023-04-28,Camden Property Trust,Real Estate,REIT - Residential,48134,5.0878
CVX,2023,1,2023Q1,6692,2023-04-28,Chevron Corporation,Energy,Oil & Gas Integrated,50743,-5.7622
DD,2023,1,2023Q1,2955,2023-05-02,DuPont,Basic Materials,Chemicals - Specialty,54175,0.7923
DDOG,2023,1,2023Q1,2058,2023-05-04,Datadog,Technology,Software - Application,50865,45.4283
DLR,2023,1,2023Q1,3509,2023-04-27,Digital Realty,Real Estate,REIT - Office,58814,3.5381
DVN,2023,1,2023Q1,5273,2023-05-09,Devon Energy,Energy,Oil & Gas Exploration & Production,58056,-6.4902
DXCM,2023,1,2023Q1,2765,2023-04-27,Dexcom,Healthcare,Medical - Devices,49181,-0.4723
ERIE,2023,1,2023Q1,2166,2023-04-28,Erie Indemnity,Financial Services,Insurance - Brokers,12169,-1.4541
ETN,2023,1,2023Q1,6733,2023-05-02,Eaton Corporation,Industrials,Industrial - Machinery,60328,14.3915
FANG,2023,1,2023Q1,3017,2023-05-02,Diamondback Energy,Energy,Oil & Gas Exploration & Production,48261,-10.6743
FAST,2023,1,2023Q1,4459,2023-04-13,Fastenal,Industrials,Industrial - Distribution,56820,3.3866
FCX,2023,1,2023Q1,4132,2023-04-21,Freeport-McMoRan,Basic Materials,Copper,57164,-10.4449
FE,2023,1,2023Q1,5555,2023-04-28,FirstEnergy,Utilities,Regulated Electric,44352,-5.7636
HAS,2023,1,2023Q1,6124,2023-04-27,Hasbro,Consumer Cyclical,Leisure,36713,17.2729
HBAN,2023,1,2023Q1,5587,2023-04-20,Huntington Bancshares,Financial Services,Banks - Regional,53125,-8.0236
HCA,2023,1,2023Q1,3749,2023-04-21,HCA Healthcare,Healthcare,Medical - Care Facilities,44469,0.5355
HD,2023,1,2023Q1,5975,2023-05-16,Home Depot (The),Consumer Cyclical,Home Improvement,52361,6.6819
HIG,2023,1,2023Q1,6813,2023-04-28,Hartford (The),Financial Services,Insurance - Diversified,49214,2.1885
HII,2023,1,2023Q1,3156,2023-05-04,Huntington Ingalls Industries,Industrials,Aerospace & Defense,51720,12.3654
HSIC,2023,1,2023Q1,3728,2023-05-09,Henry Schein,Healthcare,Medical - Distribution,54120,-0.1128
IBM,2023,1,2023Q1,6845,2023-04-19,IBM,Technology,Information Technology Services,51081,1.5965
IEX,2023,1,2023Q1,2896,2023-04-27,IDEX Corporation,Industrials,Industrial - Machinery,46282,-1.3919
JBL,2023,1,2023Q1,2273,2022-12-15,Jabil,Technology,"Hardware, Equipment & Parts",45658,8.3058
KEYS,2023,1,2023Q1,3051,2023-02-21,Keysight Technologies,Technology,"Hardware, Equipment & Parts",48696,-14.7666
KIM,2023,1,2023Q1,4703,2023-04-27,Kimco Realty,Real Estate,REIT - Retail,46570,3.9657
KO,2023,1,2023Q1,6875,2023-04-24,Coca-Cola Company (The),Consumer Defensive,Beverages - Non-Alcoholic,49183,-5.8392
KR,2023,1,2023Q1,6884,2022-06-16,Kroger,Consumer Defensive,Grocery Stores,53647,-8.1368
LHX,2023,1,2023Q1,4437,2023-04-28,L3Harris,Industrials,Aerospace & Defense,37143,-4.4848
LOW,2023,1,2023Q1,6144,2023-05-23,Lowe's,Consumer Cyclical,Home Improvement,55810,9.2493
LULU,2023,1,2023Q1,2302,2023-06-01,Lululemon Athletica,Consumer Cyclical,Apparel - Retail,50393,17.3808
MAA,2023,1,2023Q1,3388,2023-04-27,Mid-America Apartment Communities,Real Estate,REIT - Residential,59613,4.6608
MAR,2023,1,2023Q1,5495,2023-05-02,Marriott International,Consumer Cyclical,Travel Lodging,51786,6.6533
MAS,2023,1,2023Q1,6244,2023-04-26,Masco,Industrials,Construction,52336,8.7779
MCK,2023,1,2023Q1,5404,2022-08-03,McKesson Corporation,Healthcare,Medical - Distribution,53355,5.8545
META,2023,1,2023Q1,3839,2023-04-26,Meta Platforms,Communication Services,Internet Content & Information,57066,26.5282
MGM,2023,1,2023Q1,3216,2023-05-01,MGM Resorts,Consumer Cyclical,"Gambling, Resorts & Casinos",49626,-4.7785
MHK,2023,1,2023Q1,3849,2023-04-28,Mohawk Industries,Consumer Cyclical,"Furnishings, Fixtures & Appliances",61962,-2.1563
MLM,2023,1,2023Q1,3789,2023-05-04,Martin Marietta Materials,Basic Materials,Construction Materials,52800,15.7346
MMM,2023,1,2023Q1,6903,2023-04-25,3M,Industrials,Conglomerates,60087,-3.8707
MSFT,2023,1,2023Q1,5803,2022-10-25,Microsoft,Technology,Software - Infrastructure,55956,-1.3006
MTB,2023,1,2023Q1,4881,2023-04-17,M&T Bank,Financial Services,Banks - Regional,64384,7.4106
MTCH,2023,1,2023Q1,2602,2023-05-03,Match Group,Communication Services,Internet Content & Information,56853,25.1807
MU,2023,1,2023Q1,5771,2022-12-21,Micron Technology,Technology,Semiconductors,45039,18.3504
NEM,2023,1,2023Q1,6518,2023-04-27,Newmont,Basic Materials,Gold,58851,-12.0679
NRG,2023,1,2023Q1,4243,2023-05-04,NRG Energy,Utilities,Independent Power Producers,23818,2.0335
NTAP,2023,1,2023Q1,5382,2022-08-24,NetApp,Technology,Computer Hardware,56429,-9.2557
NWSA,2023,1,2023Q1,3901,2022-11-08,News Corp (Class A),Communication Services,Entertainment,34103,4.213
ORLY,2023,1,2023Q1,4325,2023-04-27,O'Reilly Auto Parts,Consumer Cyclical,Specialty Retail,58490,1.4427
OXY,2023,1,2023Q1,6962,2023-05-10,Occidental Petroleum,Energy,Oil & Gas Exploration & Production,50209,0.7036
PCAR,2023,1,2023Q1,6278,2023-04-25,Paccar,Industrials,Agricultural - Machinery,40838,3.2805
PEG,2023,1,2023Q1,6972,2023-05-02,Public Service Enterprise Group,Utilities,Regulated Electric,54013,-1.9164
PEP,2023,1,2023Q1,6982,2023-04-25,PepsiCo,Consumer Defensive,Beverages - Non-Alcoholic,25550,-2.9057
PFE,2023,1,2023Q1,6992,2023-05-02,Pfizer,Healthcare,Drug Manufacturers - General,71764,0.3826
PG,2023,1,2023Q1,7003,2022-10-19,Procter & Gamble,Consumer Defensive,Household & Personal Products,49095,16.2655
PM,2023,1,2023Q1,4538,2023-04-20,Philip Morris International,Consumer Defensive,Tobacco,57159,-9.5853
PODD,2023,1,2023Q1,2385,2023-05-04,Insulet Corporation,Healthcare,Medical - Devices,65485,-10.4025
PPL,2023,1,2023Q1,5096,2023-05-04,PPL Corporation,Utilities,Regulated Electric,40334,-5.265
PTC,2023,1,2023Q1,2645,2023-02-01,PTC Inc.,Technology,Software - Application,62782,-14.0468
RJF,2023,1,2023Q1,3318,2023-01-25,Raymond James Financial,Financial Services,Financial - Capital Markets,56440,-19.6935
RL,2023,1,2023Q1,4643,2022-08-09,Ralph Lauren Corporation,Consumer Cyclical,Apparel - Manufacturers,48636,-8.7485
RMD,2023,1,2023Q1,3238,2022-10-27,ResMed,Healthcare,Medical - Instruments & Supplies,58978,-4.9034
ROST,2023,1,2023Q1,4262,2023-05-17,Ross Stores,Consumer Cyclical,Apparel - Retail,36215,7.072
STT,2023,1,2023Q1,4932,2023-04-17,State Street Corporation,Financial Services,Asset Management,67773,-13.37
STX,2023,1,2023Q1,4020,2022-10-28,Seagate Technology,Technology,Computer Hardware,60134,7.0439
STZ,2023,1,2023Q1,4808,2022-06-30,Constellation Brands,Consumer Defensive,Beverages - Wineries & Distilleries,50385,0.041
TMUS,2023,1,2023Q1,2923,2023-04-27,T-Mobile US,Communication Services,Telecommunications Services,62133,-12.7784
TSN,2023,1,2023Q1,4796,2023-02-06,Tyson Foods,Consumer Defensive,Agricultural Farm Products,71242,-9.0583
VLO,2023,1,2023Q1,4942,2023-04-27,Valero Energy,Energy,Oil & Gas Refining & Marketing,33938,-2.7864
VMC,2023,1,2023Q1,5358,2023-05-04,Vulcan Materials Company,Basic Materials,Construction Materials,31131,16.062
VZ,2023,1,2023Q1,6164,2023-04-25,Verizon,Communication Services,Telecommunications Services,53959,-4.9596
WAT,2023,1,2023Q1,5064,2023-05-09,Waters Corporation,Healthcare,Medical - Diagnostics & Research,52054,-12.2192
WBD,2023,1,2023Q1,2513,2023-05-05,Warner Bros. Discovery,Communication Services,Entertainment,57675,-1.1354
WDC,2023,1,2023Q1,4315,2022-10-27,Western Digital,Technology,Computer Hardware,47593,1.2003
WEC,2023,1,2023Q1,4407,2023-05-01,WEC Energy Group,Utilities,Regulated Electric,42718,-6.1246
YUM,2023,1,2023Q1,5565,2023-05-03,Yum! Brands,Consumer Cyclical,Restaurants,43028,-2.5892
ABT,2023,2,2023Q2,6570,2023-07-19,Abbott Laboratories,Healthcare,Medical - Devices,47977,-2.3749
AKAM,2023,2,2023Q2,4600,2023-08-08,Akamai Technologies,Technology,Software - Infrastructure,47957,13.6704
AMP,2023,2,2023Q2,4774,2023-07-27,Ameriprise Financial,Financial Services,Asset Management,51968,-2.6602
AON,2023,2,2023Q2,5669,2023-07-28,Aon,Financial Services,Insurance - Brokers,57505,-1.16
APO,2023,2,2023Q2,2111,2023-08-03,Apollo Global Management,Financial Services,Asset Management - Global,50617,12.8489
BAX,2023,2,2023Q2,6476,2023-07-27,Baxter International,Healthcare,Medical - Instruments & Supplies,51563,-21.001
CAT,2023,2,2023Q2,6620,2023-08-01,Caterpillar Inc.,Industrials,Agricultural - Machinery,56431,4.054
CBRE,2023,2,2023Q2,4672,2023-07-27,CBRE Group,Real Estate,Real Estate - Services,38533,-3.531
CCL,2023,2,2023Q2,5413,2023-06-26,Carnival,Consumer Cyclical,Leisure,50679,13.4177
CEG,2023,2,2023Q2,2551,2023-08-06,Constellation Energy,Utilities,Renewable Utilities,40863,6.3498
CF,2023,2,2023Q2,4468,2023-08-03,CF Industries,Basic Materials,Agricultural Inputs,45792,1.7979
CHRW,2023,2,2023Q2,4630,2023-08-02,C.H. Robinson,Industrials,Integrated Freight & Logistics,53457,-7.0813
CHTR,2023,2,2023Q2,3427,2023-07-28,Charter Communications,Communication Services,Telecommunications Services,51090,8.691
CI,2023,2,2023Q2,6356,2023-08-03,Cigna,Healthcare,Medical - Healthcare Plans,57306,-5.4041
CL,2023,2,2023Q2,6630,2023-07-28,Colgate-Palmolive,Consumer Defensive,Household & Personal Products,42462,-4.098
CLX,2023,2,2023Q2,6529,2023-02-02,Clorox,Consumer Defensive,Household & Personal Products,58633,10.9574
COP,2023,2,2023Q2,6650,2023-08-03,ConocoPhillips,Energy,Oil & Gas Exploration & Production,49196,6.9037
COST,2023,2,2023Q2,5835,2023-03-02,Costco,Consumer Defensive,Discount Stores,52863,1.6986
CPRT,2023,2,2023Q2,3092,2023-02-21,Copart,Consumer Cyclical,Auto - Dealerships,30208,10.614
DASH,2023,2,2023Q2,2077,2023-08-02,DoorDash,Communication Services,Internet Content & Information,45223,-5.8735
DD,2023,2,2023Q2,2954,2023-08-02,DuPont,Basic Materials,Chemicals - Specialty,48645,-2.4201
DTE,2023,2,2023Q2,6712,2023-07-27,DTE Energy,Utilities,Regulated Electric,37026,-11.4007
DUK,2023,2,2023Q2,6377,2023-08-08,Duke Energy,Utilities,Regulated Electric,29647,5.2532
EME,2023,2,2023Q2,2007,2023-07-27,"EMCOR Group, Inc.",Industrials,Engineering & Construction,51927,17.7378
EMR,2023,2,2023Q2,6550,2023-05-03,Emerson Electric,Industrials,Industrial - Machinery,48680,7.0664
EPAM,2023,2,2023Q2,2572,2023-08-03,EPAM Systems,Technology,Information Technology Services,53728,11.2959
EQIX,2023,2,2023Q2,3717,2023-08-02,Equinix,Real Estate,REIT - Specialty,57178,-3.6506
ES,2023,2,2023Q2,4292,2023-08-01,Eversource Energy,Utilities,Regulated Electric,46195,-12.4153
ETN,2023,2,2023Q2,6732,2023-08-01,Eaton Corporation,Industrials,Industrial - Machinery,65383,7.8365
F,2023,2,2023Q2,6762,2023-07-27,Ford Motor Company,Consumer Cyclical,Auto - Manufacturers,43783,-10.0219
FDX,2023,2,2023Q2,6267,2022-12-20,FedEx,Industrials,Integrated Freight & Logistics,52405,28.1351
FFIV,2023,2,2023Q2,4181,2023-04-19,"F5, Inc.",Technology,Software - Infrastructure,44538,7.0777
FISV,2023,2,2023Q2,5126,2023-07-27,"Fiserv, Inc.",Technology,Information Technology Services,52374,-4.4776
FTNT,2023,2,2023Q2,3060,2023-08-03,Fortinet,Technology,Software - Infrastructure,55185,-20.2086
GDDY,2023,2,2023Q2,2202,2023-08-03,GoDaddy,Technology,Software - Infrastructure,51045,-0.6207
GEHC,2023,2,2023Q2,2394,2023-07-25,GE HealthCare,Healthcare,Medical - Healthcare Information Services,54473,-16.9292
GM,2023,2,2023Q2,3920,2023-07-25,General Motors,Consumer Cyclical,Auto - Manufacturers,59407,-16.4885
HPQ,2023,2,2023Q2,6446,2023-05-30,HP Inc.,Technology,Computer Hardware,52172,6.0136
ICE,2023,2,2023Q2,4578,2023-08-03,Intercontinental Exchange,Financial Services,Financial - Data & Stock Exchanges,51778,0.6261
IFF,2023,2,2023Q2,6417,2023-08-08,International Flavors & Fragrances,Basic Materials,Chemicals - Specialty,61975,5.7888
IP,2023,2,2023Q2,6854,2023-07-27,International Paper,Consumer Cyclical,Packaging & Containers,55566,2.5466
ISRG,2023,2,2023Q2,4518,2023-07-20,Intuitive Surgical,Healthcare,Medical - Instruments & Supplies,50460,-10.7145
JBL,2023,2,2023Q2,2272,2023-03-16,Jabil,Technology,"Hardware, Equipment & Parts",39562,-2.7138
JPM,2023,2,2023Q2,6427,2023-07-14,JPMorgan Chase,Financial Services,Banks - Diversified,56690,-1.2225
KHC,2023,2,2023Q2,3687,2023-08-02,Kraft Heinz,Consumer Defensive,Packaged Foods,27874,-5.8807
KO,2023,2,2023Q2,6874,2023-07-26,Coca-Cola Company (The),Consumer Defensive,Beverages - Non-Alcoholic,50970,-6.2972
LDOS,2023,2,2023Q2,2905,2023-08-01,Leidos,Technology,Information Technology Services,56691,1.6038
LEN,2023,2,2023Q2,4764,2023-06-15,Lennar,Consumer Cyclical,Residential Construction,62741,10.5272
LHX,2023,2,2023Q2,4436,2023-07-27,L3Harris,Industrials,Aerospace & Defense,32899,-17.0912
LIN,2023,2,2023Q2,5864,2023-07-27,Linde plc,Basic Materials,Chemicals - Specialty,56265,-0.3606
LMT,2023,2,2023Q2,6892,2023-07-18,Lockheed Martin,Industrials,Aerospace & Defense,56508,-4.5897
LVS,2023,2,2023Q2,2875,2023-07-19,Las Vegas Sands,Consumer Cyclical,"Gambling, Resorts & Casinos",49038,-8.0456
LW,2023,2,2023Q2,3027,2023-01-05,Lamb Weston,Consumer Defensive,Packaged Foods,36759,14.8605
LYB,2023,2,2023Q2,4007,2023-08-04,LyondellBasell,Basic Materials,Chemicals - Specialty,52032,4.2518
MAS,2023,2,2023Q2,6243,2023-07-27,Masco,Industrials,Construction,50292,-8.7323
MCK,2023,2,2023Q2,5403,2022-11-01,McKesson Corporation,Healthcare,Medical - Distribution,57362,-3.6017
MET,2023,2,2023Q2,5168,2023-08-03,MetLife,Financial Services,Insurance - Life,49795,4.6215
MMC,2023,2,2023Q2,5994,2023-07-20,Marsh McLennan,Financial Services,Insurance - Brokers,49303,4.0724
MNST,2023,2,2023Q2,4041,2023-08-03,Monster Beverage,Consumer Defensive,Beverages - Non-Alcoholic,39563,-2.9493
MOS,2023,2,2023Q2,4111,2023-08-02,Mosaic Company (The),Basic Materials,Agricultural Inputs,45498,-3.4551
MTCH,2023,2,2023Q2,2601,2023-08-02,Match Group,Communication Services,Internet Content & Information,52033,-4.572
MTD,2023,2,2023Q2,3437,2023-07-27,Mettler Toledo,Healthcare,Medical - Diagnostics & Research,64601,-14.7379
NDSN,2023,2,2023Q2,2542,2023-05-23,Nordson Corporation,Industrials,Industrial - Machinery,44191,12.0468
NRG,2023,2,2023Q2,4242,2023-08-08,NRG Energy,Utilities,Independent Power Producers,32798,3.6514
NWS,2023,2,2023Q2,3657,2023-02-09,News Corp (Class B),Communication Services,Entertainment,36603,-20.4796
ON,2023,2,2023Q2,2492,2023-07-31,ON Semiconductor,Technology,Semiconductors,53601,-7.898
OXY,2023,2,2023Q2,6961,2023-08-03,Occidental Petroleum,Energy,Oil & Gas Exploration & Production,57992,6.6067
PCG,2023,2,2023Q2,2452,2023-07-27,PG&E Corporation,Utilities,Regulated Electric,38212,-5.2514
PEG,2023,2,2023Q2,6971,2023-08-01,Public Service Enterprise Group,Utilities,Regulated Electric,49958,-3.533
PLD,2023,2,2023Q2,4900,2023-07-18,Prologis,Real Estate,REIT - Industrial,48949,-2.2504
PNC,2023,2,2023Q2,5964,2023-07-18,PNC Financial Services,Financial Services,Banks - Regional,36491,-5.1667
PPL,2023,2,2023Q2,5095,2023-08-04,PPL Corporation,Utilities,Regulated Electric,29029,-3.605
PRU,2023,2,2023Q2,5033,2023-08-02,Prudential Financial,Financial Services,Insurance - Life,48675,2.9064
PSKY,2023,2,2023Q2,5759,2023-08-07,Paramount Skydance Corp,Communication Services,Entertainment,50847,-15.3699
PSX,2023,2,2023Q2,4061,2023-08-02,Phillips 66,Energy,Oil & Gas Refining & Marketing,51992,9.6869
REGN,2023,2,2023Q2,3930,2023-08-03,Regeneron Pharmaceuticals,Healthcare,Biotechnology,52489,6.878
RF,2023,2,2023Q2,5464,2023-07-21,Regions Financial Corporation,Financial Services,Banks - Regional,44589,-8.7961
RL,2023,2,2023Q2,4642,2022-11-10,Ralph Lauren Corporation,Consumer Cyclical,Apparel - Manufacturers,50811,15.6472
RMD,2023,2,2023Q2,3237,2023-01-26,ResMed,Healthcare,Medical - Instruments & Supplies,62321,-10.9448
ROK,2023,2,2023Q2,5305,2023-04-27,Rockwell Automation,Industrials,Industrial - Machinery,47508,12.8848
SNA,2023,2,2023Q2,6201,2023-07-20,Snap-on,Industrials,Manufacturing - Tools & Accessories,53646,-8.7357
SPG,2023,2,2023Q2,5053,2023-08-02,Simon Property Group,Real Estate,REIT - Retail,39311,-6.1664
STE,2023,2,2023Q2,2826,2022-11-10,Steris,Healthcare,Medical - Devices,31059,13.0948
STT,2023,2,2023Q2,4931,2023-07-14,State Street Corporation,Financial Services,Asset Management,58914,-12.7937
STX,2023,2,2023Q2,4019,2023-01-25,Seagate Technology,Technology,Computer Hardware,58711,-0.8032
SWKS,2023,2,2023Q2,3738,2023-05-08,Skyworks Solutions,Technology,Semiconductors,33797,-1.4253
SYY,2023,2,2023Q2,6006,2023-01-31,Sysco,Consumer Defensive,Food Distribution,57816,-3.9949
TDY,2023,2,2023Q2,2724,2023-07-26,Teledyne Technologies,Technology,"Hardware, Equipment & Parts",28011,-1.1357
TJX,2023,2,2023Q2,6062,2022-08-17,TJX Companies,Consumer Cyclical,Apparel - Retail,53072,-7.967
TMUS,2023,2,2023Q2,2922,2023-07-27,T-Mobile US,Communication Services,Telecommunications Services,58534,-2.4523
TPR,2023,2,2023Q2,4840,2023-02-09,"Tapestry, Inc.",Consumer Cyclical,Luxury Goods,62216,-6.8503
TRMB,2023,2,2023Q2,2684,2023-08-03,Trimble Inc.,Technology,"Hardware, Equipment & Parts",41804,-4.5015
UDR,2023,2,2023Q2,3557,2023-07-27,"UDR, Inc.",Real Estate,REIT - Residential,76930,-9.0567
VICI,2023,2,2023Q2,2502,2023-07-27,Vici Properties,Real Estate,REIT - Diversified,46897,-4.7634
VLO,2023,2,2023Q2,4941,2023-07-27,Valero Energy,Energy,Oil & Gas Refining & Marketing,48760,12.5852
VMC,2023,2,2023Q2,5357,2023-08-03,Vulcan Materials Company,Basic Materials,Construction Materials,36214,-5.5989
VTRS,2023,2,2023Q2,4870,2023-08-07,Viatris,Healthcare,Drug Manufacturers - Specialty & Generic,35338,-6.61
WELL,2023,2,2023Q2,4354,2023-08-01,Welltower,Real Estate,REIT - Healthcare Facilities,48760,0.5234
WMB,2023,2,2023Q2,6436,2023-08-03,Williams Companies,Energy,Oil & Gas Midstream,55449,1.9596
XOM,2023,2,2023Q2,7082,2023-07-28,ExxonMobil,Energy,Oil & Gas Integrated,54920,8.2906
ABBV,2023,3,2023Q3,3939,2023-10-27,AbbVie,Healthcare,Drug Manufacturers - General,67781,4.1598
ACGL,2023,3,2023Q3,2421,2023-10-31,Arch Capital Group,Financial Services,Insurance - Diversified,49674,-5.4295
ADI,2023,3,2023Q3,5325,2023-08-23,Analog Devices,Technology,Semiconductors,39470,-2.5812
AES,2023,3,2023Q3,5431,2023-11-03,AES Corporation,Utilities,Diversified Utilities,51186,22.7097
APA,2023,3,2023Q3,5605,2023-11-02,APA Corporation,Energy,Oil & Gas Exploration & Production,33590,-10.7549
APH,2023,3,2023Q3,4425,2023-10-25,Amphenol,Technology,"Hardware, Equipment & Parts",55711,16.6793
ATO,2023,3,2023Q3,3005,2023-08-03,Atmos Energy,Utilities,Regulated Gas,15603,-5.326
AVB,2023,3,2023Q3,4651,2023-10-26,AvalonBay Communities,Real Estate,REIT - Residential,66688,6.3991
AVY,2023,3,2023Q3,5983,2023-10-25,Avery Dennison,Industrials,Business Equipment & Supplies,37056,12.0876
BAX,2023,3,2023Q3,6475,2023-11-02,Baxter International,Healthcare,Medical - Instruments & Supplies,54341,18.0238
BKR,2023,3,2023Q3,3246,2023-10-26,Baker Hughes,Energy,Oil & Gas Equipment & Services,50570,-5.2322
BR,2023,3,2023Q3,3112,2023-05-02,Broadridge Financial Solutions,Technology,Information Technology Services,51750,9.1899
BSX,2023,3,2023Q3,5748,2023-10-26,Boston Scientific,Healthcare,Medical - Devices,46035,9.922
CHD,2023,3,2023Q3,3614,2023-11-03,Church & Dwight,Consumer Defensive,Household & Personal Products,53348,1.0548
CL,2023,3,2023Q3,6629,2023-10-27,Colgate-Palmolive,Consumer Defensive,Household & Personal Products,37478,6.2397
CMCSA,2023,3,2023Q3,4960,2023-10-26,Comcast,Communication Services,Telecommunications Services,50645,-1.5205
CMG,2023,3,2023Q3,4150,2023-10-27,Chipotle Mexican Grill,Consumer Cyclical,Restaurants,58484,22.9404
COO,2023,3,2023Q3,3416,2023-08-30,Cooper Companies (The),Healthcare,Medical - Instruments & Supplies,46907,-14.5153
COR,2023,3,2023Q3,5105,2023-08-02,Cencora,Healthcare,Medical - Distribution,48273,-6.404
CSCO,2023,3,2023Q3,5823,2023-05-17,Cisco,Technology,Communication Equipment,43310,10.2728
CSGP,2023,3,2023Q3,2461,2024-02-20,CoStar Group,Real Estate,Real Estate - Services,64085,13.0108
CTAS,2023,3,2023Q3,5147,2023-03-29,Cintas,Industrials,Specialty Business Services,48554,6.8975
CTVA,2023,3,2023Q3,2943,2023-11-09,Corteva,Basic Materials,Agricultural Inputs,56168,-2.3858
DASH,2023,3,2023Q3,2076,2023-11-01,DoorDash,Communication Services,Internet Content & Information,46954,33.8208
DD,2023,3,2023Q3,2953,2023-11-01,DuPont,Basic Materials,Chemicals - Specialty,55771,0.7543
DG,2023,3,2023Q3,3978,2023-12-07,Dollar General,Consumer Defensive,Discount Stores,57056,0.0747
DGX,2023,3,2023Q3,4950,2023-10-24,Quest Diagnostics,Healthcare,Medical - Diagnostics & Research,43910,11.091
DOW,2023,3,2023Q3,2963,2023-10-24,Dow Inc.,Basic Materials,Chemicals,51974,5.4934
DTE,2023,3,2023Q3,6711,2023-11-01,DTE Energy,Utilities,Regulated Electric,50602,16.6528
DVN,2023,3,2023Q3,5271,2023-11-08,Devon Energy,Energy,Oil & Gas Exploration & Production,57034,1.2365
EL,2023,3,2023Q3,4743,2023-05-03,Estée Lauder Companies (The),Consumer Defensive,Household & Personal Products,50988,-18.6812
EME,2023,3,2023Q3,2006,2023-10-26,"EMCOR Group, Inc.",Industrials,Engineering & Construction,56186,12.072
EPAM,2023,3,2023Q3,2571,2023-11-02,EPAM Systems,Technology,Information Technology Services,54303,35.2735
EQIX,2023,3,2023Q3,3716,2023-10-25,Equinix,Real Estate,REIT - Specialty,59393,17.5202
ES,2023,3,2023Q3,4291,2023-11-06,Eversource Energy,Utilities,Regulated Electric,50303,11.1312
ESS,2023,3,2023Q3,3817,2023-10-27,Essex Property Trust,Real Estate,REIT - Residential,45007,8.8856
FRT,2023,3,2023Q3,3575,2023-11-02,Federal Realty Investment Trust,Real Estate,REIT - Retail,39424,11.6747
FTNT,2023,3,2023Q3,3059,2023-11-02,Fortinet,Technology,Software - Infrastructure,51839,-2.5699
FTV,2023,3,2023Q3,3456,2023-10-25,Fortive,Technology,"Hardware, Equipment & Parts",64241,6.6352
GL,2023,3,2023Q3,5921,2023-10-26,Globe Life,Financial Services,Insurance - Life,45184,9.2207
GOOGL,2023,3,2023Q3,3807,2023-10-24,Alphabet Inc. (Class A),Communication Services,Internet Content & Information,46292,-1.3544
HAL,2023,3,2023Q3,6801,2023-10-24,Halliburton,Energy,Oil & Gas Equipment & Services,43232,-16.3025
HBAN,2023,3,2023Q3,5585,2023-10-20,Huntington Bancshares,Financial Services,Banks - Regional,62170,17.4477
HRL,2023,3,2023Q3,4333,2023-08-31,Hormel Foods,Consumer Defensive,Packaged Foods,48618,-19.2637
HUM,2023,3,2023Q3,3969,2023-11-01,Humana,Healthcare,Medical - Healthcare Plans,57719,-10.4337
IFF,2023,3,2023Q3,6416,2023-11-07,International Flavors & Fragrances,Basic Materials,Chemicals - Specialty,39522,12.376
INTU,2023,3,2023Q3,5179,2023-05-23,Intuit,Technology,Software - Application,55146,3.2303
IP,2023,3,2023Q3,6853,2023-10-26,International Paper,Consumer Cyclical,Packaging & Containers,48067,11.2319
JCI,2023,3,2023Q3,4211,2023-08-02,Johnson Controls,Industrials,Construction,50207,-18.435
JPM,2023,3,2023Q3,6426,2023-10-13,JPMorgan Chase,Financial Services,Banks - Diversified,57213,5.0614
KEYS,2023,3,2023Q3,3049,2023-08-17,Keysight Technologies,Technology,"Hardware, Equipment & Parts",54173,-12.2293
KHC,2023,3,2023Q3,3686,2023-11-04,Kraft Heinz,Consumer Defensive,Packaged Foods,26712,9.6784
KO,2023,3,2023Q3,6873,2023-10-24,Coca-Cola Company (The),Consumer Defensive,Beverages - Non-Alcoholic,49825,8.358
KR,2023,3,2023Q3,6882,2022-12-01,Kroger,Consumer Defensive,Grocery Stores,55647,-6.1191
LDOS,2023,3,2023Q3,2904,2023-10-31,Leidos,Technology,Information Technology Services,54642,20.0349
LVS,2023,3,2023Q3,2874,2023-10-18,Las Vegas Sands,Consumer Cyclical,"Gambling, Resorts & Casinos",50973,1.7652
LW,2023,3,2023Q3,3026,2023-04-06,Lamb Weston,Consumer Defensive,Packaged Foods,45765,9.8973
MA,2023,3,2023Q3,4497,2023-10-26,Mastercard,Financial Services,Financial - Credit Services,58884,6.6915
MAR,2023,3,2023Q3,5493,2023-11-02,Marriott International,Consumer Cyclical,Travel Lodging,39358,17.1292
MCD,2023,3,2023Q3,6506,2023-10-30,McDonald's,Consumer Cyclical,Restaurants,53780,13.9428
MPC,2023,3,2023Q3,4140,2023-10-31,Marathon Petroleum,Energy,Oil & Gas Refining & Marketing,48748,-0.1362
MS,2023,3,2023Q3,5844,2023-10-18,Morgan Stanley,Financial Services,Financial - Capital Markets,57641,-1.2324
MSI,2023,3,2023Q3,6931,2023-11-02,Motorola Solutions,Technology,Communication Equipment,38933,12.0176
MTB,2023,3,2023Q3,4879,2023-10-18,M&T Bank,Financial Services,Banks - Regional,45134,3.0388
MTCH,2023,3,2023Q3,2600,2023-11-01,Match Group,Communication Services,Internet Content & Information,51552,-0.2023
NEM,2023,3,2023Q3,6516,2023-10-26,Newmont,Basic Materials,Gold,52032,6.3112
NFLX,2023,3,2023Q3,4190,2023-10-18,Netflix,Communication Services,Entertainment,44670,34.5176
NTRS,2023,3,2023Q3,5514,2023-10-18,Northern Trust,Financial Services,Asset Management,43954,12.2362
NUE,2023,3,2023Q3,6102,2023-10-24,Nucor,Basic Materials,Steel,55686,15.4815
ODFL,2023,3,2023Q3,2845,2023-10-25,Old Dominion,Industrials,Trucking,55488,-2.8246
OKE,2023,3,2023Q3,4231,2023-11-01,ONEOK,Energy,Oil & Gas Midstream,45328,5.2301
PCAR,2023,3,2023Q3,6276,2023-10-24,Paccar,Industrials,Agricultural - Machinery,35525,16.4208
PHM,2023,3,2023Q3,6132,2023-10-24,PulteGroup,Consumer Cyclical,Residential Construction,57125,31.0188
PLTR,2023,3,2023Q3,2174,2023-11-02,Palantir Technologies,Technology,Software - Infrastructure,41151,21.9839
PPL,2023,3,2023Q3,5094,2023-11-02,PPL Corporation,Utilities,Regulated Electric,30374,8.9069
PSKY,2023,3,2023Q3,5758,2023-11-02,Paramount Skydance Corp,Communication Services,Entertainment,51560,49.8623
PYPL,2023,3,2023Q3,3676,2023-11-01,PayPal,Financial Services,Financial - Credit Services,45593,18.583
RL,2023,3,2023Q3,4641,2023-02-09,Ralph Lauren Corporation,Consumer Cyclical,Apparel - Manufacturers,48347,-5.1162
RSG,2023,3,2023Q3,4373,2023-10-26,Republic Services,Industrials,Waste Management,37857,11.245
SBUX,2023,3,2023Q3,5282,2023-08-01,Starbucks,Consumer Cyclical,Restaurants,66807,-4.049
SNA,2023,3,2023Q3,6200,2023-10-19,Snap-on,Industrials,Manufacturing - Tools & Accessories,60867,11.7875
STE,2023,3,2023Q3,2825,2023-02-09,Steris,Healthcare,Medical - Devices,35188,-14.1997
SW,2023,3,2023Q3,2182,2023-08-03,Smurfit WestRock,Consumer Cyclical,Packaging & Containers,48742,12.2618
SYK,2023,3,2023Q3,5157,2023-11-02,Stryker Corporation,Healthcare,Medical - Devices,51247,6.6532
TDG,2023,3,2023Q3,3477,2023-08-08,TransDigm Group,Industrials,Aerospace & Defense,48880,-6.5447
TEL,2023,3,2023Q3,4100,2023-07-26,TE Connectivity,Technology,"Hardware, Equipment & Parts",54271,-9.221
TFC,2023,3,2023Q3,5543,2023-10-19,Truist Financial,Financial Services,Banks - Regional,58036,15.762
TMO,2023,3,2023Q3,4849,2023-10-25,Thermo Fisher Scientific,Healthcare,Medical - Diagnostics & Research,52430,7.8209
TXT,2023,3,2023Q3,6306,2023-10-26,Textron,Industrials,Aerospace & Defense,47834,2.1114
UPS,2023,3,2023Q3,5042,2023-10-26,United Parcel Service,Industrials,Integrated Freight & Logistics,48013,6.3772
V,2023,3,2023Q3,4271,2023-07-25,Visa Inc.,Financial Services,Financial - Credit Services,51460,3.5402
VICI,2023,3,2023Q3,2501,2023-10-26,Vici Properties,Real Estate,REIT - Diversified,53429,10.7039
VST,2023,3,2023Q3,2221,2023-11-07,Vistra Corp.,Utilities,Independent Power Producers,47407,6.4534
WAB,2023,3,2023Q3,2994,2023-10-25,Wabtec,Industrials,Railroads,46044,18.9314
WTW,2023,3,2023Q3,3605,2023-10-26,Willis Towers Watson,Financial Services,Insurance - Brokers,51290,16.8095
WY,2023,3,2023Q3,6296,2023-10-27,Weyerhaeuser,Real Estate,REIT - Specialty,58950,7.1355
XEL,2023,3,2023Q3,7071,2023-10-26,Xcel Energy,Utilities,Regulated Electric,52924,2.4214
XYL,2023,3,2023Q3,4089,2023-10-31,Xylem Inc.,Industrials,Industrial - Machinery,51063,22.3031
YUM,2023,3,2023Q3,5563,2023-11-01,Yum! Brands,Consumer Cyclical,Restaurants,44858,8.4809
ZTS,2023,3,2023Q3,3909,2023-11-02,Zoetis,Healthcare,Drug Manufacturers - Specialty & Generic,52179,29.6157
ABBV,2023,4,2023Q4,3938,2024-02-02,AbbVie,Healthcare,Drug Manufacturers - General,75188,6.504
ABNB,2023,4,2023Q4,2314,2024-02-13,Airbnb,Consumer Cyclical,Travel Services,56077,9.3754
ADSK,2023,4,2023Q4,5893,2023-02-23,Autodesk,Technology,Software - Application,53661,-10.4088
AEE,2023,4,2023Q4,5882,2024-02-23,Ameren,Utilities,Regulated Electric,64575,3.5729
AIG,2023,4,2023Q4,6285,2024-02-14,American International Group,Financial Services,Insurance - Diversified,56060,11.528
AME,2023,4,2023Q4,3866,2024-02-06,Ametek,Industrials,Industrial - Machinery,48541,10.306
ANET,2023,4,2023Q4,3078,2024-02-12,Arista Networks,Technology,Computer Hardware,43993,2.6773
AXON,2023,4,2023Q4,2351,2024-02-27,Axon Enterprise,Industrials,Aerospace & Defense,57308,19.2296
AZO,2023,4,2023Q4,5657,2023-09-19,AutoZone,Consumer Cyclical,Specialty Retail,61123,-1.783
BAC,2023,4,2023Q4,6344,2024-01-12,Bank of America,Financial Services,Banks - Diversified,74632,3.4087
BALL,2023,4,2023Q4,6111,2024-02-01,Ball Corporation,Consumer Cyclical,Packaging & Containers,52069,15.5636
BKR,2023,4,2023Q4,3245,2024-01-24,Baker Hughes,Energy,Oil & Gas Equipment & Services,52373,-2.2201
BLDR,2023,4,2023Q4,2259,2024-02-22,Builders FirstSource,Industrials,Construction,49987,11.151
CB,2023,4,2023Q4,4220,2024-01-31,Chubb Limited,Financial Services,Insurance - Property & Casualty,41024,5.9465
CBRE,2023,4,2023Q4,4670,2024-02-15,CBRE Group,Real Estate,Real Estate - Services,34462,9.3106
CF,2023,4,2023Q4,4466,2024-02-15,CF Industries,Basic Materials,Agricultural Inputs,51737,7.4117
CHD,2023,4,2023Q4,3613,2024-02-02,Church & Dwight,Consumer Defensive,Household & Personal Products,81960,2.4366
CL,2023,4,2023Q4,6628,2024-01-26,Colgate-Palmolive,Consumer Defensive,Household & Personal Products,47785,8.5078
COIN,2023,4,2023Q4,2065,2024-02-15,Coinbase Global,Financial Services,Financial - Data & Stock Exchanges,45733,48.3914
COO,2023,4,2023Q4,3415,2023-12-07,Cooper Companies (The),Healthcare,Medical - Instruments & Supplies,47365,10.1345
CRWD,2023,4,2023Q4,2190,2023-03-07,CrowdStrike,Technology,Software - Infrastructure,47525,3.9702
CSCO,2023,4,2023Q4,5822,2023-08-16,Cisco,Technology,Communication Equipment,54595,0.9934
CTVA,2023,4,2023Q4,2942,2024-02-01,Corteva,Basic Materials,Agricultural Inputs,48819,21.1302
D,2023,4,2023Q4,3395,2024-02-22,Dominion Energy,Utilities,Regulated Electric,52187,4.9255
DD,2023,4,2023Q4,2952,2024-02-06,DuPont,Basic Materials,Chemicals - Specialty,54530,21.7493
DVA,2023,4,2023Q4,4486,2024-02-13,DaVita,Healthcare,Medical - Care Facilities,43402,21.5229
EBAY,2023,4,2023Q4,5001,2024-02-27,eBay,Consumer Cyclical,Specialty Retail,54568,16.8957
EIX,2023,4,2023Q4,6720,2024-02-22,Edison International,Utilities,Regulated Electric,52642,4.8354
EPAM,2023,4,2023Q4,2570,2024-02-15,EPAM Systems,Technology,Information Technology Services,51497,-2.1895
EQIX,2023,4,2023Q4,3715,2024-02-14,Equinix,Real Estate,REIT - Specialty,56287,-3.9337
ETN,2023,4,2023Q4,6730,2024-02-01,Eaton Corporation,Industrials,Industrial - Machinery,55251,21.0582
FCX,2023,4,2023Q4,4129,2024-01-24,Freeport-McMoRan,Basic Materials,Copper,62671,4.2966
FICO,2023,4,2023Q4,2362,2023-11-08,Fair Isaac,Technology,Software - Application,27267,24.2921
FOXA,2023,4,2023Q4,2983,2023-08-08,Fox Corporation (Class A),Communication Services,Entertainment,34367,-5.8343
FRT,2023,4,2023Q4,3574,2024-02-12,Federal Realty Investment Trust,Real Estate,REIT - Retail,47627,0.8241
FSLR,2023,4,2023Q4,2410,2024-02-27,First Solar,Energy,Solar,56475,27.2088
FTV,2023,4,2023Q4,3455,2024-01-31,Fortive,Technology,"Hardware, Equipment & Parts",60778,9.1835
GEHC,2023,4,2023Q4,2392,2024-02-06,GE HealthCare,Healthcare,Medical - Healthcare Information Services,54323,23.8115
GPC,2023,4,2023Q4,6454,2024-02-15,Genuine Parts Company,Consumer Cyclical,Specialty Retail,58567,7.1091
GWW,2023,4,2023Q4,6231,2024-02-02,W. W. Grainger,Industrials,Industrial - Distribution,58632,7.7874
HAL,2023,4,2023Q4,6800,2024-01-23,Halliburton,Energy,Oil & Gas Equipment & Services,53542,2.6721
HLT,2023,4,2023Q4,3275,2024-02-07,Hilton Worldwide,Consumer Cyclical,Travel Lodging,50254,8.1852
HOOD,2023,4,2023Q4,2015,2024-02-13,"Robinhood Markets, Inc.",Financial Services,Financial - Capital Markets,47205,70.0169
HRL,2023,4,2023Q4,4332,2023-11-29,Hormel Foods,Consumer Defensive,Packaged Foods,46452,-0.4382
HST,2023,4,2023Q4,4618,2024-02-22,Host Hotels & Resorts,Real Estate,REIT - Hotel & Motel,48015,0.3464
IBM,2023,4,2023Q4,6842,2024-01-24,IBM,Technology,Information Technology Services,53494,12.6603
IDXX,2023,4,2023Q4,3375,2024-02-05,Idexx Laboratories,Healthcare,Medical - Diagnostics & Research,50218,1.381
ISRG,2023,4,2023Q4,4516,2024-01-23,Intuitive Surgical,Healthcare,Medical - Instruments & Supplies,51338,5.7268
IT,2023,4,2023Q4,3285,2024-02-06,Gartner,Technology,Information Technology Services,56482,2.2329
ITW,2023,4,2023Q4,6026,2024-02-01,Illinois Tool Works,Industrials,Industrial - Machinery,41512,2.3074
JPM,2023,4,2023Q4,6425,2024-01-12,JPMorgan Chase,Financial Services,Banks - Diversified,43840,7.7217
KIM,2023,4,2023Q4,4700,2024-02-08,Kimco Realty,Real Estate,REIT - Retail,56207,-5.3545
LEN,2023,4,2023Q4,4762,2023-12-15,Lennar,Consumer Cyclical,Residential Construction,59745,-3.2039
LH,2023,4,2023Q4,4826,2024-02-15,LabCorp,Healthcare,Medical - Diagnostics & Research,59843,-5.1554
LNT,2023,4,2023Q4,3465,2024-02-16,Alliant Energy,Utilities,Regulated Electric,26149,3.2438
LUV,2023,4,2023Q4,5778,2024-01-25,Southwest Airlines,Industrials,"Airlines, Airports & Air Services",64567,10.1254
MAS,2023,4,2023Q4,6241,2024-02-08,Masco,Industrials,Construction,51489,9.4549
MLM,2023,4,2023Q4,3786,2024-02-14,Martin Marietta Materials,Basic Materials,Construction Materials,64525,16.4419
MOH,2023,4,2023Q4,2530,2024-02-08,Molina Healthcare,Healthcare,Medical - Healthcare Plans,52370,14.5319
MOS,2023,4,2023Q4,4109,2024-02-22,Mosaic Company (The),Basic Materials,Agricultural Inputs,44261,8.9977
MRK,2023,4,2023Q4,6920,2024-02-01,Merck & Co.,Healthcare,Drug Manufacturers - General,53606,0.6127
MRNA,2023,4,2023Q4,2621,2024-02-22,Moderna,Healthcare,Biotechnology,51278,17.4563
MTB,2023,4,2023Q4,4878,2024-01-18,M&T Bank,Financial Services,Banks - Regional,59578,4.5434
MTCH,2023,4,2023Q4,2599,2024-01-31,Match Group,Communication Services,Internet Content & Information,50905,-11.6883
NEM,2023,4,2023Q4,6515,2024-02-22,Newmont,Basic Materials,Gold,50130,18.606
NVDA,2023,4,2023Q4,5083,2023-02-22,Nvidia,Technology,Semiconductors,46425,30.3133
NWSA,2023,4,2023Q4,3898,2023-08-10,News Corp (Class A),Communication Services,Entertainment,49147,-3.2448
ODFL,2023,4,2023Q4,2844,2024-01-31,Old Dominion,Industrials,Trucking,58174,7.7549
OMC,2023,4,2023Q4,5523,2024-02-06,Omnicom Group,Communication Services,Advertising Agencies,47912,5.9663
OXY,2023,4,2023Q4,6959,2024-02-15,Occidental Petroleum,Energy,Oil & Gas Exploration & Production,51449,11.8949
PAYX,2023,4,2023Q4,5442,2023-06-29,Paychex,Industrials,Staffing & Employment Services,72835,13.3412
PEP,2023,4,2023Q4,6979,2024-02-09,PepsiCo,Consumer Defensive,Beverages - Non-Alcoholic,35591,-0.719
PHM,2023,4,2023Q4,6131,2024-01-30,PulteGroup,Consumer Cyclical,Residential Construction,55875,7.7503
PNC,2023,4,2023Q4,5962,2024-01-16,PNC Financial Services,Financial Services,Banks - Regional,52666,-2.1689
PNW,2023,4,2023Q4,5334,2024-02-27,Pinnacle West,Utilities,Regulated Electric,55296,4.2298
PYPL,2023,4,2023Q4,3675,2024-02-07,PayPal,Financial Services,Financial - Credit Services,49657,2.4194
QCOM,2023,4,2023Q4,5345,2023-11-01,Qualcomm,Technology,Semiconductors,44149,29.0739
REG,2023,4,2023Q4,3345,2024-02-09,Regency Centers,Real Estate,REIT - Retail,60813,-4.8922
RL,2023,4,2023Q4,4640,2023-05-25,Ralph Lauren Corporation,Consumer Cyclical,Apparel - Manufacturers,49575,20.9111
RVTY,2023,4,2023Q4,6080,2024-02-01,Revvity,Healthcare,Medical - Diagnostics & Research,52678,-2.1273
SBAC,2023,4,2023Q4,3183,2024-02-26,SBA Communications,Real Estate,REIT - Specialty,50883,2.6484
SCHW,2023,4,2023Q4,5624,2024-01-17,Charles Schwab Corporation,Financial Services,Financial - Capital Markets,54121,3.8408
SLB,2023,4,2023Q4,7030,2024-01-19,Schlumberger,Energy,Oil & Gas Equipment & Services,48807,1.771
SO,2023,4,2023Q4,7040,2024-02-15,Southern Company,Utilities,Regulated Electric,60394,4.8518
SWK,2023,4,2023Q4,6209,2024-02-01,Stanley Black & Decker,Industrials,Manufacturing - Tools & Accessories,46539,-5.5198
TAP,2023,4,2023Q4,6395,2024-02-13,Molson Coors Beverage Company,Consumer Defensive,Beverages - Alcoholic,56158,8.4205
TGT,2023,4,2023Q4,6325,2024-03-05,Target Corporation,Consumer Defensive,Discount Stores,116434,9.2897
TRV,2023,4,2023Q4,4969,2024-01-19,Travelers Companies (The),Financial Services,Insurance - Property & Casualty,57904,10.4462
TSLA,2023,4,2023Q4,2692,2024-01-24,"Tesla, Inc.",Consumer Cyclical,Auto - Manufacturers,49533,-15.633
TSN,2023,4,2023Q4,4793,2023-11-13,Tyson Foods,Consumer Defensive,Agricultural Farm Products,52840,12.5027
TXN,2023,4,2023Q4,5134,2024-01-23,Texas Instruments,Technology,Semiconductors,34407,-1.6931
VLO,2023,4,2023Q4,4939,2024-01-25,Valero Energy,Energy,Oil & Gas Refining & Marketing,54054,14.8905
VTRS,2023,4,2023Q4,4868,2024-02-28,Viatris,Healthcare,Drug Manufacturers - Specialty & Generic,45090,-12.5472
VZ,2023,4,2023Q4,6161,2024-01-23,Verizon,Communication Services,Telecommunications Services,59591,0.8843
WBD,2023,4,2023Q4,2510,2024-02-23,Warner Bros. Discovery,Communication Services,Entertainment,59584,-10.8787
WEC,2023,4,2023Q4,4404,2024-02-01,WEC Energy Group,Utilities,Regulated Electric,52196,-0.9293
WM,2023,4,2023Q4,5452,2024-02-13,Waste Management,Industrials,Waste Management,58392,13.6566
WMT,2023,4,2023Q4,6221,2023-02-21,Walmart,Consumer Defensive,Discount Stores,69616,0.5532
WTW,2023,4,2023Q4,3604,2024-02-06,Willis Towers Watson,Financial Services,Insurance - Brokers,51875,9.6822
XYL,2023,4,2023Q4,4088,2024-02-06,Xylem Inc.,Industrials,Industrial - Machinery,39982,12.8243
AEE,2024,1,2024Q1,5881,2024-05-03,Ameren,Utilities,Regulated Electric,53993,-6.4452
AOS,2024,1,2024Q1,3202,2024-04-25,A. O. Smith,Industrials,Industrial - Machinery,38712,-6.8046
APD,2024,1,2024Q1,6090,2024-02-05,Air Products,Basic Materials,Chemicals - Specialty,54267,-6.333
AWK,2024,1,2024Q1,3563,2024-05-02,American Water Works,Utilities,Regulated Water,31079,3.3408
AZO,2024,1,2024Q1,5656,2023-12-05,AutoZone,Consumer Cyclical,Specialty Retail,58726,3.0903
BALL,2024,1,2024Q1,6110,2024-04-26,Ball Corporation,Consumer Cyclical,Packaging & Containers,56730,4.5073
BAX,2024,1,2024Q1,6473,2024-05-02,Baxter International,Healthcare,Medical - Instruments & Supplies,52661,-16.2618
BG,2024,1,2024Q1,2371,2024-04-24,Bunge Global,Consumer Defensive,Agricultural Farm Products,41715,-4.1051
BKR,2024,1,2024Q1,3244,2024-04-24,Baker Hughes,Energy,Oil & Gas Equipment & Services,50763,-3.7879
BLDR,2024,1,2024Q1,2258,2024-05-07,Builders FirstSource,Industrials,Construction,52934,-27.947
BLK,2024,1,2024Q1,4158,2024-04-12,BlackRock,Financial Services,Asset Management,54683,-0.5166
BMY,2024,1,2024Q1,6607,2024-04-25,Bristol Myers Squibb,Healthcare,Drug Manufacturers - General,62759,-15.1044
C,2024,1,2024Q1,5951,2024-04-12,Citigroup,Financial Services,Banks - Diversified,76873,4.7274
CAT,2024,1,2024Q1,6617,2024-04-25,Caterpillar Inc.,Industrials,Agricultural - Machinery,55681,-9.5125
CDNS,2024,1,2024Q1,3172,2024-04-22,Cadence Design Systems,Technology,Software - Application,57177,3.9997
CLX,2024,1,2024Q1,6526,2023-11-01,Clorox,Consumer Defensive,Household & Personal Products,43696,22.9936
CME,2024,1,2024Q1,4689,2024-04-24,CME Group,Financial Services,Financial - Data & Stock Exchanges,58445,-7.0489
CMG,2024,1,2024Q1,4148,2024-04-24,Chipotle Mexican Grill,Consumer Cyclical,Restaurants,56660,8.2679
CMS,2024,1,2024Q1,6637,2024-04-25,CMS Energy,Utilities,Regulated Electric,37140,0.5806
COF,2024,1,2024Q1,5471,2024-04-25,Capital One,Financial Services,Financial - Credit Services,55529,-3.4733
COO,2024,1,2024Q1,3414,2024-02-29,Cooper Companies (The),Healthcare,Medical - Instruments & Supplies,52863,-1.6667
CPAY,2024,1,2024Q1,3098,2024-05-09,Corpay,Technology,Software - Infrastructure,56955,-4.5548
CRM,2024,1,2024Q1,4445,2023-05-31,Salesforce,Technology,Software - Application,60554,2.0682
CSGP,2024,1,2024Q1,2459,2024-04-23,CoStar Group,Real Estate,Real Estate - Services,65159,-8.9459
CVX,2024,1,2024Q1,6688,2024-04-26,Chevron Corporation,Energy,Oil & Gas Integrated,46651,-5.167
DASH,2024,1,2024Q1,2074,2024-05-01,DoorDash,Communication Services,Internet Content & Information,44313,-12.0901
DD,2024,1,2024Q1,2951,2024-05-01,DuPont,Basic Materials,Chemicals - Specialty,42403,10.4847
DHI,2024,1,2024Q1,4815,2024-01-23,D. R. Horton,Consumer Cyclical,Residential Construction,55961,-3.6906
DVA,2024,1,2024Q1,4485,2024-05-02,DaVita,Healthcare,Medical - Care Facilities,31699,-0.703
EA,2024,1,2024Q1,4990,2023-08-01,Electronic Arts,Technology,Electronic Gaming & Multimedia,53661,-9.6092
ECL,2024,1,2024Q1,5929,2024-04-30,Ecolab,Basic Materials,Chemicals - Specialty,44734,9.0269
EFX,2024,1,2024Q1,5613,2024-04-18,Equifax,Industrials,Consulting Services,95071,-2.6464
EME,2024,1,2024Q1,2004,2024-04-25,"EMCOR Group, Inc.",Industrials,Engineering & Construction,59702,10.9505
EQR,2024,1,2024Q1,5070,2024-04-24,Equity Residential,Real Estate,REIT - Residential,59050,3.4554
ESS,2024,1,2024Q1,3815,2024-05-01,Essex Property Trust,Real Estate,REIT - Residential,39010,11.7563
FOX,2024,1,2024Q1,2971,2023-11-02,Fox Corporation (Class B),Communication Services,Entertainment,32365,-0.8961
FRT,2024,1,2024Q1,3573,2024-05-02,Federal Realty Investment Trust,Real Estate,REIT - Retail,40029,-4.2227
GLW,2024,1,2024Q1,5736,2024-04-30,Corning Inc.,Technology,"Hardware, Equipment & Parts",45673,19.635
GM,2024,1,2024Q1,3917,2024-04-23,General Motors,Consumer Cyclical,Auto - Manufacturers,57098,5.5774
GNRC,2024,1,2024Q1,2651,2024-05-01,Generac,Industrials,Industrial - Machinery,70061,0.1471
GPC,2024,1,2024Q1,6453,2024-04-18,Genuine Parts Company,Consumer Cyclical,Specialty Retail,51520,0.0486
GS,2024,1,2024Q1,5010,2024-04-15,Goldman Sachs,Financial Services,Financial - Capital Markets,53391,18.0544
HAS,2024,1,2024Q1,6120,2024-04-24,Hasbro,Consumer Cyclical,Leisure,51478,0.43
HSIC,2024,1,2024Q1,3724,2024-05-07,Henry Schein,Healthcare,Medical - Distribution,54218,-2.8892
HUBB,2024,1,2024Q1,2289,2024-04-30,Hubbell Incorporated,Industrials,Electrical Equipment & Parts,44018,-5.8204
IBM,2024,1,2024Q1,6841,2024-04-24,IBM,Technology,Information Technology Services,52970,-7.6534
INTC,2024,1,2024Q1,6314,2024-04-25,Intel,Technology,Semiconductors,60311,-11.9624
JBL,2024,1,2024Q1,2269,2023-12-14,Jabil,Technology,"Hardware, Equipment & Parts",52311,5.8043
JNJ,2024,1,2024Q1,6463,2024-04-16,Johnson & Johnson,Healthcare,Drug Manufacturers - General,54772,-2.1343
KHC,2024,1,2024Q1,3684,2024-05-01,Kraft Heinz,Consumer Defensive,Packaged Foods,29816,-15.7213
KLAC,2024,1,2024Q1,5573,2023-10-25,KLA Corporation,Technology,Semiconductors,52386,17.4985
LW,2024,1,2024Q1,3024,2023-10-05,Lamb Weston,Consumer Defensive,Packaged Foods,40811,5.7575
MA,2024,1,2024Q1,4495,2024-05-01,Mastercard,Financial Services,Financial - Credit Services,59048,-1.3741
MDLZ,2024,1,2024Q1,3984,2024-04-30,Mondelez International,Consumer Defensive,Food Confectioners,46666,-8.1179
MHK,2024,1,2024Q1,3845,2024-04-26,Mohawk Industries,Consumer Cyclical,"Furnishings, Fixtures & Appliances",50212,7.0826
MOH,2024,1,2024Q1,2529,2024-04-25,Molina Healthcare,Healthcare,Medical - Healthcare Plans,48152,-15.7454
MS,2024,1,2024Q1,5842,2024-04-16,Morgan Stanley,Financial Services,Financial - Capital Markets,44917,11.8175
MSI,2024,1,2024Q1,6929,2024-05-02,Motorola Solutions,Technology,Communication Equipment,30092,13.8532
MTCH,2024,1,2024Q1,2598,2024-05-08,Match Group,Communication Services,Internet Content & Information,51986,-1.5868
NDAQ,2024,1,2024Q1,4413,2024-04-25,"Nasdaq, Inc.",Financial Services,Financial - Data & Stock Exchanges,71251,-4.4228
NFLX,2024,1,2024Q1,4188,2024-04-18,Netflix,Communication Services,Entertainment,45545,3.7995
NSC,2024,1,2024Q1,6948,2024-04-24,Norfolk Southern Railway,Industrials,Railroads,52064,-8.2969
NUE,2024,1,2024Q1,6100,2024-04-23,Nucor,Basic Materials,Steel,54420,-15.6239
NVDA,2024,1,2024Q1,5082,2023-05-24,Nvidia,Technology,Semiconductors,54208,38.8671
NWSA,2024,1,2024Q1,3897,2023-11-09,News Corp (Class A),Communication Services,Entertainment,40616,11.163
O,2024,1,2024Q1,3704,2024-05-07,Realty Income,Real Estate,REIT - Retail,55128,-4.4004
PCG,2024,1,2024Q1,2449,2024-04-25,PG&E Corporation,Utilities,Regulated Electric,47926,6.1765
PEP,2024,1,2024Q1,6978,2024-04-23,PepsiCo,Consumer Defensive,Beverages - Non-Alcoholic,31051,-1.6831
PG,2024,1,2024Q1,6999,2023-10-18,Procter & Gamble,Consumer Defensive,Household & Personal Products,38031,4.9638
PH,2024,1,2024Q1,6037,2023-11-02,Parker Hannifin,Industrials,Industrial - Machinery,51834,22.4391
PNC,2024,1,2024Q1,5961,2024-04-16,PNC Financial Services,Financial Services,Banks - Regional,45567,1.0698
PNW,2024,1,2024Q1,5333,2024-05-02,Pinnacle West,Utilities,Regulated Electric,32109,2.0683
POOL,2024,1,2024Q1,2701,2024-04-25,Pool Corporation,Industrials,Industrial - Distribution,55722,-9.6796
RF,2024,1,2024Q1,5461,2024-04-19,Regions Financial Corporation,Financial Services,Banks - Regional,37119,-0.4211
RVTY,2024,1,2024Q1,6079,2024-04-29,Revvity,Healthcare,Medical - Diagnostics & Research,54615,8.0682
SBAC,2024,1,2024Q1,3182,2024-04-29,SBA Communications,Real Estate,REIT - Specialty,49765,-2.7738
SBUX,2024,1,2024Q1,5280,2024-01-30,Starbucks,Consumer Cyclical,Restaurants,68886,-2.5723
SCHW,2024,1,2024Q1,5623,2024-04-15,Charles Schwab Corporation,Financial Services,Financial - Capital Markets,52703,1.0852
SHW,2024,1,2024Q1,6557,2024-04-23,Sherwin-Williams,Basic Materials,Chemicals - Specialty,56658,-0.3331
SMCI,2024,1,2024Q1,2248,2023-11-01,Supermicro,Technology,Computer Hardware,30491,18.9457
SO,2024,1,2024Q1,7039,2024-05-02,Southern Company,Utilities,Regulated Electric,47753,5.5421
SPGI,2024,1,2024Q1,7049,2024-04-25,S&P Global,Financial Services,Financial - Data & Stock Exchanges,56627,3.7408
SYK,2024,1,2024Q1,5155,2024-04-30,Stryker Corporation,Healthcare,Medical - Devices,52601,2.225
TAP,2024,1,2024Q1,6394,2024-04-30,Molson Coors Beverage Company,Consumer Defensive,Beverages - Alcoholic,50699,-19.7923
TER,2024,1,2024Q1,2711,2024-04-25,Teradyne,Technology,Semiconductors,50851,39.9206
TKO,2024,1,2024Q1,2094,2024-05-08,TKO Group Holdings,Communication Services,Entertainment,43176,8.6496
TPL,2024,1,2024Q1,2140,2024-05-09,Texas Pacific Land Corporation,Energy,Oil & Gas Exploration & Production,33044,32.6886
TRGP,2024,1,2024Q1,2429,2024-05-02,Targa Resources,Energy,Oil & Gas Midstream,46021,5.8625
TTD,2024,1,2024Q1,2044,2024-05-08,"The Trade Desk, Inc.",Technology,Software - Application,60573,11.3229
TTWO,2024,1,2024Q1,3142,2023-08-08,Take-Two Interactive,Technology,Electronic Gaming & Multimedia,42638,-2.997
UBER,2024,1,2024Q1,2279,2024-05-08,Uber,Technology,Software - Application,33643,-0.3124
UDR,2024,1,2024Q1,3554,2024-05-01,"UDR, Inc.",Real Estate,REIT - Residential,68606,4.8057
UHS,2024,1,2024Q1,3765,2024-04-25,Universal Health Services,Healthcare,Medical - Care Facilities,35382,13.038
UNH,2024,1,2024Q1,5787,2024-04-16,UnitedHealth Group,Healthcare,Medical - Healthcare Plans,61660,8.7719
UNP,2024,1,2024Q1,7059,2024-04-25,Union Pacific Corporation,Industrials,Railroads,67306,-1.7286
VLTO,2024,1,2024Q1,2308,2024-04-24,Veralto,Industrials,Industrial - Pollution & Treatment Controls,45487,5.9646
VMC,2024,1,2024Q1,5354,2024-05-02,Vulcan Materials Company,Basic Materials,Construction Materials,33824,-2.7298
VST,2024,1,2024Q1,2219,2024-05-08,Vistra Corp.,Utilities,Independent Power Producers,52765,6.2638
WMB,2024,1,2024Q1,6434,2024-05-07,Williams Companies,Energy,Oil & Gas Midstream,57235,8.5509
XOM,2024,1,2024Q1,7079,2024-04-26,ExxonMobil,Energy,Oil & Gas Integrated,39916,-6.7996
ABT,2024,2,2024Q2,6566,2024-07-18,Abbott Laboratories,Healthcare,Medical - Devices,51103,7.7188
ADI,2024,2,2024Q2,5322,2024-05-22,Analog Devices,Technology,Semiconductors,34947,7.7086
AFL,2024,2,2024Q2,5387,2024-08-01,Aflac,Financial Services,Insurance - Life,41978,13.8499
AIG,2024,2,2024Q2,6283,2024-08-01,American International Group,Financial Services,Insurance - Diversified,58047,-7.7243
AOS,2024,2,2024Q2,3201,2024-07-23,A. O. Smith,Industrials,Industrial - Machinery,39991,-9.526
APO,2024,2,2024Q2,2107,2024-08-01,Apollo Global Management,Financial Services,Asset Management - Global,54395,-8.7144
ARE,2024,2,2024Q2,3303,2024-07-23,Alexandria Real Estate Equities,Real Estate,REIT - Office,64645,-3.3193
AVB,2024,2,2024Q2,4648,2024-08-01,AvalonBay Communities,Real Estate,REIT - Residential,54448,14.5569
AWK,2024,2,2024Q2,3562,2024-08-01,American Water Works,Utilities,Regulated Water,42370,4.0531
BAX,2024,2,2024Q2,6472,2024-08-06,Baxter International,Healthcare,Medical - Instruments & Supplies,54593,13.6547
BEN,2024,2,2024Q2,5501,2024-04-29,Franklin Resources,Financial Services,Asset Management,50888,-10.124
BF-B,2024,2,2024Q2,6194,2023-12-06,Brown–Forman,Consumer Defensive,Beverages - Wineries & Distilleries,56613,-10.3603
BIIB,2024,2,2024Q2,4886,2024-08-01,Biogen,Healthcare,Drug Manufacturers - General,61037,-8.2411
BR,2024,2,2024Q2,3109,2024-02-01,Broadridge Financial Solutions,Technology,Information Technology Services,53075,-1.9589
BXP,2024,2,2024Q2,4708,2024-07-31,"BXP, Inc.",Real Estate,REIT - Office,60595,8.2335
C,2024,2,2024Q2,5950,2024-07-12,Citigroup,Financial Services,Banks - Diversified,77036,-5.433
CAT,2024,2,2024Q2,6616,2024-08-06,Caterpillar Inc.,Industrials,Agricultural - Machinery,57080,12.096
CHD,2024,2,2024Q2,3611,2024-08-02,Church & Dwight,Consumer Defensive,Household & Personal Products,54374,5.2095
CNC,2024,2,2024Q2,3533,2024-07-27,Centene Corporation,Healthcare,Medical - Healthcare Plans,56835,-2.8728
COR,2024,2,2024Q2,5102,2024-05-01,Cencora,Healthcare,Medical - Distribution,52507,-2.853
CSCO,2024,2,2024Q2,5820,2024-02-14,Cisco,Technology,Communication Equipment,48780,0.5439
CTSH,2024,2,2024Q2,4658,2024-07-31,Cognizant,Technology,Information Technology Services,50509,2.0217
CTVA,2024,2,2024Q2,2940,2024-08-01,Corteva,Basic Materials,Agricultural Inputs,55631,0.9447
CVX,2024,2,2024Q2,6687,2024-08-02,Chevron Corporation,Energy,Oil & Gas Integrated,44792,-6.8995
DASH,2024,2,2024Q2,2073,2024-08-01,DoorDash,Communication Services,Internet Content & Information,46277,20.9519
DD,2024,2,2024Q2,2950,2024-07-31,DuPont,Basic Materials,Chemicals - Specialty,48215,0.0
DOV,2024,2,2024Q2,6046,2024-07-25,Dover Corporation,Industrials,Industrial - Machinery,44986,-0.5388
DOW,2024,2,2024Q2,2960,2024-07-25,Dow Inc.,Basic Materials,Chemicals,51912,-4.9512
DPZ,2024,2,2024Q2,2750,2024-07-18,Domino's,Consumer Cyclical,Restaurants,55132,-12.7433
DVN,2024,2,2024Q2,5268,2024-08-07,Devon Energy,Energy,Oil & Gas Exploration & Production,58198,-2.4059
EIX,2024,2,2024Q2,6718,2024-07-25,Edison International,Utilities,Regulated Electric,35162,12.639
EQR,2024,2,2024Q2,5069,2024-07-30,Equity Residential,Real Estate,REIT - Residential,61722,7.6308
EXPE,2024,2,2024Q2,4564,2024-08-08,Expedia Group,Consumer Cyclical,Travel Services,48413,22.0988
FANG,2024,2,2024Q2,3012,2024-08-06,Diamondback Energy,Energy,Oil & Gas Exploration & Production,44902,-3.8125
FAST,2024,2,2024Q2,4454,2024-07-12,Fastenal,Industrials,Industrial - Distribution,51878,6.1078
FE,2024,2,2024Q2,5550,2024-07-31,FirstEnergy,Utilities,Regulated Electric,57783,5.4067
FISV,2024,2,2024Q2,5122,2024-07-24,"Fiserv, Inc.",Technology,Information Technology Services,50840,9.7252
FRT,2024,2,2024Q2,3572,2024-08-01,Federal Realty Investment Trust,Real Estate,REIT - Retail,47763,3.9184
FSLR,2024,2,2024Q2,2408,2024-07-30,First Solar,Energy,Solar,56730,11.883
GD,2024,2,2024Q2,6767,2024-07-24,General Dynamics,Industrials,Aerospace & Defense,42404,0.9611
GDDY,2024,2,2024Q2,2198,2024-08-01,GoDaddy,Technology,Software - Infrastructure,43784,6.2867
GOOGL,2024,2,2024Q2,3804,2024-07-23,Alphabet Inc. (Class A),Communication Services,Internet Content & Information,50927,-13.5046
IBM,2024,2,2024Q2,6840,2024-07-24,IBM,Technology,Information Technology Services,53219,10.0435
IFF,2024,2,2024Q2,6413,2024-08-07,International Flavors & Fragrances,Basic Materials,Chemicals - Specialty,51294,8.5129
IP,2024,2,2024Q2,6850,2024-07-24,International Paper,Consumer Cyclical,Packaging & Containers,51983,3.4843
ISRG,2024,2,2024Q2,4514,2024-07-18,Intuitive Surgical,Healthcare,Medical - Instruments & Supplies,53468,18.3808
IT,2024,2,2024Q2,3283,2024-07-30,Gartner,Technology,Information Technology Services,42733,6.1443
JCI,2024,2,2024Q2,4208,2024-05-01,Johnson Controls,Industrials,Construction,58929,8.5293
KEYS,2024,2,2024Q2,3046,2024-05-20,Keysight Technologies,Technology,"Hardware, Equipment & Parts",39227,-14.0219
L,2024,2,2024Q2,1450,2024-07-28,Loews Corporation,Financial Services,Insurance - Property & Casualty,19550,-0.7866
LMT,2024,2,2024Q2,6888,2024-07-23,Lockheed Martin,Industrials,Aerospace & Defense,52967,21.1109
LOW,2024,2,2024Q2,6139,2024-08-20,Lowe's,Consumer Cyclical,Home Improvement,57897,11.7799
LYV,2024,2,2024Q2,2810,2024-07-30,Live Nation Entertainment,Communication Services,Entertainment,21571,2.8007
MA,2024,2,2024Q2,4494,2024-07-31,Mastercard,Financial Services,Financial - Credit Services,60459,9.981
MAR,2024,2,2024Q2,5490,2024-07-31,Marriott International,Consumer Cyclical,Travel Lodging,47775,-3.3798
MO,2024,2,2024Q2,6908,2024-07-31,Altria,Consumer Defensive,Tobacco,43207,4.1345
MPC,2024,2,2024Q2,4137,2024-08-06,Marathon Petroleum,Energy,Oil & Gas Refining & Marketing,32636,1.6168
MPWR,2024,2,2024Q2,2670,2024-08-01,Monolithic Power Systems,Technology,Semiconductors,25500,12.7753
MRNA,2024,2,2024Q2,2619,2024-08-01,Moderna,Healthcare,Biotechnology,55571,-42.7277
MTCH,2024,2,2024Q2,2597,2024-07-31,Match Group,Communication Services,Internet Content & Information,52207,3.8587
NEM,2024,2,2024Q2,6513,2024-07-25,Newmont,Basic Materials,Gold,49048,5.5346
NI,2024,2,2024Q2,5259,2024-08-07,NiSource,Utilities,Regulated Gas,47124,9.3407
NRG,2024,2,2024Q2,4238,2024-08-08,NRG Energy,Utilities,Independent Power Producers,38802,20.8408
NSC,2024,2,2024Q2,6947,2024-07-25,Norfolk Southern Railway,Industrials,Railroads,53924,15.2131
ORLY,2024,2,2024Q2,4320,2024-07-25,O'Reilly Auto Parts,Consumer Cyclical,Specialty Retail,53153,6.5096
PG,2024,2,2024Q2,6998,2024-01-23,Procter & Gamble,Consumer Defensive,Household & Personal Products,63306,7.9197
PGR,2024,2,2024Q2,5592,2024-08-06,Progressive Corporation,Financial Services,Insurance - Property & Casualty,79771,22.1659
PHM,2024,2,2024Q2,6129,2024-07-23,PulteGroup,Consumer Cyclical,Residential Construction,54379,2.1092
PNW,2024,2,2024Q2,5332,2024-08-01,Pinnacle West,Utilities,Regulated Electric,33089,5.9703
PSA,2024,2,2024Q2,4780,2024-07-31,Public Storage,Real Estate,REIT - Industrial,53442,17.988
PSKY,2024,2,2024Q2,5755,2024-08-08,Paramount Skydance Corp,Communication Services,Entertainment,37203,1.665
PSX,2024,2,2024Q2,4057,2024-07-30,Phillips 66,Energy,Oil & Gas Refining & Marketing,45786,-10.975
RMD,2024,2,2024Q2,3233,2024-01-24,ResMed,Healthcare,Medical - Instruments & Supplies,60346,9.6985
ROL,2024,2,2024Q2,3066,2024-07-25,"Rollins, Inc.",Consumer Cyclical,Personal Products & Services,32310,-0.7207
ROP,2024,2,2024Q2,4248,2024-07-24,Roper Technologies,Industrials,Industrial - Machinery,38773,-3.3712
RSG,2024,2,2024Q2,4370,2024-07-24,Republic Services,Industrials,Waste Management,45372,1.5776
SJM,2024,2,2024Q2,4392,2023-12-05,J.M. Smucker Company (The),Consumer Defensive,Packaged Foods,20264,14.9159
SNA,2024,2,2024Q2,6197,2024-07-18,Snap-on,Industrials,Manufacturing - Tools & Accessories,66436,1.9621
SPGI,2024,2,2024Q2,7048,2024-07-30,S&P Global,Financial Services,Financial - Data & Stock Exchanges,63196,5.3039
STLD,2024,2,2024Q2,2398,2024-07-18,Steel Dynamics,Basic Materials,Steel,47769,-8.6646
STX,2024,2,2024Q2,4015,2024-01-24,Seagate Technology,Technology,Computer Hardware,48793,5.1328
TAP,2024,2,2024Q2,6393,2024-08-06,Molson Coors Beverage Company,Consumer Defensive,Beverages - Alcoholic,48170,8.2339
TECH,2024,2,2024Q2,2609,2024-02-01,Bio-Techne,Healthcare,Biotechnology,51856,3.1286
TFC,2024,2,2024Q2,5540,2024-07-22,Truist Financial,Financial Services,Banks - Regional,67589,4.2679
TJX,2024,2,2024Q2,6058,2023-08-16,TJX Companies,Consumer Cyclical,Apparel - Retail,47065,4.4421
TMO,2024,2,2024Q2,4846,2024-07-24,Thermo Fisher Scientific,Healthcare,Medical - Diagnostics & Research,50405,9.8942
TPR,2024,2,2024Q2,4836,2024-02-08,"Tapestry, Inc.",Consumer Cyclical,Luxury Goods,58318,16.3569
TSN,2024,2,2024Q2,4791,2024-05-06,Tyson Foods,Consumer Defensive,Agricultural Farm Products,56179,-11.0609
UDR,2024,2,2024Q2,3553,2024-07-31,"UDR, Inc.",Real Estate,REIT - Residential,63098,13.9535
V,2024,2,2024Q2,4268,2024-04-23,Visa Inc.,Financial Services,Financial - Credit Services,53146,1.0689
VICI,2024,2,2024Q2,2498,2024-08-01,Vici Properties,Real Estate,REIT - Diversified,50608,8.6372
VRSK,2024,2,2024Q2,3641,2024-07-31,Verisk Analytics,Industrials,Consulting Services,50230,-5.8114
VRTX,2024,2,2024Q2,3874,2024-08-01,Vertex Pharmaceuticals,Healthcare,Biotechnology,53357,-3.2326
VST,2024,2,2024Q2,2218,2024-08-08,Vistra Corp.,Utilities,Independent Power Producers,50544,45.8824
VZ,2024,2,2024Q2,6159,2024-07-22,Verizon,Communication Services,Telecommunications Services,56122,3.1475
WDAY,2024,2,2024Q2,2129,2023-08-24,"Workday, Inc.",Technology,Software - Application,57547,-3.1663
WELL,2024,2,2024Q2,4350,2024-07-30,Welltower,Real Estate,REIT - Healthcare Facilities,54861,15.2351
WM,2024,2,2024Q2,5450,2024-07-25,Waste Management,Industrials,Waste Management,68401,-5.8193
WMT,2024,2,2024Q2,6219,2023-08-17,Walmart,Consumer Defensive,Discount Stores,68123,0.4144
YUM,2024,2,2024Q2,5560,2024-08-06,Yum! Brands,Consumer Cyclical,Restaurants,45231,-2.0402
AIG,2024,3,2024Q3,6282,2024-11-05,American International Group,Financial Services,Insurance - Diversified,56110,-8.2929
ALGN,2024,3,2024Q3,3252,2024-10-23,Align Technology,Healthcare,Medical - Devices,59754,11.8896
ALLE,2024,3,2024Q3,3853,2024-10-24,Allegion,Industrials,Security & Protection Services,28790,-6.8739
AMAT,2024,3,2024Q3,5724,2024-08-15,Applied Materials,Technology,Semiconductors,50353,-4.6169
APA,2024,3,2024Q3,5601,2024-11-07,APA Corporation,Energy,Oil & Gas Exploration & Production,54546,-14.9211
APD,2024,3,2024Q3,6088,2024-08-01,Air Products,Basic Materials,Chemicals - Specialty,49182,7.6862
AZO,2024,3,2024Q3,5654,2024-05-21,AutoZone,Consumer Cyclical,Specialty Retail,53776,-3.7291
BA,2024,3,2024Q3,6595,2024-10-23,Boeing,Industrials,Aerospace & Defense,51316,-2.0078
BLK,2024,3,2024Q3,4156,2024-10-11,BlackRock,Financial Services,Asset Management,55870,8.4628
C,2024,3,2024Q3,5949,2024-10-15,Citigroup,Financial Services,Banks - Diversified,76582,5.6658
CAH,2024,3,2024Q3,5633,2024-05-02,Cardinal Health,Healthcare,Medical - Distribution,63908,-1.9282
CCI,2024,3,2024Q3,4066,2024-10-16,Crown Castle,Real Estate,REIT - Specialty,54579,-8.1518
CFG,2024,3,2024Q3,3581,2024-10-16,Citizens Financial Group,Financial Services,Banks - Regional,46596,10.7636
COO,2024,3,2024Q3,3412,2024-08-29,Cooper Companies (The),Healthcare,Medical - Instruments & Supplies,53779,1.8443
COP,2024,3,2024Q3,6645,2024-10-31,ConocoPhillips,Energy,Oil & Gas Exploration & Production,45857,-1.9033
COST,2024,3,2024Q3,5830,2024-05-30,Costco,Consumer Defensive,Discount Stores,62804,4.3454
CSCO,2024,3,2024Q3,5819,2024-05-15,Cisco,Technology,Communication Equipment,56652,-2.9418
CSX,2024,3,2024Q3,6666,2024-10-16,CSX Corporation,Industrials,Railroads,64007,3.0448
CTVA,2024,3,2024Q3,2939,2024-11-07,Corteva,Basic Materials,Agricultural Inputs,53609,-6.8999
D,2024,3,2024Q3,3392,2024-11-01,Dominion Energy,Utilities,Regulated Electric,50920,-10.079
DE,2024,3,2024Q3,6697,2024-08-15,Deere & Company,Industrials,Agricultural - Machinery,56022,18.9934
DOW,2024,3,2024Q3,2959,2024-10-24,Dow Inc.,Basic Materials,Chemicals,47823,-18.4502
DVN,2024,3,2024Q3,5267,2024-11-06,Devon Energy,Energy,Oil & Gas Exploration & Production,55017,-22.4199
EME,2024,3,2024Q3,2002,2024-10-31,"EMCOR Group, Inc.",Industrials,Engineering & Construction,44982,11.0035
ERIE,2024,3,2024Q3,2160,2024-11-01,Erie Indemnity,Financial Services,Insurance - Brokers,14128,-5.7036
ES,2024,3,2024Q3,4287,2024-11-05,Eversource Energy,Utilities,Regulated Electric,54088,-11.4196
ETN,2024,3,2024Q3,6727,2024-10-31,Eaton Corporation,Industrials,Industrial - Machinery,64177,3.8505
ETR,2024,3,2024Q3,6737,2024-10-31,Entergy,Utilities,Regulated Electric,54221,10.4762
FANG,2024,3,2024Q3,3011,2024-11-05,Diamondback Energy,Energy,Oil & Gas Exploration & Production,53026,-13.1731
FCX,2024,3,2024Q3,863,2024-10-22,Freeport-McMoRan,Basic Materials,Copper,49045,-10.2211
FICO,2024,3,2024Q3,2359,2024-07-31,Fair Isaac,Technology,Software - Application,31368,16.81
FITB,2024,3,2024Q3,5674,2024-10-18,Fifth Third Bancorp,Financial Services,Banks - Regional,56162,4.849
FOX,2024,3,2024Q3,2969,2024-05-08,Fox Corporation (Class B),Communication Services,Entertainment,30031,7.4037
FRT,2024,3,2024Q3,3571,2024-10-30,Federal Realty Investment Trust,Real Estate,REIT - Retail,38571,0.0
GILD,2024,3,2024Q3,4855,2024-11-06,Gilead Sciences,Healthcare,Drug Manufacturers - General,56619,0.9598
GM,2024,3,2024Q3,3915,2024-10-22,General Motors,Consumer Cyclical,Auto - Manufacturers,57868,9.0538
GOOG,2024,3,2024Q3,4717,2024-10-29,Alphabet Inc. (Class C),Communication Services,Internet Content & Information,56645,13.1413
GOOGL,2024,3,2024Q3,3803,2024-10-29,Alphabet Inc. (Class A),Communication Services,Internet Content & Information,56645,13.1306
GWW,2024,3,2024Q3,6228,2024-10-31,W. W. Grainger,Industrials,Industrial - Distribution,30971,3.9369
HAS,2024,3,2024Q3,6118,2024-10-24,Hasbro,Consumer Cyclical,Leisure,44602,-6.1851
HLT,2024,3,2024Q3,3272,2024-10-23,Hilton Worldwide,Consumer Cyclical,Travel Lodging,50768,7.2481
HOLX,2024,3,2024Q3,3542,2024-07-29,Hologic,Healthcare,Medical - Instruments & Supplies,49204,0.4646
HST,2024,3,2024Q3,4615,2024-11-07,Host Hotels & Resorts,Real Estate,REIT - Hotel & Motel,47965,1.1673
HUBB,2024,3,2024Q3,2287,2024-10-29,Hubbell Incorporated,Industrials,Electrical Equipment & Parts,46096,1.6301
HUM,2024,3,2024Q3,3965,2024-10-30,Humana,Healthcare,Medical - Healthcare Plans,48666,5.823
HWM,2024,3,2024Q3,3402,2024-11-06,Howmet Aerospace,Industrials,Industrial - Machinery,43822,7.038
IDXX,2024,3,2024Q3,3372,2024-10-31,Idexx Laboratories,Healthcare,Medical - Diagnostics & Research,54368,-4.2077
IEX,2024,3,2024Q3,2890,2024-10-30,IDEX Corporation,Industrials,Industrial - Machinery,63100,10.3492
INCY,2024,3,2024Q3,3362,2024-10-29,Incyte,Healthcare,Biotechnology,54255,10.3517
INTC,2024,3,2024Q3,6312,2024-10-31,Intel,Technology,Semiconductors,57700,-3.2063
INVH,2024,3,2024Q3,2467,2024-10-31,Invitation Homes,Real Estate,REIT - Residential,51941,5.476
IT,2024,3,2024Q3,3282,2024-11-05,Gartner,Technology,Information Technology Services,45419,-4.6113
IVZ,2024,3,2024Q3,4473,2024-10-22,Invesco,Financial Services,Asset Management,59224,0.444
JCI,2024,3,2024Q3,4207,2024-07-31,Johnson Controls,Industrials,Construction,52749,3.1725
KDP,2024,3,2024Q3,2477,2024-10-24,Keurig Dr Pepper,Consumer Defensive,Beverages - Non-Alcoholic,46328,-10.8447
KEYS,2024,3,2024Q3,3045,2024-08-20,Keysight Technologies,Technology,"Hardware, Equipment & Parts",36503,11.5465
KHC,2024,3,2024Q3,3682,2024-10-30,Kraft Heinz,Consumer Defensive,Packaged Foods,30064,-9.3391
KMB,2024,3,2024Q3,1903,2024-10-22,Kimberly-Clark,Consumer Defensive,Household & Personal Products,38025,-5.1453
KMI,2024,3,2024Q3,4046,2024-10-16,Kinder Morgan,Energy,Oil & Gas Midstream,37109,13.3683
KR,2024,3,2024Q3,1911,2024-12-05,Kroger,Consumer Defensive,Grocery Stores,56428,-1.9195
LHX,2024,3,2024Q3,4431,2024-10-25,L3Harris,Industrials,Aerospace & Defense,52628,-5.9016
LKQ,2024,3,2024Q3,3493,2024-10-24,LKQ Corporation,Consumer Cyclical,Auto - Parts,43369,2.9381
LULU,2024,3,2024Q3,135,2024-12-05,Lululemon Athletica,Consumer Cyclical,Apparel - Retail,50861,12.4822
LYB,2024,3,2024Q3,4002,2024-11-01,LyondellBasell,Basic Materials,Chemicals - Specialty,50165,-14.0127
MA,2024,3,2024Q3,4493,2024-10-31,Mastercard,Financial Services,Financial - Credit Services,59691,2.9804
MRNA,2024,3,2024Q3,2618,2024-11-07,Moderna,Healthcare,Biotechnology,53330,-23.9722
MSFT,2024,3,2024Q3,5797,2024-04-25,Microsoft,Technology,Software - Infrastructure,55260,7.2248
MTD,2024,3,2024Q3,3432,2024-11-08,Mettler Toledo,Healthcare,Medical - Diagnostics & Research,62606,-12.5489
NDAQ,2024,3,2024Q3,4411,2024-10-24,"Nasdaq, Inc.",Financial Services,Financial - Data & Stock Exchanges,60258,9.7822
NEE,2024,3,2024Q3,6382,2024-10-23,NextEra Energy,Utilities,Regulated Electric,49971,-8.9606
NI,2024,3,2024Q3,5258,2024-10-30,NiSource,Utilities,Regulated Gas,50262,6.1302
NWSA,2024,3,2024Q3,3895,2024-05-08,News Corp (Class A),Communication Services,Entertainment,37311,9.9509
OXY,2024,3,2024Q3,6956,2024-11-13,Occidental Petroleum,Energy,Oil & Gas Exploration & Production,49946,-5.2034
PCAR,2024,3,2024Q3,6272,2024-10-22,Paccar,Industrials,Agricultural - Machinery,42668,8.0285
PG,2024,3,2024Q3,6997,2024-04-19,Procter & Gamble,Consumer Defensive,Household & Personal Products,54830,4.6793
PH,2024,3,2024Q3,6035,2024-05-02,Parker Hannifin,Industrials,Industrial - Machinery,51613,-7.3044
PM,2024,3,2024Q3,4532,2024-10-22,Philip Morris International,Consumer Defensive,Tobacco,47293,9.6839
PRU,2024,3,2024Q3,5028,2024-10-31,Prudential Financial,Financial Services,Insurance - Life,53903,-4.8642
PSKY,2024,3,2024Q3,5754,2024-11-08,Paramount Skydance Corp,Communication Services,Entertainment,38407,-4.6573
RCL,2024,3,2024Q3,3753,2024-10-29,Royal Caribbean Group,Consumer Cyclical,Travel Services,53770,20.6368
REG,2024,3,2024Q3,3342,2024-10-29,Regency Centers,Real Estate,REIT - Retail,45776,3.4146
SBAC,2024,3,2024Q3,3180,2024-10-28,SBA Communications,Real Estate,REIT - Specialty,55442,-9.89
SHW,2024,3,2024Q3,6555,2024-10-22,Sherwin-Williams,Basic Materials,Chemicals - Specialty,57569,2.7033
SJM,2024,3,2024Q3,4391,2024-02-27,J.M. Smucker Company (The),Consumer Defensive,Packaged Foods,36950,-9.3493
SNPS,2024,3,2024Q3,3332,2024-08-21,Synopsys,Technology,Software - Infrastructure,46201,-11.6101
SRE,2024,3,2024Q3,3322,2024-11-06,Sempra,Utilities,Diversified Utilities,48820,4.4377
SWK,2024,3,2024Q3,6206,2024-10-29,Stanley Black & Decker,Industrials,Manufacturing - Tools & Accessories,51980,-18.5775
TDY,2024,3,2024Q3,2719,2024-10-23,Teledyne Technologies,Technology,"Hardware, Equipment & Parts",29874,7.4928
TKO,2024,3,2024Q3,2092,2024-11-06,TKO Group Holdings,Communication Services,Entertainment,52182,19.3978
TPR,2024,3,2024Q3,4835,2024-05-09,"Tapestry, Inc.",Consumer Cyclical,Luxury Goods,55221,9.6203
TSCO,2024,3,2024Q3,3823,2024-10-24,Tractor Supply,Consumer Cyclical,Specialty Retail,56362,-3.3037
UDR,2024,3,2024Q3,3552,2024-10-31,"UDR, Inc.",Real Estate,REIT - Residential,68800,2.1125
V,2024,3,2024Q3,4267,2024-07-23,Visa Inc.,Financial Services,Financial - Credit Services,57311,5.223
VRSN,2024,3,2024Q3,4727,2024-10-24,Verisign,Technology,Software - Infrastructure,20559,8.2865
WDAY,2024,3,2024Q3,2128,2023-11-28,"Workday, Inc.",Technology,Software - Application,53926,19.3444
WDC,2024,3,2024Q3,4309,2024-04-25,Western Digital,Technology,Computer Hardware,55006,11.0349
WFC,2024,3,2024Q3,6402,2024-10-11,Wells Fargo,Financial Services,Banks - Diversified,47477,31.5325
WTW,2024,3,2024Q3,3601,2024-10-31,Willis Towers Watson,Financial Services,Insurance - Brokers,47602,6.0809
XEL,2024,3,2024Q3,7067,2024-10-31,Xcel Energy,Utilities,Regulated Electric,54087,8.0412
XYZ,2024,3,2024Q3,2032,2024-11-07,"Block, Inc.",Technology,Software - Infrastructure,45836,15.4688
ABT,2024,4,2024Q4,1787,2025-01-22,Abbott Laboratories,Healthcare,Medical - Devices,49195,15.6606
ADSK,2024,4,2024Q4,5889,2024-02-29,Autodesk,Technology,Software - Application,56752,-11.0586
AKAM,2024,4,2024Q4,1047,2025-02-20,Akamai Technologies,Technology,Software - Infrastructure,72958,-24.8291
ALB,2024,4,2024Q4,591,2025-02-13,Albemarle Corporation,Basic Materials,Chemicals - Specialty,50155,-5.7572
AME,2024,4,2024Q4,759,2025-02-04,Ametek,Industrials,Industrial - Machinery,44502,-3.8342
ARE,2024,4,2024Q4,535,2025-01-28,Alexandria Real Estate Equities,Real Estate,REIT - Office,60690,-0.617
ATO,2024,4,2024Q4,3000,2024-11-07,Atmos Energy,Utilities,Regulated Gas,31585,0.5832
CARR,2024,4,2024Q4,327,2025-02-11,Carrier Global,Industrials,Construction,55747,1.1173
CB,2024,4,2024Q4,899,2025-01-29,Chubb Limited,Financial Services,Insurance - Property & Casualty,40395,5.9794
CCI,2024,4,2024Q4,839,2025-03-13,Crown Castle,Real Estate,REIT - Specialty,48014,6.131
CHTR,2024,4,2024Q4,583,2025-01-31,Charter Communications,Communication Services,Telecommunications Services,55393,5.1869
CINF,2024,4,2024Q4,1382,2025-02-11,Cincinnati Financial,Financial Services,Insurance - Property & Casualty,28919,8.015
CMCSA,2024,4,2024Q4,1187,2025-01-30,Comcast,Communication Services,Telecommunications Services,51146,-5.166
CMG,2024,4,2024Q4,871,2025-02-04,Chipotle Mexican Grill,Consumer Cyclical,Restaurants,60552,-16.9773
CNC,2024,4,2024Q4,627,2025-02-04,Centene Corporation,Healthcare,Medical - Healthcare Plans,48421,-8.6239
COF,2024,4,2024Q4,1359,2025-01-21,Capital One,Financial Services,Financial - Credit Services,67915,-8.8401
COO,2024,4,2024Q4,579,2024-12-05,Cooper Companies (The),Healthcare,Medical - Instruments & Supplies,54343,-7.3138
CRWD,2024,4,2024Q4,2186,2024-03-05,CrowdStrike,Technology,Software - Infrastructure,53076,-1.1628
CVX,2024,4,2024Q4,1835,2025-01-31,Chevron Corporation,Energy,Oil & Gas Integrated,60323,1.5353
DAL,2024,4,2024Q4,767,2025-01-10,Delta Air Lines,Industrials,"Airlines, Airports & Air Services",56359,0.6024
DE,2024,4,2024Q4,6696,2024-11-21,Deere & Company,Industrials,Agricultural - Machinery,60149,2.0521
DELL,2024,4,2024Q4,2149,2024-02-29,Dell Technologies,Technology,Computer Hardware,51346,24.4559
DIS,2024,4,2024Q4,6361,2024-11-14,Walt Disney Company (The),Communication Services,Entertainment,37302,7.866
DOV,2024,4,2024Q4,1583,2025-01-30,Dover Corporation,Industrials,Industrial - Machinery,39513,-8.2185
DOW,2024,4,2024Q4,403,2025-01-30,Dow Inc.,Basic Materials,Chemicals,51367,-9.9391
DUK,2024,4,2024Q4,1711,2025-02-13,Duke Energy,Utilities,Regulated Electric,38466,2.6124
EME,2024,4,2024Q4,11,2025-02-26,"EMCOR Group, Inc.",Industrials,Engineering & Construction,71266,-1.7662
EQIX,2024,4,2024Q4,699,2025-02-12,Equinix,Real Estate,REIT - Specialty,58706,-14.136
EQT,2024,4,2024Q4,195,2025-02-19,EQT Corporation,Energy,Oil & Gas Exploration & Production,59163,1.5619
EVRG,2024,4,2024Q4,463,2025-02-27,Evergy,Utilities,Regulated Electric,51943,-5.2388
EW,2024,4,2024Q4,879,2025-02-11,Edwards Lifesciences,Healthcare,Medical - Devices,50333,0.3949
FCX,2024,4,2024Q4,862,2025-01-23,Freeport-McMoRan,Basic Materials,Copper,57897,-5.5001
FDS,2024,4,2024Q4,2556,2024-09-19,FactSet,Financial Services,Financial - Data & Stock Exchanges,55533,1.6226
FE,2024,4,2024Q4,1391,2025-02-27,FirstEnergy,Utilities,Regulated Electric,49691,-6.8757
FITB,2024,4,2024Q4,1439,2025-01-21,Fifth Third Bancorp,Financial Services,Banks - Regional,56518,-8.7731
FTNT,2024,4,2024Q4,439,2025-02-06,Fortinet,Technology,Software - Infrastructure,54141,-4.7078
GEHC,2024,4,2024Q4,175,2025-02-13,GE HealthCare,Healthcare,Medical - Healthcare Information Services,53086,-6.8568
HCA,2024,4,2024Q4,711,2025-01-24,HCA Healthcare,Healthcare,Medical - Care Facilities,51431,3.3194
HOOD,2024,4,2024Q4,15,2025-02-12,"Robinhood Markets, Inc.",Financial Services,Financial - Capital Markets,50899,-25.0224
HST,2024,4,2024Q4,1055,2025-02-20,Host Hotels & Resorts,Real Estate,REIT - Hotel & Motel,43596,-22.1311
IFF,2024,4,2024Q4,1727,2025-02-19,International Flavors & Fragrances,Basic Materials,Chemicals - Specialty,55710,-6.7569
INVH,2024,4,2024Q4,207,2025-02-27,Invitation Homes,Real Estate,REIT - Residential,55904,-3.6014
IP,2024,4,2024Q4,1899,2025-01-30,International Paper,Consumer Cyclical,Packaging & Containers,60159,-11.3315
IPG,2024,4,2024Q4,1506,2025-02-12,Interpublic Group of Companies (The),Communication Services,Advertising Agencies,45916,-2.834
ISRG,2024,4,2024Q4,1015,2025-01-23,Intuitive Surgical,Healthcare,Medical - Instruments & Supplies,53450,-20.7094
IVZ,2024,4,2024Q4,999,2025-01-28,Invesco,Financial Services,Asset Management,58546,-14.0845
J,2024,4,2024Q4,4552,2024-11-19,Jacobs Solutions,Industrials,Engineering & Construction,44953,-4.6718
JKHY,2024,4,2024Q4,3033,2024-08-21,Jack Henry & Associates,Technology,Information Technology Services,55081,10.891
JNJ,2024,4,2024Q4,1747,2025-01-22,Johnson & Johnson,Healthcare,Drug Manufacturers - General,61651,11.9339
KEY,2024,4,2024Q4,1491,2025-01-21,KeyCorp,Financial Services,Banks - Regional,50956,-11.1475
KIM,2024,4,2024Q4,1087,2025-02-07,Kimco Realty,Real Estate,REIT - Retail,67165,-4.8193
KLAC,2024,4,2024Q4,5570,2024-07-24,KLA Corporation,Technology,Semiconductors,58800,-7.0087
KMI,2024,4,2024Q4,831,2025-01-22,Kinder Morgan,Energy,Oil & Gas Midstream,41421,-15.0747
KVUE,2024,4,2024Q4,150,2025-02-06,Kenvue,Consumer Defensive,Household & Personal Products,55413,12.3915
LII,2024,4,2024Q4,59,2025-01-29,Lennox International,Industrials,Construction,53733,-15.7081
LYV,2024,4,2024Q4,343,2025-02-20,Live Nation Entertainment,Communication Services,Entertainment,23557,-20.667
MA,2024,4,2024Q4,1007,2025-01-30,Mastercard,Financial Services,Financial - Credit Services,61575,-3.8557
MAR,2024,4,2024Q4,1367,2025-02-11,Marriott International,Consumer Cyclical,Travel Lodging,49317,-18.9621
MCO,2024,4,2024Q4,1363,2025-02-13,Moody's Corporation,Financial Services,Financial - Data & Stock Exchanges,61482,-8.7172
MDLZ,2024,4,2024Q4,807,2025-02-04,Mondelez International,Consumer Defensive,Food Confectioners,48777,13.9522
META,2024,4,2024Q4,747,2025-01-29,Meta Platforms,Communication Services,Internet Content & Information,53794,-10.1834
MHK,2024,4,2024Q4,751,2025-02-07,Mohawk Industries,Consumer Cyclical,"Furnishings, Fixtures & Appliances",50391,-4.4847
MKC,2024,4,2024Q4,1171,2025-01-23,McCormick & Company,Consumer Defensive,Packaged Foods,63221,12.8072
MLM,2024,4,2024Q4,727,2025-02-12,Martin Marietta Materials,Basic Materials,Construction Materials,54888,-8.4499
MMM,2024,4,2024Q4,1919,2025-01-21,3M,Industrials,Conglomerates,58701,4.6657
MNST,2024,4,2024Q4,827,2025-02-27,Monster Beverage,Consumer Defensive,Beverages - Non-Alcoholic,42887,11.9992
MOH,2024,4,2024Q4,231,2025-02-06,Molina Healthcare,Healthcare,Medical - Healthcare Plans,59483,9.6979
MRK,2024,4,2024Q4,1927,2025-02-04,Merck & Co.,Healthcare,Drug Manufacturers - General,58580,-5.7821
MTB,2024,4,2024Q4,1155,2025-01-16,M&T Bank,Financial Services,Banks - Regional,52285,-6.0039
NCLH,2024,4,2024Q4,479,2025-02-27,Norwegian Cruise Line Holdings,Consumer Cyclical,Travel Services,54034,-33.3733
NEE,2024,4,2024Q4,1715,2025-01-24,NextEra Energy,Utilities,Regulated Electric,53529,10.0101
NI,2024,4,2024Q4,1279,2025-02-12,NiSource,Utilities,Regulated Gas,49866,3.4348
ON,2024,4,2024Q4,215,2025-02-10,ON Semiconductor,Technology,Semiconductors,52953,-11.5902
ORCL,2024,4,2024Q4,5906,2024-06-11,Oracle Corporation,Technology,Software - Infrastructure,34912,12.2134
OTIS,2024,4,2024Q4,331,2025-01-29,Otis Worldwide,Industrials,Industrial - Machinery,61049,3.9011
PCG,2024,4,2024Q4,199,2025-02-13,PG&E Corporation,Utilities,Regulated Electric,52706,6.0512
PGR,2024,4,2024Q4,1407,2025-03-04,Progressive Corporation,Financial Services,Insurance - Property & Casualty,62142,-3.1465
PKG,2024,4,2024Q4,503,2025-01-29,Packaging Corporation of America,Consumer Cyclical,Packaging & Containers,57114,-19.4539
PLTR,2024,4,2024Q4,79,2025-02-03,Palantir Technologies,Technology,Software - Infrastructure,47020,2.8182
PM,2024,4,2024Q4,1023,2025-02-06,Philip Morris International,Consumer Defensive,Tobacco,61923,15.6512
PPG,2024,4,2024Q4,1963,2025-01-31,PPG Industries,Basic Materials,Chemicals - Specialty,56657,-7.2587
PPL,2024,4,2024Q4,1239,2025-02-13,PPL Corporation,Utilities,Regulated Electric,49270,3.4473
PTC,2024,4,2024Q4,2638,2024-11-06,PTC Inc.,Technology,Software - Application,53573,-5.2818
RCL,2024,4,2024Q4,715,2025-01-28,Royal Caribbean Group,Consumer Cyclical,Travel Services,55426,-12.4398
RL,2024,4,2024Q4,4636,2024-05-23,Ralph Lauren Corporation,Consumer Cyclical,Apparel - Manufacturers,56571,9.3118
TAP,2024,4,2024Q4,1719,2025-02-13,Molson Coors Beverage Company,Consumer Defensive,Beverages - Alcoholic,57962,13.246
TDG,2024,4,2024Q4,3472,2024-11-07,TransDigm Group,Industrials,Aerospace & Defense,47566,-7.6993
TGT,2024,4,2024Q4,1691,2025-03-04,Target Corporation,Consumer Defensive,Discount Stores,123262,-23.7496
TRGP,2024,4,2024Q4,191,2025-02-20,Targa Resources,Energy,Oil & Gas Midstream,59636,-14.0615
UAL,2024,4,2024Q4,679,2025-01-22,United Airlines Holdings,Industrials,"Airlines, Airports & Air Services",62942,-21.9417
ULTA,2024,4,2024Q4,622,2025-03-13,Ulta Beauty,Consumer Cyclical,Specialty Retail,55464,22.8861
UPS,2024,4,2024Q4,1219,2025-01-30,United Parcel Service,Industrials,Integrated Freight & Logistics,72091,-12.7224
VICI,2024,4,2024Q4,219,2025-02-21,Vici Properties,Real Estate,REIT - Diversified,52044,-0.5527
VLO,2024,4,2024Q4,1179,2025-01-30,Valero Energy,Energy,Oil & Gas Refining & Marketing,50842,-7.4132
VRSN,2024,4,2024Q4,1099,2025-02-06,Verisign,Technology,Software - Infrastructure,25907,10.6831
WAB,2024,4,2024Q4,415,2025-02-12,Wabtec,Industrials,Railroads,57207,-10.1864
WMB,2024,4,2024Q4,1735,2025-02-13,Williams Companies,Energy,Oil & Gas Midstream,60248,7.9715
WMT,2024,4,2024Q4,6217,2024-02-20,Walmart,Consumer Defensive,Discount Stores,61087,4.6487
XYZ,2024,4,2024Q4,23,2025-02-20,"Block, Inc.",Technology,Software - Infrastructure,44691,-39.475
YUM,2024,4,2024Q4,1395,2025-02-06,Yum! Brands,Consumer Cyclical,Restaurants,49452,19.4286
ABNB,2025,1,2025Q1,142,2025-05-01,Airbnb,Consumer Cyclical,Travel Services,52526,10.6443
ABT,2025,1,2025Q1,1786,2025-04-16,Abbott Laboratories,Healthcare,Medical - Devices,51675,5.8311
ALL,2025,1,2025Q1,1442,2025-05-01,Allstate,Financial Services,Insurance - Property & Casualty,56033,0.2672
AMZN,2025,1,2025Q1,1106,2025-05-01,Amazon,Consumer Cyclical,Specialty Retail,48530,15.0092
APD,2025,1,2025Q1,1599,2025-02-06,Air Products,Basic Materials,Chemicals - Specialty,31951,-12.4569
ARE,2025,1,2025Q1,534,2025-04-29,Alexandria Real Estate Equities,Real Estate,REIT - Office,67886,0.6752
ATO,2025,1,2025Q1,419,2025-02-05,Atmos Energy,Utilities,Regulated Gas,22785,5.9129
AVY,2025,1,2025Q1,1558,2025-04-23,Avery Dennison,Industrials,Business Equipment & Supplies,58047,1.653
AWK,2025,1,2025Q1,637,2025-05-01,American Water Works,Utilities,Regulated Water,22957,-3.7889
BK,2025,1,2025Q1,1454,2025-04-11,BNY Mellon,Financial Services,Asset Management,65593,17.7784
BLDR,2025,1,2025Q1,118,2025-05-01,Builders FirstSource,Industrials,Construction,58130,-6.9715
BX,2025,1,2025Q1,146,2025-04-17,Blackstone Inc.,Financial Services,Asset Management,58104,7.2886
CBOE,2025,1,2025Q1,554,2025-05-02,Cboe Global Markets,Financial Services,Financial - Data & Stock Exchanges,51364,1.4828
CDNS,2025,1,2025Q1,482,2025-04-28,Cadence Design Systems,Technology,Software - Application,42968,7.5103
CEG,2025,1,2025Q1,238,2025-05-06,Constellation Energy,Utilities,Renewable Utilities,56738,23.4261
CHTR,2025,1,2025Q1,582,2025-04-25,Charter Communications,Communication Services,Telecommunications Services,48151,17.6632
CL,2025,1,2025Q1,1810,2025-04-25,Colgate-Palmolive,Consumer Defensive,Household & Personal Products,60480,-1.9741
CMI,2025,1,2025Q1,1774,2025-05-05,Cummins,Industrials,Industrial - Machinery,50917,4.9858
CRM,2025,1,2025Q1,4441,2024-05-29,Salesforce,Technology,Software - Application,60634,-6.9067
CSGP,2025,1,2025Q1,202,2025-04-30,CoStar Group,Real Estate,Real Estate - Services,58425,-0.399
CTRA,2025,1,2025Q1,1010,2025-05-06,Coterra,Energy,Oil & Gas Exploration & Production,52503,5.8567
CTVA,2025,1,2025Q1,394,2025-05-08,Corteva,Basic Materials,Agricultural Inputs,51879,19.1421
D,2025,1,2025Q1,570,2025-05-01,Dominion Energy,Utilities,Regulated Electric,37163,2.078
DECK,2025,1,2025Q1,2232,2024-07-25,Deckers Brands,Consumer Cyclical,Apparel - Footwear & Accessories,56390,6.2531
DELL,2025,1,2025Q1,2148,2024-05-30,Dell Technologies,Technology,Computer Hardware,49437,-20.9863
DIS,2025,1,2025Q1,1707,2025-02-05,Walt Disney Company (The),Communication Services,Entertainment,28367,-12.7449
DLTR,2025,1,2025Q1,841,2025-06-04,Dollar Tree,Consumer Defensive,Discount Stores,52475,13.8544
DXCM,2025,1,2025Q1,322,2025-05-01,Dexcom,Healthcare,Medical - Devices,60860,18.1327
EQR,2025,1,2025Q1,1230,2025-04-30,Equity Residential,Real Estate,REIT - Residential,54832,0.9205
ETR,2025,1,2025Q1,1854,2025-04-29,Entergy,Utilities,Regulated Electric,46455,-3.4552
EVRG,2025,1,2025Q1,462,2025-05-08,Evergy,Utilities,Regulated Electric,42735,-1.6801
FCX,2025,1,2025Q1,861,2025-04-24,Freeport-McMoRan,Basic Materials,Copper,53260,17.8744
FIS,2025,1,2025Q1,1078,2025-05-06,Fidelity National Information Services,Technology,Information Technology Services,44451,2.7068
FOX,2025,1,2025Q1,407,2024-11-04,Fox Corporation (Class B),Communication Services,Entertainment,30671,19.4909
FSLR,2025,1,2025Q1,182,2025-04-29,First Solar,Energy,Solar,73899,22.2894
GM,2025,1,2025Q1,778,2025-05-05,General Motors,Consumer Cyclical,Auto - Manufacturers,58282,6.5784
GNRC,2025,1,2025Q1,278,2025-04-30,Generac,Industrials,Industrial - Machinery,64287,13.3787
GOOG,2025,1,2025Q1,1094,2025-04-24,Alphabet Inc. (Class C),Communication Services,Internet Content & Information,49898,10.0081
GS,2025,1,2025Q1,1206,2025-04-14,Goldman Sachs,Financial Services,Financial - Capital Markets,56269,23.0564
GWW,2025,1,2025Q1,1654,2025-05-01,W. W. Grainger,Industrials,Industrial - Distribution,50797,3.8973
HOLX,2025,1,2025Q1,630,2025-02-05,Hologic,Healthcare,Medical - Instruments & Supplies,51024,-15.5632
HPQ,2025,1,2025Q1,1739,2025-02-27,HP Inc.,Technology,Computer Hardware,46610,-29.2484
HWM,2025,1,2025Q1,574,2025-05-01,Howmet Aerospace,Industrials,Industrial - Machinery,45066,23.5388
IBM,2025,1,2025Q1,1894,2025-04-23,IBM,Technology,Information Technology Services,49681,9.5283
INCY,2025,1,2025Q1,558,2025-04-29,Incyte,Healthcare,Biotechnology,57074,15.6754
INVH,2025,1,2025Q1,206,2025-05-01,Invitation Homes,Real Estate,REIT - Residential,44437,-4.9274
IQV,2025,1,2025Q1,490,2025-05-06,IQVIA,Healthcare,Medical - Diagnostics & Research,46041,1.5167
IRM,2025,1,2025Q1,954,2025-05-01,Iron Mountain,Real Estate,REIT - Specialty,39802,13.2932
IT,2025,1,2025Q1,526,2025-05-06,Gartner,Technology,Information Technology Services,50584,-6.4663
ITW,2025,1,2025Q1,1574,2025-04-30,Illinois Tool Works,Industrials,Industrial - Machinery,38992,1.7622
KEY,2025,1,2025Q1,1490,2025-04-17,KeyCorp,Financial Services,Banks - Regional,39819,12.2957
KHC,2025,1,2025Q1,686,2025-04-29,Kraft Heinz,Consumer Defensive,Packaged Foods,24882,-8.2957
KKR,2025,1,2025Q1,94,2025-05-01,KKR,Financial Services,Asset Management,65952,6.1783
KVUE,2025,1,2025Q1,149,2025-05-08,Kenvue,Consumer Defensive,Household & Personal Products,52035,-7.5292
LDOS,2025,1,2025Q1,378,2025-05-06,Leidos,Technology,Information Technology Services,52300,0.2771
LEN,2025,1,2025Q1,1110,2025-03-21,Lennar,Consumer Cyclical,Residential Construction,57742,-9.0447
LH,2025,1,2025Q1,1134,2025-04-29,LabCorp,Healthcare,Medical - Diagnostics & Research,52679,13.2186
LII,2025,1,2025Q1,58,2025-04-23,Lennox International,Industrials,Construction,54165,-1.4886
LIN,2025,1,2025Q1,1510,2025-05-01,Linde plc,Basic Materials,Chemicals - Specialty,60000,2.8131
LKQ,2025,1,2025Q1,610,2025-04-24,LKQ Corporation,Consumer Cyclical,Auto - Parts,38618,-7.2158
LRCX,2025,1,2025Q1,4024,2024-10-23,Lam Research,Technology,Semiconductors,56473,5.1194
LW,2025,1,2025Q1,427,2024-10-02,Lamb Weston,Consumer Defensive,Packaged Foods,49182,23.3554
LYB,2025,1,2025Q1,814,2025-04-25,LyondellBasell,Basic Materials,Chemicals - Specialty,51066,-1.2996
MDLZ,2025,1,2025Q1,806,2025-04-29,Mondelez International,Consumer Defensive,Food Confectioners,50645,3.7624
MHK,2025,1,2025Q1,750,2025-05-02,Mohawk Industries,Consumer Cyclical,"Furnishings, Fixtures & Appliances",57595,-3.1752
MPC,2025,1,2025Q1,866,2025-05-06,Marathon Petroleum,Energy,Oil & Gas Refining & Marketing,53338,16.8074
MTB,2025,1,2025Q1,1154,2025-04-14,M&T Bank,Financial Services,Banks - Regional,47582,14.8718
NCLH,2025,1,2025Q1,478,2025-04-30,Norwegian Cruise Line Holdings,Consumer Cyclical,Travel Services,58761,7.71
NEE,2025,1,2025Q1,1714,2025-04-23,NextEra Energy,Utilities,Regulated Electric,48053,7.2929
NKE,2025,1,2025Q1,5937,2024-10-01,"Nike, Inc.",Consumer Cyclical,Apparel - Footwear & Accessories,42414,-14.1479
O,2025,1,2025Q1,694,2025-05-05,Realty Income,Real Estate,REIT - Retail,55816,1.0007
ORCL,2025,1,2025Q1,5905,2024-09-09,Oracle Corporation,Technology,Software - Infrastructure,42203,25.3199
OXY,2025,1,2025Q1,1942,2025-05-08,Occidental Petroleum,Energy,Oil & Gas Exploration & Production,46928,2.5097
PCG,2025,1,2025Q1,198,2025-04-24,PG&E Corporation,Utilities,Regulated Electric,51172,-10.7815
PHM,2025,1,2025Q1,1614,2025-04-22,PulteGroup,Consumer Cyclical,Residential Construction,54258,9.4082
PM,2025,1,2025Q1,1022,2025-04-23,Philip Morris International,Consumer Defensive,Tobacco,45290,10.8769
REGN,2025,1,2025Q1,782,2025-04-29,Regeneron Pharmaceuticals,Healthcare,Biotechnology,53988,-8.2737
RMD,2025,1,2025Q1,3230,2024-10-24,ResMed,Healthcare,Medical - Instruments & Supplies,63507,2.3886
STLD,2025,1,2025Q1,178,2025-04-23,Steel Dynamics,Basic Materials,Steel,54111,12.5309
STX,2025,1,2025Q1,4012,2024-10-22,Seagate Technology,Technology,Computer Hardware,51343,-12.8374
STZ,2025,1,2025Q1,4800,2024-07-03,Constellation Brands,Consumer Defensive,Beverages - Wineries & Distilleries,52319,-5.2908
SW,2025,1,2025Q1,82,2025-05-01,Smurfit WestRock,Consumer Cyclical,Packaging & Containers,58067,-0.0952
SWKS,2025,1,2025Q1,707,2025-02-05,Skyworks Solutions,Technology,Semiconductors,35355,-22.7722
T,2025,1,2025Q1,1622,2025-04-23,AT&T,Communication Services,Telecommunications Services,58458,2.9674
TDG,2025,1,2025Q1,603,2025-02-04,TransDigm Group,Industrials,Aerospace & Defense,47513,1.3705
TFC,2025,1,2025Q1,1386,2025-04-17,Truist Financial,Financial Services,Banks - Regional,51258,8.9722
TTWO,2025,1,2025Q1,3138,2024-08-08,Take-Two Interactive,Technology,Electronic Gaming & Multimedia,37398,7.8902
USB,2025,1,2025Q1,1298,2025-04-16,U.S. Bancorp,Financial Services,Banks - Regional,58454,12.8398
VLTO,2025,1,2025Q1,138,2025-04-30,Veralto,Industrials,Industrial - Pollution & Treatment Controls,50960,6.0801
VMC,2025,1,2025Q1,1314,2025-04-30,Vulcan Materials Company,Basic Materials,Construction Materials,41071,8.225
VTR,2025,1,2025Q1,946,2025-05-01,Ventas,Real Estate,REIT - Healthcare Facilities,63606,-8.8756
VTRS,2025,1,2025Q1,1150,2025-05-08,Viatris,Healthcare,Drug Manufacturers - Specialty & Generic,40598,2.907
VZ,2025,1,2025Q1,1626,2025-04-22,Verizon,Communication Services,Telecommunications Services,62184,0.7221
WBD,2025,1,2025Q1,222,2025-05-08,Warner Bros. Discovery,Communication Services,Entertainment,40391,24.7664
WFC,2025,1,2025Q1,1722,2025-04-11,Wells Fargo,Financial Services,Banks - Diversified,74548,17.2397
WM,2025,1,2025Q1,1350,2025-04-29,Waste Management,Industrials,Waste Management,64675,2.2743
WMB,2025,1,2025Q1,1734,2025-05-06,Williams Companies,Energy,Oil & Gas Midstream,55506,-1.7451
WRB,2025,1,2025Q1,358,2025-04-21,W. R. Berkley Corporation,Financial Services,Insurance - Property & Casualty,44665,9.9658
XOM,2025,1,2025Q1,1990,2025-05-02,ExxonMobil,Energy,Oil & Gas Integrated,51235,6.3339
ZBH,2025,1,2025Q1,1246,2025-05-05,Zimmer Biomet,Healthcare,Medical - Devices,57473,-11.8871
ACN,2025,2,2025Q2,858,2025-03-20,Accenture,Technology,Information Technology Services,56454,-5.8989
ADP,2025,2,2025Q2,1663,2025-01-29,Automatic Data Processing,Industrials,Staffing & Employment Services,52569,-2.6013
AEP,2025,2,2025Q2,1793,2025-07-30,American Electric Power,Utilities,Regulated Electric,54949,-0.4395
ALB,2025,2,2025Q2,589,2025-07-31,Albemarle Corporation,Basic Materials,Chemicals - Specialty,52157,19.4399
ARE,2025,2,2025Q2,533,2025-07-22,Alexandria Real Estate Equities,Real Estate,REIT - Office,52423,2.7265
ATO,2025,2,2025Q2,418,2025-05-08,Atmos Energy,Utilities,Regulated Gas,24581,-3.867
BAX,2025,2,2025Q2,1749,2025-07-31,Baxter International,Healthcare,Medical - Instruments & Supplies,53406,-14.4742
BEN,2025,2,2025Q2,1370,2025-05-02,Franklin Resources,Financial Services,Asset Management,54839,21.5582
BG,2025,2,2025Q2,165,2025-07-30,Bunge Global,Consumer Defensive,Agricultural Farm Products,40284,7.3356
BRO,2025,2,2025Q2,249,2025-07-29,Brown & Brown,Financial Services,Insurance - Brokers,46762,-9.8265
BX,2025,2,2025Q2,145,2025-07-24,Blackstone Inc.,Financial Services,Asset Management,51290,-1.1456
C,2025,2,2025Q2,1545,2025-07-15,Citigroup,Financial Services,Banks - Diversified,75396,9.3943
CAH,2025,2,2025Q2,1423,2025-01-30,Cardinal Health,Healthcare,Medical - Distribution,65162,0.1879
CLX,2025,2,2025Q2,1771,2025-02-03,Clorox,Consumer Defensive,Household & Personal Products,66376,-9.1501
CNP,2025,2,2025Q2,1589,2025-07-24,CenterPoint Energy,Utilities,Regulated Electric,50199,1.778
CPB,2025,2,2025Q2,1822,2025-03-05,Campbell Soup Company,Consumer Defensive,Packaged Foods,52842,-8.6288
CSCO,2025,2,2025Q2,1495,2025-02-12,Cisco,Technology,Communication Equipment,51067,-2.6707
CSGP,2025,2,2025Q2,201,2025-07-23,CoStar Group,Real Estate,Real Estate - Services,53435,4.6266
CTRA,2025,2,2025Q2,1009,2025-08-05,Coterra,Energy,Oil & Gas Exploration & Production,54070,1.8805
CTVA,2025,2,2025Q2,393,2025-08-07,Corteva,Basic Materials,Agricultural Inputs,52842,-0.4356
CVS,2025,2,2025Q2,1829,2025-08-06,CVS Health,Healthcare,Medical - Healthcare Plans,52943,17.3447
D,2025,2,2025Q2,569,2025-08-01,Dominion Energy,Utilities,Regulated Electric,30469,3.6441
DAY,2025,2,2025Q2,252,2025-08-06,Dayforce,Technology,Software - Application,49366,29.5809
DDOG,2025,2,2025Q2,29,2025-08-07,Datadog,Technology,Software - Application,51712,1.3581
DECK,2025,2,2025Q2,111,2024-10-24,Deckers Brands,Consumer Cyclical,Apparel - Footwear & Accessories,50300,32.5638
DHI,2025,2,2025Q2,1130,2025-04-17,D. R. Horton,Consumer Cyclical,Residential Construction,59495,-0.553
DIS,2025,2,2025Q2,1706,2025-05-07,Walt Disney Company (The),Communication Services,Entertainment,35170,27.6229
DVN,2025,2,2025Q2,1281,2025-08-12,Devon Energy,Energy,Oil & Gas Exploration & Production,55856,7.119
EA,2025,2,2025Q2,1199,2024-10-29,Electronic Arts,Technology,Electronic Gaming & Multimedia,44112,11.6536
EL,2025,2,2025Q2,1103,2025-02-04,Estée Lauder Companies (The),Consumer Defensive,Household & Personal Products,54873,-18.3279
EQR,2025,2,2025Q2,1229,2025-08-05,Equity Residential,Real Estate,REIT - Residential,61225,3.1275
EVRG,2025,2,2025Q2,461,2025-08-07,Evergy,Utilities,Regulated Electric,43326,-1.3106
EXE,2025,2,2025Q2,41,2025-07-30,Expand Energy,Energy,Oil & Gas Exploration & Production,41963,-3.5524
FANG,2025,2,2025Q2,421,2025-08-05,Diamondback Energy,Energy,Oil & Gas Exploration & Production,48357,-4.9465
FOXA,2025,2,2025Q2,411,2025-02-04,Fox Corporation (Class A),Communication Services,Entertainment,28519,1.9057
FTV,2025,2,2025Q2,593,2025-07-30,Fortive,Technology,"Hardware, Equipment & Parts",52867,-1.6516
GLW,2025,2,2025Q2,1461,2025-07-29,Corning Inc.,Technology,"Hardware, Equipment & Parts",46902,35.2283
HWM,2025,2,2025Q2,573,2025-07-31,Howmet Aerospace,Industrials,Industrial - Machinery,43595,-3.3153
IBM,2025,2,2025Q2,1893,2025-07-23,IBM,Technology,Information Technology Services,49881,-11.8719
IDXX,2025,2,2025Q2,561,2025-08-04,Idexx Laboratories,Healthcare,Medical - Diagnostics & Research,52308,20.5606
IFF,2025,2,2025Q2,1725,2025-08-06,International Flavors & Fragrances,Basic Materials,Chemicals - Specialty,47972,-3.9752
IR,2025,2,2025Q2,333,2025-08-01,Ingersoll Rand,Industrials,Industrial - Machinery,57794,-6.5934
IT,2025,2,2025Q2,525,2025-08-05,Gartner,Technology,Information Technology Services,55898,-24.5879
JCI,2025,2,2025Q2,894,2025-05-07,Johnson Controls,Industrials,Construction,54098,15.1334
KEYS,2025,2,2025Q2,434,2025-05-20,Keysight Technologies,Technology,"Hardware, Equipment & Parts",42645,-0.215
KMI,2025,2,2025Q2,829,2025-07-16,Kinder Morgan,Energy,Oil & Gas Midstream,46516,-3.2247
LDOS,2025,2,2025Q2,377,2025-08-05,Leidos,Technology,Information Technology Services,52724,14.197
LIN,2025,2,2025Q2,1509,2025-08-01,Linde plc,Basic Materials,Chemicals - Specialty,49275,3.5784
LKQ,2025,2,2025Q2,609,2025-07-24,LKQ Corporation,Consumer Cyclical,Auto - Parts,41908,-16.1357
LUV,2025,2,2025Q2,1477,2025-07-24,Southwest Airlines,Industrials,"Airlines, Airports & Air Services",61809,-16.1592
LW,2025,2,2025Q2,426,2024-12-19,Lamb Weston,Consumer Defensive,Packaged Foods,50584,-24.5078
LYB,2025,2,2025Q2,813,2025-08-01,LyondellBasell,Basic Materials,Chemicals - Specialty,52030,-9.2353
LYV,2025,2,2025Q2,341,2025-08-07,Live Nation Entertainment,Communication Services,Entertainment,31169,11.3846
MAA,2025,2,2025Q2,565,2025-07-31,Mid-America Apartment Communities,Real Estate,REIT - Residential,61297,-4.4291
MCD,2025,2,2025Q2,1761,2025-08-06,McDonald's,Consumer Cyclical,Restaurants,57442,0.7933
MET,2025,2,2025Q2,1265,2025-08-07,MetLife,Financial Services,Insurance - Life,51554,4.2265
MO,2025,2,2025Q2,1921,2025-07-30,Altria,Consumer Defensive,Tobacco,39984,11.7925
MSCI,2025,2,2025Q2,465,2025-07-22,MSCI,Financial Services,Financial - Data & Stock Exchanges,59229,-4.5608
MTD,2025,2,2025Q2,585,2025-08-01,Mettler Toledo,Healthcare,Medical - Diagnostics & Research,57086,2.144
MU,2025,2,2025Q2,1474,2025-03-20,Micron Technology,Technology,Semiconductors,45825,-21.9223
NDAQ,2025,2,2025Q2,973,2025-07-24,"Nasdaq, Inc.",Financial Services,Financial - Data & Stock Exchanges,59280,5.8903
O,2025,2,2025Q2,693,2025-08-07,Realty Income,Real Estate,REIT - Retail,51425,3.9536
OKE,2025,2,2025Q2,901,2025-08-05,ONEOK,Energy,Oil & Gas Midstream,45513,-8.7311
ORLY,2025,2,2025Q2,937,2025-07-24,O'Reilly Auto Parts,Consumer Cyclical,Specialty Retail,56283,9.8721
PCAR,2025,2,2025Q2,1669,2025-07-22,Paccar,Industrials,Agricultural - Machinery,36873,3.5626
PFE,2025,2,2025Q2,1953,2025-08-05,Pfizer,Healthcare,Drug Manufacturers - General,66454,2.2099
PLD,2025,2,2025Q2,1161,2025-07-16,Prologis,Real Estate,REIT - Industrial,51086,3.7378
PNC,2025,2,2025Q2,1549,2025-07-16,PNC Financial Services,Financial Services,Banks - Regional,49086,7.2343
PNW,2025,2,2025Q2,1305,2025-08-06,Pinnacle West,Utilities,Regulated Electric,36102,-7.0067
POOL,2025,2,2025Q2,297,2025-07-24,Pool Corporation,Industrials,Industrial - Distribution,48102,5.1255
PRU,2025,2,2025Q2,1213,2025-07-31,Prudential Financial,Financial Services,Insurance - Life,52274,5.0305
PSA,2025,2,2025Q2,1117,2025-07-31,Public Storage,Real Estate,REIT - Industrial,53441,1.2714
PSKY,2025,2,2025Q2,1469,2025-07-31,Paramount Skydance Corp,Communication Services,Entertainment,17383,41.2928
PWR,2025,2,2025Q2,929,2025-08-01,Quanta Services,Industrials,Engineering & Construction,50298,-5.0353
RJF,2025,2,2025Q2,23368,2025-04-24,Raymond James Financial,Financial Services,Financial - Capital Markets,49776,7.0669
RL,2025,2,2025Q2,1063,2024-11-07,Ralph Lauren Corporation,Consumer Cyclical,Apparel - Manufacturers,54524,10.6903
RVTY,2025,2,2025Q2,1593,2025-07-28,Revvity,Healthcare,Medical - Diagnostics & Research,50880,-17.9705
SCHW,2025,2,2025Q2,1417,2025-07-18,Charles Schwab Corporation,Financial Services,Financial - Capital Markets,51263,2.9431
SNA,2025,2,2025Q2,1641,2025-07-17,Snap-on,Industrials,Manufacturing - Tools & Accessories,68197,4.5142
SPGI,2025,2,2025Q2,1977,2025-07-31,S&P Global,Financial Services,Financial - Data & Stock Exchanges,65378,2.8149
STE,2025,2,2025Q2,347,2024-11-07,Steris,Healthcare,Medical - Devices,22629,-8.8036
STX,2025,2,2025Q2,819,2025-01-21,Seagate Technology,Technology,Computer Hardware,47758,-14.4296
STZ,2025,2,2025Q2,1127,2024-10-03,Constellation Brands,Consumer Defensive,Beverages - Wineries & Distilleries,41478,-5.3467
SW,2025,2,2025Q2,81,2025-07-31,Smurfit WestRock,Consumer Cyclical,Packaging & Containers,58323,-6.5245
TGT,2025,2,2025Q2,1689,2025-08-20,Target Corporation,Consumer Defensive,Discount Stores,61920,-15.0437
TSN,2025,2,2025Q2,1122,2025-05-05,Tyson Foods,Consumer Defensive,Agricultural Farm Products,59679,-9.9687
TTWO,2025,2,2025Q2,471,2024-11-06,Take-Two Interactive,Technology,Electronic Gaming & Multimedia,46793,9.2126
UAL,2025,2,2025Q2,677,2025-07-17,United Airlines Holdings,Industrials,"Airlines, Airports & Air Services",60906,18.7747
UDR,2025,2,2025Q2,633,2025-07-31,"UDR, Inc.",Real Estate,REIT - Residential,69281,-3.5687
ULTA,2025,2,2025Q2,620,2025-08-28,Ulta Beauty,Consumer Cyclical,Specialty Retail,54401,2.318
UNH,2025,2,2025Q2,1481,2025-07-29,UnitedHealth Group,Healthcare,Medical - Healthcare Plans,80747,22.9193
UPS,2025,2,2025Q2,1217,2025-07-29,United Parcel Service,Industrials,Integrated Freight & Logistics,53730,-17.4542
VMC,2025,2,2025Q2,1313,2025-07-31,Vulcan Materials Company,Basic Materials,Construction Materials,34991,8.1277
VTRS,2025,2,2025Q2,1149,2025-08-07,Viatris,Healthcare,Drug Manufacturers - Specialty & Generic,37571,13.1429
VZ,2025,2,2025Q2,1625,2025-07-21,Verizon,Communication Services,Telecommunications Services,54942,7.2478
WBD,2025,2,2025Q2,221,2025-08-07,Warner Bros. Discovery,Communication Services,Entertainment,38203,51.1337
WDC,2025,2,2025Q2,935,2025-01-29,Western Digital,Technology,Computer Hardware,44760,-6.1538
WRB,2025,2,2025Q2,357,2025-07-21,W. R. Berkley Corporation,Financial Services,Insurance - Property & Casualty,50739,4.6982
WYNN,2025,2,2025Q2,961,2025-08-07,Wynn Resorts,Consumer Cyclical,"Gambling, Resorts & Casinos",32219,17.5511
XEL,2025,2,2025Q2,1985,2025-07-31,Xcel Energy,Utilities,Regulated Electric,35441,1.3262
