quota_pct,min_quota,w_direction,w_positives,w_eps,w_day_ret,coverage_std,coverage_cv,n_trades,coverage_pct,win_rate_pct,wins,losses,avg_return,std_return,winners_avg,losers_avg,ci_lower,ci_upper
3,2,8,2,3,2,0.28774195032954536,11.969476258385313,48,2.4279210925644916,72.91666666666666,35,13,9.143227083333334,18.83039158430294,18.697991428571427,-16.581138461538462,59.00303501775939,83.43404237254354
3,2,8,2,3,3,0.28774195032954536,11.969476258385313,48,2.4279210925644916,72.91666666666666,35,13,9.143227083333334,18.83039158430294,18.697991428571427,-16.581138461538462,59.00303501775939,83.43404237254354
3,2,8,2,3,4,0.28774195032954536,11.969476258385313,48,2.4279210925644916,72.91666666666666,35,13,9.143227083333334,18.83039158430294,18.697991428571427,-16.581138461538462,59.00303501775939,83.43404237254354
3,2,8,2,5,2,0.28774195032954536,11.969476258385313,48,2.4279210925644916,75.0,36,12,9.802212500000001,18.64083950536957,18.753377777777775,-17.051283333333334,61.215627190492036,85.07936632620209
3,2,8,2,5,3,0.28774195032954536,11.969476258385313,48,2.4279210925644916,72.91666666666666,35,13,9.237529166666667,18.855313542216724,18.82732,-16.581138461538462,59.00303501775939,83.43404237254354
3,2,8,2,5,4,0.28774195032954536,11.969476258385313,48,2.4279210925644916,72.91666666666666,35,13,9.213645833333333,18.846858771361394,18.794565714285714,-16.581138461538462,59.00303501775939,83.43404237254354
3,2,8,2,7,2,0.28774195032954536,11.969476258385313,48,2.4279210925644916,72.91666666666666,35,13,9.248466666666667,18.75864404988683,18.788205714285713,-16.435446153846154,59.00303501775939,83.43404237254354
3,2,8,2,7,3,0.28774195032954536,11.969476258385313,48,2.4279210925644916,75.0,36,12,9.802172916666668,18.55078315678618,18.709566666666667,-16.92000833333333,61.215627190492036,85.07936632620209
3,2,8,2,7,4,0.28774195032954536,11.969476258385313,48,2.4279210925644916,75.0,36,12,10.196306250000001,18.325932489088814,18.93176944444444,-16.01008333333333,61.215627190492036,85.07936632620209
3,2,8,3,3,2,0.28774195032954536,11.969476258385313,48,2.4279210925644916,75.0,36,12,9.597764583333333,18.256234486013085,18.279502777777775,-16.44745,61.215627190492036,85.07936632620209
3,2,8,3,3,3,0.28774195032954536,11.969476258385313,48,2.4279210925644916,75.0,36,12,9.686827083333334,18.28324482247647,18.398252777777778,-16.44745,61.215627190492036,85.07936632620209
3,2,8,3,3,4,0.28774195032954536,11.969476258385313,48,2.4279210925644916,75.0,36,12,9.686827083333334,18.28324482247647,18.398252777777778,-16.44745,61.215627190492036,85.07936632620209
3,2,8,3,5,2,0.28774195032954536,11.969476258385313,48,2.4279210925644916,72.91666666666666,35,13,8.592883333333335,18.346176253775877,17.943234285714286,-16.581138461538462,59.00303501775939,83.43404237254354
3,2,8,3,5,3,0.28774195032954536,11.969476258385313,48,2.4279210925644916,72.91666666666666,35,13,8.52548125,18.32575561565019,17.85079714285714,-16.581138461538462,59.00303501775939,83.43404237254354
3,2,8,3,5,4,0.28774195032954536,11.969476258385313,48,2.4279210925644916,72.91666666666666,35,13,8.614543750000001,18.357977198574037,17.97294,-16.581138461538462,59.00303501775939,83.43404237254354
3,2,8,3,7,2,0.28774195032954536,11.969476258385313,48,2.4279210925644916,72.91666666666666,35,13,8.687185416666667,18.37463986764169,18.072562857142856,-16.581138461538462,59.00303501775939,83.43404237254354
3,2,8,3,7,3,0.28774195032954536,11.969476258385313,48,2.4279210925644916,72.91666666666666,35,13,8.687185416666667,18.37463986764169,18.072562857142856,-16.581138461538462,59.00303501775939,83.43404237254354
3,2,8,3,7,4,0.28774195032954536,11.969476258385313,48,2.4279210925644916,72.91666666666666,35,13,8.708845833333333,18.386309085549062,18.10226857142857,-16.581138461538462,59.00303501775939,83.43404237254354
3,2,8,4,3,2,0.28774195032954536,11.969476258385313,48,2.4279210925644916,75.0,36,12,9.597764583333333,18.256234486013085,18.279502777777775,-16.44745,61.215627190492036,85.07936632620209
3,2,8,4,3,3,0.28774195032954536,11.969476258385313,48,2.4279210925644916,75.0,36,12,9.597764583333333,18.256234486013085,18.279502777777775,-16.44745,61.215627190492036,85.07936632620209
3,2,8,4,3,4,0.28774195032954536,11.969476258385313,48,2.4279210925644916,75.0,36,12,9.597764583333333,18.256234486013085,18.279502777777775,-16.44745,61.215627190492036,85.07936632620209
3,2,8,4,5,2,0.28774195032954536,11.969476258385313,48,2.4279210925644916,75.0,36,12,9.665166666666666,18.272693783409974,18.36937222222222,-16.44745,61.215627190492036,85.07936632620209
3,2,8,4,5,3,0.28774195032954536,11.969476258385313,48,2.4279210925644916,75.0,36,12,9.597764583333333,18.256234486013085,18.279502777777775,-16.44745,61.215627190492036,85.07936632620209
3,2,8,4,5,4,0.28774195032954536,11.969476258385313,48,2.4279210925644916,75.0,36,12,9.597764583333333,18.256234486013085,18.279502777777775,-16.44745,61.215627190492036,85.07936632620209
3,2,8,4,7,2,0.28774195032954536,11.969476258385313,48,2.4279210925644916,72.91666666666666,35,13,8.592883333333335,18.346176253775877,17.943234285714286,-16.581138461538462,59.00303501775939,83.43404237254354
3,2,8,4,7,3,0.28774195032954536,11.969476258385313,48,2.4279210925644916,72.91666666666666,35,13,8.592883333333335,18.346176253775877,17.943234285714286,-16.581138461538462,59.00303501775939,83.43404237254354
3,2,8,4,7,4,0.28774195032954536,11.969476258385313,48,2.4279210925644916,72.91666666666666,35,13,8.52548125,18.32575561565019,17.85079714285714,-16.581138461538462,59.00303501775939,83.43404237254354
3,2,10,2,3,2,0.28774195032954536,11.969476258385313,48,2.4279210925644916,72.91666666666666,35,13,9.143227083333334,18.83039158430294,18.697991428571427,-16.581138461538462,59.00303501775939,83.43404237254354
3,2,10,2,3,3,0.28774195032954536,11.969476258385313,48,2.4279210925644916,72.91666666666666,35,13,9.143227083333334,18.83039158430294,18.697991428571427,-16.581138461538462,59.00303501775939,83.43404237254354
3,2,10,2,3,4,0.28774195032954536,11.969476258385313,48,2.4279210925644916,72.91666666666666,35,13,9.143227083333334,18.83039158430294,18.697991428571427,-16.581138461538462,59.00303501775939,83.43404237254354
3,2,10,2,5,2,0.28774195032954536,11.969476258385313,48,2.4279210925644916,75.0,36,12,9.802212500000001,18.64083950536957,18.753377777777775,-17.051283333333334,61.215627190492036,85.07936632620209
3,2,10,2,5,3,0.28774195032954536,11.969476258385313,48,2.4279210925644916,72.91666666666666,35,13,9.237529166666667,18.855313542216724,18.82732,-16.581138461538462,59.00303501775939,83.43404237254354
3,2,10,2,5,4,0.28774195032954536,11.969476258385313,48,2.4279210925644916,72.91666666666666,35,13,9.213645833333333,18.846858771361394,18.794565714285714,-16.581138461538462,59.00303501775939,83.43404237254354
3,2,10,2,7,2,0.28774195032954536,11.969476258385313,48,2.4279210925644916,72.91666666666666,35,13,9.248466666666667,18.75864404988683,18.788205714285713,-16.435446153846154,59.00303501775939,83.43404237254354
3,2,10,2,7,3,0.28774195032954536,11.969476258385313,48,2.4279210925644916,75.0,36,12,9.802172916666668,18.55078315678618,18.709566666666667,-16.92000833333333,61.215627190492036,85.07936632620209
3,2,10,2,7,4,0.28774195032954536,11.969476258385313,48,2.4279210925644916,75.0,36,12,10.196306250000001,18.325932489088814,18.93176944444444,-16.01008333333333,61.215627190492036,85.07936632620209
3,2,10,3,3,2,0.28774195032954536,11.969476258385313,48,2.4279210925644916,75.0,36,12,9.597764583333333,18.256234486013085,18.279502777777775,-16.44745,61.215627190492036,85.07936632620209
3,2,10,3,3,3,0.28774195032954536,11.969476258385313,48,2.4279210925644916,75.0,36,12,9.686827083333334,18.28324482247647,18.398252777777778,-16.44745,61.215627190492036,85.07936632620209
3,2,10,3,3,4,0.28774195032954536,11.969476258385313,48,2.4279210925644916,75.0,36,12,9.686827083333334,18.28324482247647,18.398252777777778,-16.44745,61.215627190492036,85.07936632620209
3,2,10,3,5,2,0.28774195032954536,11.969476258385313,48,2.4279210925644916,72.91666666666666,35,13,8.592883333333335,18.346176253775877,17.943234285714286,-16.581138461538462,59.00303501775939,83.43404237254354
3,2,10,3,5,3,0.28774195032954536,11.969476258385313,48,2.4279210925644916,72.91666666666666,35,13,8.52548125,18.32575561565019,17.85079714285714,-16.581138461538462,59.00303501775939,83.43404237254354
3,2,10,3,5,4,0.28774195032954536,11.969476258385313,48,2.4279210925644916,72.91666666666666,35,13,8.614543750000001,18.357977198574037,17.97294,-16.581138461538462,59.00303501775939,83.43404237254354
3,2,10,3,7,2,0.28774195032954536,11.969476258385313,48,2.4279210925644916,72.91666666666666,35,13,8.687185416666667,18.37463986764169,18.072562857142856,-16.581138461538462,59.00303501775939,83.43404237254354
3,2,10,3,7,3,0.28774195032954536,11.969476258385313,48,2.4279210925644916,72.91666666666666,35,13,8.687185416666667,18.37463986764169,18.072562857142856,-16.581138461538462,59.00303501775939,83.43404237254354
3,2,10,3,7,4,0.28774195032954536,11.969476258385313,48,2.4279210925644916,72.91666666666666,35,13,8.708845833333333,18.386309085549062,18.10226857142857,-16.581138461538462,59.00303501775939,83.43404237254354
3,2,10,4,3,2,0.28774195032954536,11.969476258385313,48,2.4279210925644916,75.0,36,12,9.597764583333333,18.256234486013085,18.279502777777775,-16.44745,61.215627190492036,85.07936632620209
3,2,10,4,3,3,0.28774195032954536,11.969476258385313,48,2.4279210925644916,75.0,36,12,9.597764583333333,18.256234486013085,18.279502777777775,-16.44745,61.215627190492036,85.07936632620209
3,2,10,4,3,4,0.28774195032954536,11.969476258385313,48,2.4279210925644916,75.0,36,12,9.597764583333333,18.256234486013085,18.279502777777775,-16.44745,61.215627190492036,85.07936632620209
3,2,10,4,5,2,0.28774195032954536,11.969476258385313,48,2.4279210925644916,75.0,36,12,9.665166666666666,18.272693783409974,18.36937222222222,-16.44745,61.215627190492036,85.07936632620209
3,2,10,4,5,3,0.28774195032954536,11.969476258385313,48,2.4279210925644916,75.0,36,12,9.597764583333333,18.256234486013085,18.279502777777775,-16.44745,61.215627190492036,85.07936632620209
3,2,10,4,5,4,0.28774195032954536,11.969476258385313,48,2.4279210925644916,75.0,36,12,9.597764583333333,18.256234486013085,18.279502777777775,-16.44745,61.215627190492036,85.07936632620209
3,2,10,4,7,2,0.28774195032954536,11.969476258385313,48,2.4279210925644916,72.91666666666666,35,13,8.592883333333335,18.346176253775877,17.943234285714286,-16.581138461538462,59.00303501775939,83.43404237254354
3,2,10,4,7,3,0.28774195032954536,11.969476258385313,48,2.4279210925644916,72.91666666666666,35,13,8.592883333333335,18.346176253775877,17.943234285714286,-16.581138461538462,59.00303501775939,83.43404237254354
3,2,10,4,7,4,0.28774195032954536,11.969476258385313,48,2.4279210925644916,72.91666666666666,35,13,8.52548125,18.32575561565019,17.85079714285714,-16.581138461538462,59.00303501775939,83.43404237254354
3,2,12,2,3,2,0.28774195032954536,11.969476258385313,48,2.4279210925644916,72.91666666666666,35,13,9.143227083333334,18.83039158430294,18.697991428571427,-16.581138461538462,59.00303501775939,83.43404237254354
3,2,12,2,3,3,0.28774195032954536,11.969476258385313,48,2.4279210925644916,72.91666666666666,35,13,9.143227083333334,18.83039158430294,18.697991428571427,-16.581138461538462,59.00303501775939,83.43404237254354
3,2,12,2,3,4,0.28774195032954536,11.969476258385313,48,2.4279210925644916,72.91666666666666,35,13,9.143227083333334,18.83039158430294,18.697991428571427,-16.581138461538462,59.00303501775939,83.43404237254354
3,2,12,2,5,2,0.28774195032954536,11.969476258385313,48,2.4279210925644916,75.0,36,12,9.802212500000001,18.64083950536957,18.753377777777775,-17.051283333333334,61.215627190492036,85.07936632620209
3,2,12,2,5,3,0.28774195032954536,11.969476258385313,48,2.4279210925644916,72.91666666666666,35,13,9.237529166666667,18.855313542216724,18.82732,-16.581138461538462,59.00303501775939,83.43404237254354
3,2,12,2,5,4,0.28774195032954536,11.969476258385313,48,2.4279210925644916,72.91666666666666,35,13,9.213645833333333,18.846858771361394,18.794565714285714,-16.581138461538462,59.00303501775939,83.43404237254354
3,2,12,2,7,2,0.28774195032954536,11.969476258385313,48,2.4279210925644916,72.91666666666666,35,13,9.248466666666667,18.75864404988683,18.788205714285713,-16.435446153846154,59.00303501775939,83.43404237254354
3,2,12,2,7,3,0.28774195032954536,11.969476258385313,48,2.4279210925644916,75.0,36,12,9.802172916666668,18.55078315678618,18.709566666666667,-16.92000833333333,61.215627190492036,85.07936632620209
3,2,12,2,7,4,0.28774195032954536,11.969476258385313,48,2.4279210925644916,75.0,36,12,10.196306250000001,18.325932489088814,18.93176944444444,-16.01008333333333,61.215627190492036,85.07936632620209
3,2,12,3,3,2,0.28774195032954536,11.969476258385313,48,2.4279210925644916,75.0,36,12,9.597764583333333,18.256234486013085,18.279502777777775,-16.44745,61.215627190492036,85.07936632620209
3,2,12,3,3,3,0.28774195032954536,11.969476258385313,48,2.4279210925644916,75.0,36,12,9.686827083333334,18.28324482247647,18.398252777777778,-16.44745,61.215627190492036,85.07936632620209
3,2,12,3,3,4,0.28774195032954536,11.969476258385313,48,2.4279210925644916,75.0,36,12,9.686827083333334,18.28324482247647,18.398252777777778,-16.44745,61.215627190492036,85.07936632620209
3,2,12,3,5,2,0.28774195032954536,11.969476258385313,48,2.4279210925644916,72.91666666666666,35,13,8.592883333333335,18.346176253775877,17.943234285714286,-16.581138461538462,59.00303501775939,83.43404237254354
3,2,12,3,5,3,0.28774195032954536,11.969476258385313,48,2.4279210925644916,72.91666666666666,35,13,8.52548125,18.32575561565019,17.85079714285714,-16.581138461538462,59.00303501775939,83.43404237254354
3,2,12,3,5,4,0.28774195032954536,11.969476258385313,48,2.4279210925644916,72.91666666666666,35,13,8.614543750000001,18.357977198574037,17.97294,-16.581138461538462,59.00303501775939,83.43404237254354
3,2,12,3,7,2,0.28774195032954536,11.969476258385313,48,2.4279210925644916,72.91666666666666,35,13,8.687185416666667,18.37463986764169,18.072562857142856,-16.581138461538462,59.00303501775939,83.43404237254354
3,2,12,3,7,3,0.28774195032954536,11.969476258385313,48,2.4279210925644916,72.91666666666666,35,13,8.687185416666667,18.37463986764169,18.072562857142856,-16.581138461538462,59.00303501775939,83.43404237254354
3,2,12,3,7,4,0.28774195032954536,11.969476258385313,48,2.4279210925644916,72.91666666666666,35,13,8.708845833333333,18.386309085549062,18.10226857142857,-16.581138461538462,59.00303501775939,83.43404237254354
3,2,12,4,3,2,0.28774195032954536,11.969476258385313,48,2.4279210925644916,75.0,36,12,9.597764583333333,18.256234486013085,18.279502777777775,-16.44745,61.215627190492036,85.07936632620209
3,2,12,4,3,3,0.28774195032954536,11.969476258385313,48,2.4279210925644916,75.0,36,12,9.597764583333333,18.256234486013085,18.279502777777775,-16.44745,61.215627190492036,85.07936632620209
3,2,12,4,3,4,0.28774195032954536,11.969476258385313,48,2.4279210925644916,75.0,36,12,9.597764583333333,18.256234486013085,18.279502777777775,-16.44745,61.215627190492036,85.07936632620209
3,2,12,4,5,2,0.28774195032954536,11.969476258385313,48,2.4279210925644916,75.0,36,12,9.665166666666666,18.272693783409974,18.36937222222222,-16.44745,61.215627190492036,85.07936632620209
3,2,12,4,5,3,0.28774195032954536,11.969476258385313,48,2.4279210925644916,75.0,36,12,9.597764583333333,18.256234486013085,18.279502777777775,-16.44745,61.215627190492036,85.07936632620209
3,2,12,4,5,4,0.28774195032954536,11.969476258385313,48,2.4279210925644916,75.0,36,12,9.597764583333333,18.256234486013085,18.279502777777775,-16.44745,61.215627190492036,85.07936632620209
3,2,12,4,7,2,0.28774195032954536,11.969476258385313,48,2.4279210925644916,72.91666666666666,35,13,8.592883333333335,18.346176253775877,17.943234285714286,-16.581138461538462,59.00303501775939,83.43404237254354
3,2,12,4,7,3,0.28774195032954536,11.969476258385313,48,2.4279210925644916,72.91666666666666,35,13,8.592883333333335,18.346176253775877,17.943234285714286,-16.581138461538462,59.00303501775939,83.43404237254354
3,2,12,4,7,4,0.28774195032954536,11.969476258385313,48,2.4279210925644916,72.91666666666666,35,13,8.52548125,18.32575561565019,17.85079714285714,-16.581138461538462,59.00303501775939,83.43404237254354
3,3,8,2,3,2,0.47539101336896344,14.54051171543666,63,3.1866464339908953,77.77777777777779,49,14,10.11179365079365,16.97555417206368,17.69855306122449,-16.441864285714285,66.08771888656632,86.27499224738635
3,3,8,2,3,3,0.47539101336896344,14.54051171543666,63,3.1866464339908953,77.77777777777779,49,14,10.11179365079365,16.97555417206368,17.69855306122449,-16.441864285714285,66.08771888656632,86.27499224738635
3,3,8,2,3,4,0.47539101336896344,14.54051171543666,63,3.1866464339908953,76.19047619047619,48,15,9.614831746031747,17.133879520429367,17.639835416666667,-16.06518,64.36433989030313,85.00621632170939
3,3,8,2,5,2,0.47539101336896344,14.54051171543666,63,3.1866464339908953,77.77777777777779,49,14,10.082149206349206,17.189677201916503,17.807932653061226,-16.958092857142855,66.08771888656632,86.27499224738635
3,3,8,2,5,3,0.47539101336896344,14.54051171543666,63,3.1866464339908953,77.77777777777779,49,14,10.082149206349206,17.189677201916503,17.807932653061226,-16.958092857142855,66.08771888656632,86.27499224738635
3,3,8,2,5,4,0.47539101336896344,14.54051171543666,63,3.1866464339908953,77.77777777777779,49,14,10.46594761904762,17.729783029883027,18.30138775510204,-16.958092857142855,66.08771888656632,86.27499224738635
3,3,8,2,7,2,0.47539101336896344,14.54051171543666,63,3.1866464339908953,77.77777777777779,49,14,10.668085714285715,17.03289959485293,18.299787755102038,-16.04287142857143,66.08771888656632,86.27499224738635
3,3,8,2,7,3,0.47539101336896344,14.54051171543666,63,3.1866464339908953,77.77777777777779,49,14,11.11606507936508,17.58101094583217,18.875761224489796,-16.04287142857143,66.08771888656632,86.27499224738635
3,3,8,2,7,4,0.47539101336896344,14.54051171543666,63,3.1866464339908953,77.77777777777779,49,14,11.051884126984127,17.564818682343837,18.793242857142857,-16.04287142857143,66.08771888656632,86.27499224738635
3,3,8,3,3,2,0.47539101336896344,14.54051171543666,63,3.1866464339908953,77.77777777777779,49,14,10.46160158730159,17.3397587826033,18.148306122448982,-16.441864285714285,66.08771888656632,86.27499224738635
3,3,8,3,3,3,0.47539101336896344,14.54051171543666,63,3.1866464339908953,77.77777777777779,49,14,10.46160158730159,17.3397587826033,18.148306122448982,-16.441864285714285,66.08771888656632,86.27499224738635
3,3,8,3,3,4,0.47539101336896344,14.54051171543666,63,3.1866464339908953,77.77777777777779,49,14,10.46160158730159,17.3397587826033,18.148306122448982,-16.441864285714285,66.08771888656632,86.27499224738635
3,3,8,3,5,2,0.47539101336896344,14.54051171543666,63,3.1866464339908953,77.77777777777779,49,14,10.130085714285716,16.980336274756898,17.72207142857143,-16.441864285714285,66.08771888656632,86.27499224738635
3,3,8,3,5,3,0.47539101336896344,14.54051171543666,63,3.1866464339908953,77.77777777777779,49,14,10.130085714285716,16.980336274756898,17.72207142857143,-16.441864285714285,66.08771888656632,86.27499224738635
3,3,8,3,5,4,0.47539101336896344,14.54051171543666,63,3.1866464339908953,77.77777777777779,49,14,10.130085714285716,16.980336274756898,17.72207142857143,-16.441864285714285,66.08771888656632,86.27499224738635
3,3,8,3,7,2,0.47539101336896344,14.54051171543666,63,3.1866464339908953,77.77777777777779,49,14,10.08728888888889,17.190715141818057,17.81454081632653,-16.958092857142855,66.08771888656632,86.27499224738635
3,3,8,3,7,3,0.47539101336896344,14.54051171543666,63,3.1866464339908953,77.77777777777779,49,14,10.08728888888889,17.190715141818057,17.81454081632653,-16.958092857142855,66.08771888656632,86.27499224738635
3,3,8,3,7,4,0.47539101336896344,14.54051171543666,63,3.1866464339908953,77.77777777777779,49,14,10.649985714285714,17.558436052212375,18.390514285714286,-16.441864285714285,66.08771888656632,86.27499224738635
3,3,8,4,3,2,0.47539101336896344,14.54051171543666,63,3.1866464339908953,77.77777777777779,49,14,10.806273015873016,17.670605014225636,18.59145510204082,-16.441864285714285,66.08771888656632,86.27499224738635
3,3,8,4,3,3,0.47539101336896344,14.54051171543666,63,3.1866464339908953,77.77777777777779,49,14,10.46160158730159,17.3397587826033,18.148306122448982,-16.441864285714285,66.08771888656632,86.27499224738635
3,3,8,4,3,4,0.47539101336896344,14.54051171543666,63,3.1866464339908953,77.77777777777779,49,14,10.46160158730159,17.3397587826033,18.148306122448982,-16.441864285714285,66.08771888656632,86.27499224738635
3,3,8,4,5,2,0.47539101336896344,14.54051171543666,63,3.1866464339908953,77.77777777777779,49,14,10.663115873015872,17.53048036182111,18.40739591836735,-16.441864285714285,66.08771888656632,86.27499224738635
3,3,8,4,5,3,0.47539101336896344,14.54051171543666,63,3.1866464339908953,77.77777777777779,49,14,10.318444444444445,17.19402276226489,17.96424693877551,-16.441864285714285,66.08771888656632,86.27499224738635
3,3,8,4,5,4,0.47539101336896344,14.54051171543666,63,3.1866464339908953,77.77777777777779,49,14,10.318444444444445,17.19402276226489,17.96424693877551,-16.441864285714285,66.08771888656632,86.27499224738635
3,3,8,4,7,2,0.47539101336896344,14.54051171543666,63,3.1866464339908953,77.77777777777779,49,14,10.474757142857145,17.324753417290182,18.165220408163265,-16.441864285714285,66.08771888656632,86.27499224738635
3,3,8,4,7,3,0.47539101336896344,14.54051171543666,63,3.1866464339908953,77.77777777777779,49,14,10.293457142857145,17.098605210034457,17.932120408163264,-16.441864285714285,66.08771888656632,86.27499224738635
3,3,8,4,7,4,0.47539101336896344,14.54051171543666,63,3.1866464339908953,77.77777777777779,49,14,10.293457142857145,17.098605210034457,17.932120408163264,-16.441864285714285,66.08771888656632,86.27499224738635
3,3,10,2,3,2,0.47539101336896344,14.54051171543666,63,3.1866464339908953,77.77777777777779,49,14,10.11179365079365,16.97555417206368,17.69855306122449,-16.441864285714285,66.08771888656632,86.27499224738635
3,3,10,2,3,3,0.47539101336896344,14.54051171543666,63,3.1866464339908953,77.77777777777779,49,14,10.11179365079365,16.97555417206368,17.69855306122449,-16.441864285714285,66.08771888656632,86.27499224738635
3,3,10,2,3,4,0.47539101336896344,14.54051171543666,63,3.1866464339908953,76.19047619047619,48,15,9.614831746031747,17.133879520429367,17.639835416666667,-16.06518,64.36433989030313,85.00621632170939
3,3,10,2,5,2,0.47539101336896344,14.54051171543666,63,3.1866464339908953,77.77777777777779,49,14,10.082149206349206,17.189677201916503,17.807932653061226,-16.958092857142855,66.08771888656632,86.27499224738635
3,3,10,2,5,3,0.47539101336896344,14.54051171543666,63,3.1866464339908953,77.77777777777779,49,14,10.082149206349206,17.189677201916503,17.807932653061226,-16.958092857142855,66.08771888656632,86.27499224738635
3,3,10,2,5,4,0.47539101336896344,14.54051171543666,63,3.1866464339908953,77.77777777777779,49,14,10.46594761904762,17.729783029883027,18.30138775510204,-16.958092857142855,66.08771888656632,86.27499224738635
3,3,10,2,7,2,0.47539101336896344,14.54051171543666,63,3.1866464339908953,77.77777777777779,49,14,10.668085714285715,17.03289959485293,18.299787755102038,-16.04287142857143,66.08771888656632,86.27499224738635
3,3,10,2,7,3,0.47539101336896344,14.54051171543666,63,3.1866464339908953,77.77777777777779,49,14,11.11606507936508,17.58101094583217,18.875761224489796,-16.04287142857143,66.08771888656632,86.27499224738635
3,3,10,2,7,4,0.47539101336896344,14.54051171543666,63,3.1866464339908953,77.77777777777779,49,14,11.051884126984127,17.564818682343837,18.793242857142857,-16.04287142857143,66.08771888656632,86.27499224738635
3,3,10,3,3,2,0.47539101336896344,14.54051171543666,63,3.1866464339908953,77.77777777777779,49,14,10.46160158730159,17.3397587826033,18.148306122448982,-16.441864285714285,66.08771888656632,86.27499224738635
3,3,10,3,3,3,0.47539101336896344,14.54051171543666,63,3.1866464339908953,77.77777777777779,49,14,10.46160158730159,17.3397587826033,18.148306122448982,-16.441864285714285,66.08771888656632,86.27499224738635
3,3,10,3,3,4,0.47539101336896344,14.54051171543666,63,3.1866464339908953,77.77777777777779,49,14,10.46160158730159,17.3397587826033,18.148306122448982,-16.441864285714285,66.08771888656632,86.27499224738635
3,3,10,3,5,2,0.47539101336896344,14.54051171543666,63,3.1866464339908953,77.77777777777779,49,14,10.12952380952381,16.97989806524282,17.721348979591838,-16.441864285714285,66.08771888656632,86.27499224738635
3,3,10,3,5,3,0.47539101336896344,14.54051171543666,63,3.1866464339908953,77.77777777777779,49,14,10.12952380952381,16.97989806524282,17.721348979591838,-16.441864285714285,66.08771888656632,86.27499224738635
3,3,10,3,5,4,0.47539101336896344,14.54051171543666,63,3.1866464339908953,77.77777777777779,49,14,10.12952380952381,16.97989806524282,17.721348979591838,-16.441864285714285,66.08771888656632,86.27499224738635
3,3,10,3,7,2,0.47539101336896344,14.54051171543666,63,3.1866464339908953,77.77777777777779,49,14,10.086726984126985,17.19028087374174,17.813818367346936,-16.958092857142855,66.08771888656632,86.27499224738635
3,3,10,3,7,3,0.47539101336896344,14.54051171543666,63,3.1866464339908953,77.77777777777779,49,14,10.086726984126985,17.19028087374174,17.813818367346936,-16.958092857142855,66.08771888656632,86.27499224738635
3,3,10,3,7,4,0.47539101336896344,14.54051171543666,63,3.1866464339908953,77.77777777777779,49,14,10.64942380952381,17.55802917739065,18.389791836734695,-16.441864285714285,66.08771888656632,86.27499224738635
3,3,10,4,3,2,0.47539101336896344,14.54051171543666,63,3.1866464339908953,77.77777777777779,49,14,10.806273015873016,17.670605014225636,18.59145510204082,-16.441864285714285,66.08771888656632,86.27499224738635
3,3,10,4,3,3,0.47539101336896344,14.54051171543666,63,3.1866464339908953,77.77777777777779,49,14,10.46160158730159,17.3397587826033,18.148306122448982,-16.441864285714285,66.08771888656632,86.27499224738635
3,3,10,4,3,4,0.47539101336896344,14.54051171543666,63,3.1866464339908953,77.77777777777779,49,14,10.46160158730159,17.3397587826033,18.148306122448982,-16.441864285714285,66.08771888656632,86.27499224738635
3,3,10,4,5,2,0.47539101336896344,14.54051171543666,63,3.1866464339908953,77.77777777777779,49,14,10.663115873015872,17.53048036182111,18.40739591836735,-16.441864285714285,66.08771888656632,86.27499224738635
3,3,10,4,5,3,0.47539101336896344,14.54051171543666,63,3.1866464339908953,77.77777777777779,49,14,10.318444444444445,17.19402276226489,17.96424693877551,-16.441864285714285,66.08771888656632,86.27499224738635
3,3,10,4,5,4,0.47539101336896344,14.54051171543666,63,3.1866464339908953,77.77777777777779,49,14,10.318444444444445,17.19402276226489,17.96424693877551,-16.441864285714285,66.08771888656632,86.27499224738635
3,3,10,4,7,2,0.47539101336896344,14.54051171543666,63,3.1866464339908953,77.77777777777779,49,14,10.474757142857145,17.324753417290182,18.165220408163265,-16.441864285714285,66.08771888656632,86.27499224738635
3,3,10,4,7,3,0.47539101336896344,14.54051171543666,63,3.1866464339908953,77.77777777777779,49,14,10.130085714285716,16.980336274756898,17.72207142857143,-16.441864285714285,66.08771888656632,86.27499224738635
3,3,10,4,7,4,0.47539101336896344,14.54051171543666,63,3.1866464339908953,77.77777777777779,49,14,10.130085714285716,16.980336274756898,17.72207142857143,-16.441864285714285,66.08771888656632,86.27499224738635
3,3,12,2,3,2,0.47539101336896344,14.54051171543666,63,3.1866464339908953,77.77777777777779,49,14,10.11179365079365,16.97555417206368,17.69855306122449,-16.441864285714285,66.08771888656632,86.27499224738635
3,3,12,2,3,3,0.47539101336896344,14.54051171543666,63,3.1866464339908953,77.77777777777779,49,14,10.11179365079365,16.97555417206368,17.69855306122449,-16.441864285714285,66.08771888656632,86.27499224738635
3,3,12,2,3,4,0.47539101336896344,14.54051171543666,63,3.1866464339908953,76.19047619047619,48,15,9.614831746031747,17.133879520429367,17.639835416666667,-16.06518,64.36433989030313,85.00621632170939
3,3,12,2,5,2,0.47539101336896344,14.54051171543666,63,3.1866464339908953,77.77777777777779,49,14,10.082149206349206,17.189677201916503,17.807932653061226,-16.958092857142855,66.08771888656632,86.27499224738635
3,3,12,2,5,3,0.47539101336896344,14.54051171543666,63,3.1866464339908953,77.77777777777779,49,14,10.082149206349206,17.189677201916503,17.807932653061226,-16.958092857142855,66.08771888656632,86.27499224738635
3,3,12,2,5,4,0.47539101336896344,14.54051171543666,63,3.1866464339908953,77.77777777777779,49,14,10.46594761904762,17.729783029883027,18.30138775510204,-16.958092857142855,66.08771888656632,86.27499224738635
3,3,12,2,7,2,0.47539101336896344,14.54051171543666,63,3.1866464339908953,77.77777777777779,49,14,10.668085714285715,17.03289959485293,18.299787755102038,-16.04287142857143,66.08771888656632,86.27499224738635
3,3,12,2,7,3,0.47539101336896344,14.54051171543666,63,3.1866464339908953,77.77777777777779,49,14,11.11606507936508,17.58101094583217,18.875761224489796,-16.04287142857143,66.08771888656632,86.27499224738635
3,3,12,2,7,4,0.47539101336896344,14.54051171543666,63,3.1866464339908953,77.77777777777779,49,14,11.051884126984127,17.564818682343837,18.793242857142857,-16.04287142857143,66.08771888656632,86.27499224738635
3,3,12,3,3,2,0.47539101336896344,14.54051171543666,63,3.1866464339908953,77.77777777777779,49,14,10.31788253968254,17.193596253984005,17.96352448979592,-16.441864285714285,66.08771888656632,86.27499224738635
3,3,12,3,3,3,0.47539101336896344,14.54051171543666,63,3.1866464339908953,77.77777777777779,49,14,10.31788253968254,17.193596253984005,17.96352448979592,-16.441864285714285,66.08771888656632,86.27499224738635
3,3,12,3,3,4,0.47539101336896344,14.54051171543666,63,3.1866464339908953,77.77777777777779,49,14,10.31788253968254,17.193596253984005,17.96352448979592,-16.441864285714285,66.08771888656632,86.27499224738635
3,3,12,3,5,2,0.47539101336896344,14.54051171543666,63,3.1866464339908953,77.77777777777779,49,14,10.12952380952381,16.97989806524282,17.721348979591838,-16.441864285714285,66.08771888656632,86.27499224738635
3,3,12,3,5,3,0.47539101336896344,14.54051171543666,63,3.1866464339908953,77.77777777777779,49,14,10.12952380952381,16.97989806524282,17.721348979591838,-16.441864285714285,66.08771888656632,86.27499224738635
3,3,12,3,5,4,0.47539101336896344,14.54051171543666,63,3.1866464339908953,77.77777777777779,49,14,10.12952380952381,16.97989806524282,17.721348979591838,-16.441864285714285,66.08771888656632,86.27499224738635
3,3,12,3,7,2,0.47539101336896344,14.54051171543666,63,3.1866464339908953,77.77777777777779,49,14,10.086726984126985,17.19028087374174,17.813818367346936,-16.958092857142855,66.08771888656632,86.27499224738635
3,3,12,3,7,3,0.47539101336896344,14.54051171543666,63,3.1866464339908953,77.77777777777779,49,14,10.086726984126985,17.19028087374174,17.813818367346936,-16.958092857142855,66.08771888656632,86.27499224738635
3,3,12,3,7,4,0.47539101336896344,14.54051171543666,63,3.1866464339908953,77.77777777777779,49,14,10.64942380952381,17.55802917739065,18.389791836734695,-16.441864285714285,66.08771888656632,86.27499224738635
3,3,12,4,3,2,0.47539101336896344,14.54051171543666,63,3.1866464339908953,77.77777777777779,49,14,10.806273015873016,17.670605014225636,18.59145510204082,-16.441864285714285,66.08771888656632,86.27499224738635
3,3,12,4,3,3,0.47539101336896344,14.54051171543666,63,3.1866464339908953,77.77777777777779,49,14,10.46160158730159,17.3397587826033,18.148306122448982,-16.441864285714285,66.08771888656632,86.27499224738635
3,3,12,4,3,4,0.47539101336896344,14.54051171543666,63,3.1866464339908953,77.77777777777779,49,14,10.46160158730159,17.3397587826033,18.148306122448982,-16.441864285714285,66.08771888656632,86.27499224738635
3,3,12,4,5,2,0.47539101336896344,14.54051171543666,63,3.1866464339908953,77.77777777777779,49,14,10.663115873015872,17.53048036182111,18.40739591836735,-16.441864285714285,66.08771888656632,86.27499224738635
3,3,12,4,5,3,0.47539101336896344,14.54051171543666,63,3.1866464339908953,77.77777777777779,49,14,10.318444444444445,17.19402276226489,17.96424693877551,-16.441864285714285,66.08771888656632,86.27499224738635
3,3,12,4,5,4,0.47539101336896344,14.54051171543666,63,3.1866464339908953,77.77777777777779,49,14,10.318444444444445,17.19402276226489,17.96424693877551,-16.441864285714285,66.08771888656632,86.27499224738635
3,3,12,4,7,2,0.47539101336896344,14.54051171543666,63,3.1866464339908953,77.77777777777779,49,14,10.474757142857145,17.324753417290182,18.165220408163265,-16.441864285714285,66.08771888656632,86.27499224738635
3,3,12,4,7,3,0.47539101336896344,14.54051171543666,63,3.1866464339908953,77.77777777777779,49,14,10.130085714285716,16.980336274756898,17.72207142857143,-16.441864285714285,66.08771888656632,86.27499224738635
3,3,12,4,7,4,0.47539101336896344,14.54051171543666,63,3.1866464339908953,77.77777777777779,49,14,10.130085714285716,16.980336274756898,17.72207142857143,-16.441864285714285,66.08771888656632,86.27499224738635
3,4,8,2,3,2,0.7726432611281913,18.12050678042527,81,4.09711684370258,77.77777777777779,63,18,10.948365432098763,17.31126342321785,18.64730476190476,-15.997922222222222,67.58471376953771,85.4553925953281
3,4,8,2,3,3,0.7726432611281913,18.12050678042527,81,4.09711684370258,76.5432098765432,62,19,10.529993827160494,17.40995421367002,18.5755435483871,-15.723905263157896,66.24527035476532,84.43749794943977
3,4,8,2,3,4,0.7726432611281913,18.12050678042527,81,4.09711684370258,76.5432098765432,62,19,10.878422222222222,17.83094427442781,19.030748387096775,-15.723905263157896,66.24527035476532,84.43749794943977
3,4,8,2,5,2,0.7726432611281913,18.12050678042527,81,4.09711684370258,75.30864197530865,61,20,10.788816049382715,18.037900508210875,19.38523442622951,-15.43026,64.91574213226649,83.40968811127793
3,4,8,2,5,3,0.7726432611281913,18.12050678042527,81,4.09711684370258,75.30864197530865,61,20,10.726593827160494,18.00137184567711,19.302611475409837,-15.43026,64.91574213226649,83.40968811127793
3,4,8,2,5,4,0.7726432611281913,18.12050678042527,81,4.09711684370258,77.77777777777779,63,18,10.960975308641975,18.281201992829484,19.062079365079363,-17.39288888888889,67.58471376953771,85.4553925953281
3,4,8,2,7,2,0.7726432611281913,18.12050678042527,81,4.09711684370258,75.30864197530865,61,20,10.478823456790122,18.6161057538981,19.38523442622951,-16.68573,64.91574213226649,83.40968811127793
3,4,8,2,7,3,0.7726432611281913,18.12050678042527,81,4.09711684370258,75.30864197530865,61,20,10.344181481481481,18.550697154514914,19.206447540983607,-16.68573,64.91574213226649,83.40968811127793
3,4,8,2,7,4,0.7726432611281913,18.12050678042527,81,4.09711684370258,77.77777777777779,63,18,11.166383950617284,18.402579847466065,19.251541269841272,-17.131666666666668,67.58471376953771,85.4553925953281
3,4,8,3,3,2,0.7726432611281913,18.12050678042527,81,4.09711684370258,76.5432098765432,62,19,10.435448148148149,17.29641966051147,18.52173548387097,-15.951384210526315,66.24527035476532,84.43749794943977
3,4,8,3,3,3,0.7726432611281913,18.12050678042527,81,4.09711684370258,76.5432098765432,62,19,10.435448148148149,17.29641966051147,18.52173548387097,-15.951384210526315,66.24527035476532,84.43749794943977
3,4,8,3,3,4,0.7726432611281913,18.12050678042527,81,4.09711684370258,76.5432098765432,62,19,10.645744444444444,17.29658548296455,18.72676612903226,-15.723905263157896,66.24527035476532,84.43749794943977
3,4,8,3,5,2,0.7726432611281913,18.12050678042527,81,4.09711684370258,76.5432098765432,62,19,11.242304938271605,18.01202970961283,19.493729032258063,-15.683394736842107,66.24527035476532,84.43749794943977
3,4,8,3,5,3,0.7726432611281913,18.12050678042527,81,4.09711684370258,76.5432098765432,62,19,11.242304938271605,18.01202970961283,19.493729032258063,-15.683394736842107,66.24527035476532,84.43749794943977
3,4,8,3,5,4,0.7726432611281913,18.12050678042527,81,4.09711684370258,77.77777777777779,63,18,11.18119135802469,18.44906831391627,19.345214285714285,-17.39288888888889,67.58471376953771,85.4553925953281
3,4,8,3,7,2,0.7726432611281913,18.12050678042527,81,4.09711684370258,74.07407407407408,60,21,10.404365432098766,19.0347309144834,19.787631666666666,-16.40496666666667,63.595651117472244,82.37244106541145
3,4,8,3,7,3,0.7726432611281913,18.12050678042527,81,4.09711684370258,75.30864197530865,61,20,10.661848148148147,18.8849259347112,19.628267213114754,-16.68573,64.91574213226649,83.40968811127793
3,4,8,3,7,4,0.7726432611281913,18.12050678042527,81,4.09711684370258,76.5432098765432,62,19,11.262980246913582,18.939219719648033,19.90838064516129,-16.948326315789476,66.24527035476532,84.43749794943977
3,4,8,4,3,2,0.7726432611281913,18.12050678042527,81,4.09711684370258,76.5432098765432,62,19,10.66751975308642,17.54027754569052,18.824925806451613,-15.951384210526315,66.24527035476532,84.43749794943977
3,4,8,4,3,3,0.7726432611281913,18.12050678042527,81,4.09711684370258,76.5432098765432,62,19,10.435448148148149,17.29641966051147,18.52173548387097,-15.951384210526315,66.24527035476532,84.43749794943977
3,4,8,4,3,4,0.7726432611281913,18.12050678042527,81,4.09711684370258,76.5432098765432,62,19,10.435448148148149,17.29641966051147,18.52173548387097,-15.951384210526315,66.24527035476532,84.43749794943977
3,4,8,4,5,2,0.7726432611281913,18.12050678042527,81,4.09711684370258,75.30864197530865,61,20,10.385148148148149,17.665398963454738,18.922872131147543,-15.654910000000001,64.91574213226649,83.40968811127793
3,4,8,4,5,3,0.7726432611281913,18.12050678042527,81,4.09711684370258,75.30864197530865,61,20,10.15307654320988,17.41948386453565,18.614711475409834,-15.654910000000001,64.91574213226649,83.40968811127793
3,4,8,4,5,4,0.7726432611281913,18.12050678042527,81,4.09711684370258,76.5432098765432,62,19,10.507422222222223,18.30259970126512,19.020756451612904,-17.27293157894737,66.24527035476532,84.43749794943977
3,4,8,4,7,2,0.7726432611281913,18.12050678042527,81,4.09711684370258,75.30864197530865,61,20,10.890146913580248,19.102655617204682,19.934188524590162,-16.694180000000003,64.91574213226649,83.40968811127793
3,4,8,4,7,3,0.7726432611281913,18.12050678042527,81,4.09711684370258,76.5432098765432,62,19,10.915558024691359,18.72720033672855,19.471840322580643,-17.004942105263158,66.24527035476532,84.43749794943977
3,4,8,4,7,4,0.7726432611281913,18.12050678042527,81,4.09711684370258,77.77777777777779,63,18,11.51669012345679,18.7737265707065,19.749990476190476,-17.299861111111113,67.58471376953771,85.4553925953281
3,4,10,2,3,2,0.7726432611281913,18.12050678042527,81,4.09711684370258,77.77777777777779,63,18,10.948365432098763,17.31126342321785,18.64730476190476,-15.997922222222222,67.58471376953771,85.4553925953281
3,4,10,2,3,3,0.7726432611281913,18.12050678042527,81,4.09711684370258,76.5432098765432,62,19,10.529993827160494,17.40995421367002,18.5755435483871,-15.723905263157896,66.24527035476532,84.43749794943977
3,4,10,2,3,4,0.7726432611281913,18.12050678042527,81,4.09711684370258,76.5432098765432,62,19,10.878422222222222,17.83094427442781,19.030748387096775,-15.723905263157896,66.24527035476532,84.43749794943977
3,4,10,2,5,2,0.7726432611281913,18.12050678042527,81,4.09711684370258,75.30864197530865,61,20,10.788816049382715,18.037900508210875,19.38523442622951,-15.43026,64.91574213226649,83.40968811127793
3,4,10,2,5,3,0.7726432611281913,18.12050678042527,81,4.09711684370258,75.30864197530865,61,20,10.726593827160494,18.00137184567711,19.302611475409837,-15.43026,64.91574213226649,83.40968811127793
3,4,10,2,5,4,0.7726432611281913,18.12050678042527,81,4.09711684370258,77.77777777777779,63,18,11.270967901234568,17.68349920162033,19.062079365079363,-15.997922222222222,67.58471376953771,85.4553925953281
3,4,10,2,7,2,0.7726432611281913,18.12050678042527,81,4.09711684370258,75.30864197530865,61,20,10.788816049382715,18.037900508210875,19.38523442622951,-15.43026,64.91574213226649,83.40968811127793
3,4,10,2,7,3,0.7726432611281913,18.12050678042527,81,4.09711684370258,75.30864197530865,61,20,10.654174074074074,17.972738959398885,19.206447540983607,-15.43026,64.91574213226649,83.40968811127793
3,4,10,2,7,4,0.7726432611281913,18.12050678042527,81,4.09711684370258,76.5432098765432,62,19,10.565251851851851,18.343493207831973,18.965351612903227,-16.8456,66.24527035476532,84.43749794943977
3,4,10,3,3,2,0.7726432611281913,18.12050678042527,81,4.09711684370258,76.5432098765432,62,19,10.43501111111111,17.296094069406248,18.52116451612903,-15.951384210526315,66.24527035476532,84.43749794943977
3,4,10,3,3,3,0.7726432611281913,18.12050678042527,81,4.09711684370258,76.5432098765432,62,19,10.43501111111111,17.296094069406248,18.52116451612903,-15.951384210526315,66.24527035476532,84.43749794943977
3,4,10,3,3,4,0.7726432611281913,18.12050678042527,81,4.09711684370258,76.5432098765432,62,19,10.645307407407408,17.296265275109086,18.726195161290324,-15.723905263157896,66.24527035476532,84.43749794943977
3,4,10,3,5,2,0.7726432611281913,18.12050678042527,81,4.09711684370258,76.5432098765432,62,19,11.114945679012346,17.898081436700483,19.327340322580646,-15.683394736842107,66.24527035476532,84.43749794943977
3,4,10,3,5,3,0.7726432611281913,18.12050678042527,81,4.09711684370258,76.5432098765432,62,19,11.114945679012346,17.898081436700483,19.327340322580646,-15.683394736842107,66.24527035476532,84.43749794943977
3,4,10,3,5,4,0.7726432611281913,18.12050678042527,81,4.09711684370258,77.77777777777779,63,18,11.363824691358026,17.739954154820488,19.18146666666667,-15.997922222222222,67.58471376953771,85.4553925953281
3,4,10,3,7,2,0.7726432611281913,18.12050678042527,81,4.09711684370258,74.07407407407408,60,21,10.473125925925926,18.190275260505114,19.461968333333335,-15.209280952380956,63.595651117472244,82.37244106541145
3,4,10,3,7,3,0.7726432611281913,18.12050678042527,81,4.09711684370258,75.30864197530865,61,20,10.730608641975309,18.03246263637608,19.30794262295082,-15.43026,64.91574213226649,83.40968811127793
3,4,10,3,7,4,0.7726432611281913,18.12050678042527,81,4.09711684370258,75.30864197530865,61,20,10.420616049382716,18.60985514724965,19.30794262295082,-16.68573,64.91574213226649,83.40968811127793
3,4,10,4,3,2,0.7726432611281913,18.12050678042527,81,4.09711684370258,76.5432098765432,62,19,10.66751975308642,17.54027754569052,18.824925806451613,-15.951384210526315,66.24527035476532,84.43749794943977
3,4,10,4,3,3,0.7726432611281913,18.12050678042527,81,4.09711684370258,76.5432098765432,62,19,10.435448148148149,17.29641966051147,18.52173548387097,-15.951384210526315,66.24527035476532,84.43749794943977
3,4,10,4,3,4,0.7726432611281913,18.12050678042527,81,4.09711684370258,76.5432098765432,62,19,10.435448148148149,17.29641966051147,18.52173548387097,-15.951384210526315,66.24527035476532,84.43749794943977
3,4,10,4,5,2,0.7726432611281913,18.12050678042527,81,4.09711684370258,75.30864197530865,61,20,10.385148148148149,17.665398963454738,18.922872131147543,-15.654910000000001,64.91574213226649,83.40968811127793
3,4,10,4,5,3,0.7726432611281913,18.12050678042527,81,4.09711684370258,75.30864197530865,61,20,10.15307654320988,17.41948386453565,18.614711475409834,-15.654910000000001,64.91574213226649,83.40968811127793
3,4,10,4,5,4,0.7726432611281913,18.12050678042527,81,4.09711684370258,76.5432098765432,62,19,10.817414814814818,17.713657574948424,19.020756451612904,-15.951384210526315,66.24527035476532,84.43749794943977
3,4,10,4,7,2,0.7726432611281913,18.12050678042527,81,4.09711684370258,75.30864197530865,61,20,11.200139506172839,18.5326660468258,19.934188524590162,-15.438710000000004,64.91574213226649,83.40968811127793
3,4,10,4,7,3,0.7726432611281913,18.12050678042527,81,4.09711684370258,76.5432098765432,62,19,11.225550617283952,18.144981129275966,19.471840322580643,-15.683394736842107,66.24527035476532,84.43749794943977
3,4,10,4,7,4,0.7726432611281913,18.12050678042527,81,4.09711684370258,76.5432098765432,62,19,10.915558024691359,18.72720033672855,19.471840322580643,-17.004942105263158,66.24527035476532,84.43749794943977
3,4,12,2,3,2,0.7726432611281913,18.12050678042527,81,4.09711684370258,77.77777777777779,63,18,10.948365432098763,17.31126342321785,18.64730476190476,-15.997922222222222,67.58471376953771,85.4553925953281
3,4,12,2,3,3,0.7726432611281913,18.12050678042527,81,4.09711684370258,76.5432098765432,62,19,10.529993827160494,17.40995421367002,18.5755435483871,-15.723905263157896,66.24527035476532,84.43749794943977
3,4,12,2,3,4,0.7726432611281913,18.12050678042527,81,4.09711684370258,76.5432098765432,62,19,10.878422222222222,17.83094427442781,19.030748387096775,-15.723905263157896,66.24527035476532,84.43749794943977
3,4,12,2,5,2,0.7726432611281913,18.12050678042527,81,4.09711684370258,75.30864197530865,61,20,10.788816049382715,18.037900508210875,19.38523442622951,-15.43026,64.91574213226649,83.40968811127793
3,4,12,2,5,3,0.7726432611281913,18.12050678042527,81,4.09711684370258,75.30864197530865,61,20,10.726593827160494,18.00137184567711,19.302611475409837,-15.43026,64.91574213226649,83.40968811127793
3,4,12,2,5,4,0.7726432611281913,18.12050678042527,81,4.09711684370258,77.77777777777779,63,18,11.270967901234568,17.68349920162033,19.062079365079363,-15.997922222222222,67.58471376953771,85.4553925953281
3,4,12,2,7,2,0.7726432611281913,18.12050678042527,81,4.09711684370258,75.30864197530865,61,20,10.788816049382715,18.037900508210875,19.38523442622951,-15.43026,64.91574213226649,83.40968811127793
3,4,12,2,7,3,0.7726432611281913,18.12050678042527,81,4.09711684370258,75.30864197530865,61,20,10.654174074074074,17.972738959398885,19.206447540983607,-15.43026,64.91574213226649,83.40968811127793
3,4,12,2,7,4,0.7726432611281913,18.12050678042527,81,4.09711684370258,76.5432098765432,62,19,10.875244444444442,17.754885250009362,18.965351612903227,-15.524052631578947,66.24527035476532,84.43749794943977
3,4,12,3,3,2,0.7726432611281913,18.12050678042527,81,4.09711684370258,76.5432098765432,62,19,10.30808888888889,17.171666999566465,18.35534677419355,-15.951384210526315,66.24527035476532,84.43749794943977
3,4,12,3,3,3,0.7726432611281913,18.12050678042527,81,4.09711684370258,76.5432098765432,62,19,10.30808888888889,17.171666999566465,18.35534677419355,-15.951384210526315,66.24527035476532,84.43749794943977
3,4,12,3,3,4,0.7726432611281913,18.12050678042527,81,4.09711684370258,76.5432098765432,62,19,10.518385185185185,17.17341316633149,18.56037741935484,-15.723905263157896,66.24527035476532,84.43749794943977
3,4,12,3,5,2,0.7726432611281913,18.12050678042527,81,4.09711684370258,76.5432098765432,62,19,11.114945679012346,17.898081436700483,19.327340322580646,-15.683394736842107,66.24527035476532,84.43749794943977
3,4,12,3,5,3,0.7726432611281913,18.12050678042527,81,4.09711684370258,76.5432098765432,62,19,11.114945679012346,17.898081436700483,19.327340322580646,-15.683394736842107,66.24527035476532,84.43749794943977
3,4,12,3,5,4,0.7726432611281913,18.12050678042527,81,4.09711684370258,77.77777777777779,63,18,11.363824691358026,17.739954154820488,19.18146666666667,-15.997922222222222,67.58471376953771,85.4553925953281
3,4,12,3,7,2,0.7726432611281913,18.12050678042527,81,4.09711684370258,74.07407407407408,60,21,10.11221975308642,17.850056302169047,18.974745,-15.209280952380956,63.595651117472244,82.37244106541145
3,4,12,3,7,3,0.7726432611281913,18.12050678042527,81,4.09711684370258,75.30864197530865,61,20,10.369702469135802,17.694526895363545,18.82870655737705,-15.43026,64.91574213226649,83.40968811127793
3,4,12,3,7,4,0.7726432611281913,18.12050678042527,81,4.09711684370258,75.30864197530865,61,20,10.369702469135802,17.694526895363545,18.82870655737705,-15.43026,64.91574213226649,83.40968811127793
3,4,12,4,3,2,0.7726432611281913,18.12050678042527,81,4.09711684370258,76.5432098765432,62,19,10.66751975308642,17.54027754569052,18.824925806451613,-15.951384210526315,66.24527035476532,84.43749794943977
3,4,12,4,3,3,0.7726432611281913,18.12050678042527,81,4.09711684370258,76.5432098765432,62,19,10.435448148148149,17.29641966051147,18.52173548387097,-15.951384210526315,66.24527035476532,84.43749794943977
3,4,12,4,3,4,0.7726432611281913,18.12050678042527,81,4.09711684370258,76.5432098765432,62,19,10.435448148148149,17.29641966051147,18.52173548387097,-15.951384210526315,66.24527035476532,84.43749794943977
3,4,12,4,5,2,0.7726432611281913,18.12050678042527,81,4.09711684370258,75.30864197530865,61,20,10.024241975308643,17.31301300283882,18.44363606557377,-15.654910000000001,64.91574213226649,83.40968811127793
3,4,12,4,5,3,0.7726432611281913,18.12050678042527,81,4.09711684370258,75.30864197530865,61,20,9.792170370370371,17.057048711716256,18.135475409836065,-15.654910000000001,64.91574213226649,83.40968811127793
3,4,12,4,5,4,0.7726432611281913,18.12050678042527,81,4.09711684370258,76.5432098765432,62,19,10.45650864197531,17.37134649330038,18.54925,-15.951384210526315,66.24527035476532,84.43749794943977
3,4,12,4,7,2,0.7726432611281913,18.12050678042527,81,4.09711684370258,75.30864197530865,61,20,10.839233333333334,18.21344101785135,19.454952459016393,-15.438710000000004,64.91574213226649,83.40968811127793
3,4,12,4,7,3,0.7726432611281913,18.12050678042527,81,4.09711684370258,76.5432098765432,62,19,10.864644444444444,17.819333164255895,19.00033387096774,-15.683394736842107,66.24527035476532,84.43749794943977
3,4,12,4,7,4,0.7726432611281913,18.12050678042527,81,4.09711684370258,76.5432098765432,62,19,10.864644444444444,17.819333164255895,19.00033387096774,-15.683394736842107,66.24527035476532,84.43749794943977
3,5,8,2,3,2,1.0429690555159747,19.704199557083648,100,5.058168942842691,75.0,75,25,10.155927000000002,18.375283919223993,19.090562666666663,-16.64798,65.6955364519384,82.45478863771231
3,5,8,2,3,3,1.0429690555159747,19.704199557083648,100,5.058168942842691,77.0,77,23,11.136337,18.44472322077622,19.542727272727276,-17.006795652173913,67.84561697712623,84.15673411969654
3,5,8,2,3,4,1.0429690555159747,19.704199557083648,100,5.058168942842691,78.0,78,22,11.120885999999999,18.0449034044509,19.07860512820513,-17.092845454545458,68.9296464850142,84.9987176153946
3,5,8,2,5,2,1.0429690555159747,19.704199557083648,100,5.058168942842691,75.0,75,25,10.388526000000002,18.67590754710475,19.443426666666667,-16.776176,65.6955364519384,82.45478863771231
3,5,8,2,5,3,1.0429690555159747,19.704199557083648,100,5.058168942842691,76.0,76,24,10.807583999999999,18.47672861634233,19.49795,-16.711908333333337,66.76766365018553,83.30867444305122
3,5,8,2,5,4,1.0429690555159747,19.704199557083648,100,5.058168942842691,76.0,76,24,10.762274,18.468595504570413,19.43833157894737,-16.711908333333337,66.76766365018553,83.30867444305122
3,5,8,2,7,2,1.0429690555159747,19.704199557083648,100,5.058168942842691,75.0,75,25,10.373999000000001,18.59812716458297,19.366404,-16.603216,65.6955364519384,82.45478863771231
3,5,8,2,7,3,1.0429690555159747,19.704199557083648,100,5.058168942842691,77.0,77,23,10.946027999999998,18.32420726873861,19.284376623376627,-16.969313043478262,67.84561697712623,84.15673411969654
3,5,8,2,7,4,1.0429690555159747,19.704199557083648,100,5.058168942842691,76.0,76,24,10.748924000000002,18.45447251294204,19.420765789473684,-16.711908333333337,66.76766365018553,83.30867444305122
3,5,8,3,3,2,1.0429690555159747,19.704199557083648,100,5.058168942842691,75.0,75,25,9.893453000000001,17.96632125964407,18.740597333333334,-16.64798,65.6955364519384,82.45478863771231
3,5,8,3,3,3,1.0429690555159747,19.704199557083648,100,5.058168942842691,77.0,77,23,10.439397000000001,17.688347785308594,18.63761038961039,-17.006795652173913,67.84561697712623,84.15673411969654
3,5,8,3,3,4,1.0429690555159747,19.704199557083648,100,5.058168942842691,77.0,77,23,10.471976,17.69209299132699,18.67992077922078,-17.006795652173913,67.84561697712623,84.15673411969654
3,5,8,3,5,2,1.0429690555159747,19.704199557083648,100,5.058168942842691,76.0,76,24,10.890776999999998,18.812740432471998,19.664284210526315,-16.891995833333336,66.76766365018553,83.30867444305122
3,5,8,3,5,3,1.0429690555159747,19.704199557083648,100,5.058168942842691,76.0,76,24,10.917667999999999,18.814439941923823,19.69966710526316,-16.891995833333336,66.76766365018553,83.30867444305122
3,5,8,3,5,4,1.0429690555159747,19.704199557083648,100,5.058168942842691,75.0,75,25,10.716170000000002,18.941343002882036,19.837553333333332,-16.64798,65.6955364519384,82.45478863771231
3,5,8,3,7,2,1.0429690555159747,19.704199557083648,100,5.058168942842691,74.0,74,26,10.365570000000002,19.074091039632314,19.82096081081081,-16.545926923076927,64.62901055081282,81.59530153525186
3,5,8,3,7,3,1.0429690555159747,19.704199557083648,100,5.058168942842691,75.0,75,25,10.568305000000002,18.953670487532875,19.683132,-16.776176,65.6955364519384,82.45478863771231
3,5,8,3,7,4,1.0429690555159747,19.704199557083648,100,5.058168942842691,76.0,76,24,11.016012,18.764828143853048,19.772197368421054,-16.711908333333337,66.76766365018553,83.30867444305122
3,5,8,4,3,2,1.0429690555159747,19.704199557083648,100,5.058168942842691,75.0,75,25,10.234951,17.6798508371804,18.954973333333335,-15.925116000000001,65.6955364519384,82.45478863771231
3,5,8,4,3,3,1.0429690555159747,19.704199557083648,100,5.058168942842691,78.0,78,22,10.943415,17.18989180840654,18.63992435897436,-16.344209090909093,68.9296464850142,84.9987176153946
3,5,8,4,3,4,1.0429690555159747,19.704199557083648,100,5.058168942842691,77.0,77,23,10.439397000000001,17.688347785308594,18.63761038961039,-17.006795652173913,67.84561697712623,84.15673411969654
3,5,8,4,5,2,1.0429690555159747,19.704199557083648,100,5.058168942842691,75.0,75,25,10.606910000000001,18.939025214771682,19.728146666666667,-16.756800000000002,65.6955364519384,82.45478863771231
3,5,8,4,5,3,1.0429690555159747,19.704199557083648,100,5.058168942842691,76.0,76,24,10.895122999999998,18.784242908513278,19.67000263157895,-16.891995833333336,66.76766365018553,83.30867444305122
3,5,8,4,5,4,1.0429690555159747,19.704199557083648,100,5.058168942842691,76.0,76,24,10.917175,18.784617803229565,19.69901842105263,-16.891995833333336,66.76766365018553,83.30867444305122
3,5,8,4,7,2,1.0429690555159747,19.704199557083648,100,5.058168942842691,74.0,74,26,10.315086,19.061893920462197,19.746193243243244,-16.527296153846155,64.62901055081282,81.59530153525186
3,5,8,4,7,3,1.0429690555159747,19.704199557083648,100,5.058168942842691,75.0,75,25,10.576408,18.910467830095232,19.651178666666667,-16.647904,65.6955364519384,82.45478863771231
3,5,8,4,7,4,1.0429690555159747,19.704199557083648,100,5.058168942842691,76.0,76,24,10.917667999999999,18.814439941923823,19.69966710526316,-16.891995833333336,66.76766365018553,83.30867444305122
3,5,10,2,3,2,1.0429690555159747,19.704199557083648,100,5.058168942842691,74.0,74,26,9.461819,18.83934311389786,18.91342972972973,-17.438919230769233,64.62901055081282,81.59530153525186
3,5,10,2,3,3,1.0429690555159747,19.704199557083648,100,5.058168942842691,76.0,76,24,10.442229,18.94339919539308,19.376205263157896,-17.848695833333334,66.76766365018553,83.30867444305122
3,5,10,2,3,4,1.0429690555159747,19.704199557083648,100,5.058168942842691,77.0,77,23,10.426778000000002,18.55374440040804,18.90821818181818,-17.967608695652178,67.84561697712623,84.15673411969654
3,5,10,2,5,2,1.0429690555159747,19.704199557083648,100,5.058168942842691,74.0,74,26,9.784607000000001,19.226436469544357,19.39293918918919,-17.562184615384616,64.62901055081282,81.59530153525186
3,5,10,2,5,3,1.0429690555159747,19.704199557083648,100,5.058168942842691,75.0,75,25,10.203665,19.046445962867704,19.44886266666667,-17.531928,65.6955364519384,82.45478863771231
3,5,10,2,5,4,1.0429690555159747,19.704199557083648,100,5.058168942842691,75.0,75,25,10.158355000000002,19.037104386611492,19.388449333333334,-17.531928,65.6955364519384,82.45478863771231
3,5,10,2,7,2,1.0429690555159747,19.704199557083648,100,5.058168942842691,74.0,74,26,9.77008,19.15042942447553,19.314875675675676,-17.395876923076923,64.62901055081282,81.59530153525186
3,5,10,2,7,3,1.0429690555159747,19.704199557083648,100,5.058168942842691,76.0,76,24,10.342109,18.902991363172678,19.233125,-17.812775000000002,66.76766365018553,83.30867444305122
3,5,10,2,7,4,1.0429690555159747,19.704199557083648,100,5.058168942842691,75.0,75,25,10.145005000000001,19.022975364905804,19.370649333333333,-17.531928,65.6955364519384,82.45478863771231
3,5,10,3,3,2,1.0429690555159747,19.704199557083648,100,5.058168942842691,75.0,75,25,9.910019000000002,17.97668006970206,18.762685333333334,-16.64798,65.6955364519384,82.45478863771231
3,5,10,3,3,3,1.0429690555159747,19.704199557083648,100,5.058168942842691,77.0,77,23,10.455963000000002,17.698353120328722,18.659124675324676,-17.006795652173913,67.84561697712623,84.15673411969654
3,5,10,3,3,4,1.0429690555159747,19.704199557083648,100,5.058168942842691,77.0,77,23,10.488542000000002,17.702065413421295,18.701435064935065,-17.006795652173913,67.84561697712623,84.15673411969654
3,5,10,3,5,2,1.0429690555159747,19.704199557083648,100,5.058168942842691,76.0,76,24,10.60519,18.508912823059493,19.28851184210526,-16.891995833333336,66.76766365018553,83.30867444305122
3,5,10,3,5,3,1.0429690555159747,19.704199557083648,100,5.058168942842691,76.0,76,24,10.632081000000001,18.5110592950863,19.323894736842107,-16.891995833333336,66.76766365018553,83.30867444305122
3,5,10,3,5,4,1.0429690555159747,19.704199557083648,100,5.058168942842691,75.0,75,25,10.430583000000002,18.63690928514268,19.456770666666664,-16.64798,65.6955364519384,82.45478863771231
3,5,10,3,7,2,1.0429690555159747,19.704199557083648,100,5.058168942842691,74.0,74,26,10.079983000000002,18.76642175722133,19.435032432432433,-16.545926923076927,64.62901055081282,81.59530153525186
3,5,10,3,7,3,1.0429690555159747,19.704199557083648,100,5.058168942842691,75.0,75,25,10.282718000000003,18.647150671318787,19.302349333333332,-16.776176,65.6955364519384,82.45478863771231
3,5,10,3,7,4,1.0429690555159747,19.704199557083648,100,5.058168942842691,76.0,76,24,10.730425,18.46216888914704,19.396424999999997,-16.711908333333337,66.76766365018553,83.30867444305122
3,5,10,4,3,2,1.0429690555159747,19.704199557083648,100,5.058168942842691,74.0,74,26,9.878790000000002,17.86299158383448,18.956822972972976,-15.958688461538465,64.62901055081282,81.59530153525186
3,5,10,4,3,3,1.0429690555159747,19.704199557083648,100,5.058168942842691,77.0,77,23,10.587254000000003,17.392857013655306,18.63761038961039,-16.363939130434787,67.84561697712623,84.15673411969654
3,5,10,4,3,4,1.0429690555159747,19.704199557083648,100,5.058168942842691,77.0,77,23,10.587254000000003,17.392857013655306,18.63761038961039,-16.363939130434787,67.84561697712623,84.15673411969654
3,5,10,4,5,2,1.0429690555159747,19.704199557083648,100,5.058168942842691,75.0,75,25,10.754767000000001,18.662005988287536,19.728146666666667,-16.165372,65.6955364519384,82.45478863771231
3,5,10,4,5,3,1.0429690555159747,19.704199557083648,100,5.058168942842691,76.0,76,24,11.04298,18.502580456599272,19.67000263157895,-16.275925,66.76766365018553,83.30867444305122
3,5,10,4,5,4,1.0429690555159747,19.704199557083648,100,5.058168942842691,76.0,76,24,11.065031999999999,18.502783060005658,19.69901842105263,-16.275925,66.76766365018553,83.30867444305122
3,5,10,4,7,2,1.0429690555159747,19.704199557083648,100,5.058168942842691,74.0,74,26,10.462943000000001,18.78900634359485,19.746193243243244,-15.958615384615387,64.62901055081282,81.59530153525186
3,5,10,4,7,3,1.0429690555159747,19.704199557083648,100,5.058168942842691,75.0,75,25,10.724265,18.63326852574177,19.651178666666667,-16.056476,65.6955364519384,82.45478863771231
3,5,10,4,7,4,1.0429690555159747,19.704199557083648,100,5.058168942842691,76.0,76,24,11.065525000000001,18.533054740675748,19.69966710526316,-16.275925,66.76766365018553,83.30867444305122
3,5,12,2,3,2,1.0429690555159747,19.704199557083648,100,5.058168942842691,74.0,74,26,9.461819,18.83934311389786,18.91342972972973,-17.438919230769233,64.62901055081282,81.59530153525186
3,5,12,2,3,3,1.0429690555159747,19.704199557083648,100,5.058168942842691,76.0,76,24,10.442229,18.94339919539308,19.376205263157896,-17.848695833333334,66.76766365018553,83.30867444305122
3,5,12,2,3,4,1.0429690555159747,19.704199557083648,100,5.058168942842691,77.0,77,23,10.426778000000002,18.55374440040804,18.90821818181818,-17.967608695652178,67.84561697712623,84.15673411969654
3,5,12,2,5,2,1.0429690555159747,19.704199557083648,100,5.058168942842691,74.0,74,26,9.784607000000001,19.226436469544357,19.39293918918919,-17.562184615384616,64.62901055081282,81.59530153525186
3,5,12,2,5,3,1.0429690555159747,19.704199557083648,100,5.058168942842691,75.0,75,25,10.203665,19.046445962867704,19.44886266666667,-17.531928,65.6955364519384,82.45478863771231
3,5,12,2,5,4,1.0429690555159747,19.704199557083648,100,5.058168942842691,75.0,75,25,10.158355000000002,19.037104386611492,19.388449333333334,-17.531928,65.6955364519384,82.45478863771231
3,5,12,2,7,2,1.0429690555159747,19.704199557083648,100,5.058168942842691,74.0,74,26,9.77008,19.15042942447553,19.314875675675676,-17.395876923076923,64.62901055081282,81.59530153525186
3,5,12,2,7,3,1.0429690555159747,19.704199557083648,100,5.058168942842691,76.0,76,24,10.342109,18.902991363172678,19.233125,-17.812775000000002,66.76766365018553,83.30867444305122
3,5,12,2,7,4,1.0429690555159747,19.704199557083648,100,5.058168942842691,75.0,75,25,10.145005000000001,19.022975364905804,19.370649333333333,-17.531928,65.6955364519384,82.45478863771231
3,5,12,3,3,2,1.0429690555159747,19.704199557083648,100,5.058168942842691,75.0,75,25,10.057876,17.69047709348665,18.762685333333334,-16.056552,65.6955364519384,82.45478863771231
3,5,12,3,3,3,1.0429690555159747,19.704199557083648,100,5.058168942842691,77.0,77,23,10.603820000000002,17.4028900649962,18.659124675324676,-16.363939130434787,67.84561697712623,84.15673411969654
3,5,12,3,3,4,1.0429690555159747,19.704199557083648,100,5.058168942842691,77.0,77,23,10.636399,17.406385838632104,18.701435064935065,-16.363939130434787,67.84561697712623,84.15673411969654
3,5,12,3,5,2,1.0429690555159747,19.704199557083648,100,5.058168942842691,76.0,76,24,10.753047000000002,18.225371301525676,19.28851184210526,-16.275925,66.76766365018553,83.30867444305122
3,5,12,3,5,3,1.0429690555159747,19.704199557083648,100,5.058168942842691,76.0,76,24,10.779938,18.227330826102815,19.323894736842107,-16.275925,66.76766365018553,83.30867444305122
3,5,12,3,5,4,1.0429690555159747,19.704199557083648,100,5.058168942842691,75.0,75,25,10.578440000000002,18.35676573301429,19.456770666666664,-16.056552,65.6955364519384,82.45478863771231
3,5,12,3,7,2,1.0429690555159747,19.704199557083648,100,5.058168942842691,74.0,74,26,10.22784,18.491072727621344,19.435032432432433,-15.977246153846155,64.62901055081282,81.59530153525186
3,5,12,3,7,3,1.0429690555159747,19.704199557083648,100,5.058168942842691,75.0,75,25,10.430575000000001,18.36836563382419,19.302349333333332,-16.184748000000003,65.6955364519384,82.45478863771231
3,5,12,3,7,4,1.0429690555159747,19.704199557083648,100,5.058168942842691,76.0,76,24,10.878281999999999,18.176869297468375,19.396424999999997,-16.0958375,66.76766365018553,83.30867444305122
3,5,12,4,3,2,1.0429690555159747,19.704199557083648,100,5.058168942842691,74.0,74,26,9.878790000000002,17.86299158383448,18.956822972972976,-15.958688461538465,64.62901055081282,81.59530153525186
3,5,12,4,3,3,1.0429690555159747,19.704199557083648,100,5.058168942842691,77.0,77,23,10.587254000000003,17.392857013655306,18.63761038961039,-16.363939130434787,67.84561697712623,84.15673411969654
3,5,12,4,3,4,1.0429690555159747,19.704199557083648,100,5.058168942842691,77.0,77,23,10.587254000000003,17.392857013655306,18.63761038961039,-16.363939130434787,67.84561697712623,84.15673411969654
3,5,12,4,5,2,1.0429690555159747,19.704199557083648,100,5.058168942842691,75.0,75,25,10.754767000000001,18.662005988287536,19.728146666666667,-16.165372,65.6955364519384,82.45478863771231
3,5,12,4,5,3,1.0429690555159747,19.704199557083648,100,5.058168942842691,76.0,76,24,11.04298,18.502580456599272,19.67000263157895,-16.275925,66.76766365018553,83.30867444305122
3,5,12,4,5,4,1.0429690555159747,19.704199557083648,100,5.058168942842691,76.0,76,24,11.065031999999999,18.502783060005658,19.69901842105263,-16.275925,66.76766365018553,83.30867444305122
3,5,12,4,7,2,1.0429690555159747,19.704199557083648,100,5.058168942842691,74.0,74,26,10.462943000000001,18.78900634359485,19.746193243243244,-15.958615384615387,64.62901055081282,81.59530153525186
3,5,12,4,7,3,1.0429690555159747,19.704199557083648,100,5.058168942842691,75.0,75,25,10.724265,18.63326852574177,19.651178666666667,-16.056476,65.6955364519384,82.45478863771231
3,5,12,4,7,4,1.0429690555159747,19.704199557083648,100,5.058168942842691,76.0,76,24,11.065525000000001,18.533054740675748,19.69966710526316,-16.275925,66.76766365018553,83.30867444305122
4,2,8,2,3,2,0.34164115775734716,10.151917990071562,67,3.388973191704603,79.1044776119403,53,14,11.333305970149254,17.607097871596096,18.670143396226415,-16.441864285714285,67.92819349311752,87.12431481097087
4,2,8,2,3,3,0.34164115775734716,10.151917990071562,67,3.388973191704603,77.61194029850746,52,15,10.61716865671642,18.06853642765897,18.574498076923074,-16.96824,66.29303387922624,85.93626887080634
4,2,8,2,3,4,0.34164115775734716,10.151917990071562,67,3.388973191704603,76.11940298507463,51,16,10.176004477611942,18.22902161366164,18.57073529411765,-16.5822,64.6742362444697,84.73186095150707
4,2,8,2,5,2,0.34164115775734716,10.151917990071562,67,3.388973191704603,76.11940298507463,51,16,10.539432835820897,18.233303144515933,18.972033333333332,-16.33948125,64.6742362444697,84.73186095150707
4,2,8,2,5,3,0.34164115775734716,10.151917990071562,67,3.388973191704603,77.61194029850746,52,15,10.975002985074626,17.985176739908578,18.89923846153846,-16.49568,66.29303387922624,85.93626887080634
4,2,8,2,5,4,0.34164115775734716,10.151917990071562,67,3.388973191704603,77.61194029850746,52,15,10.91335671641791,18.723839855044172,19.09510961538461,-17.450053333333337,66.29303387922624,85.93626887080634
4,2,8,2,7,2,0.34164115775734716,10.151917990071562,67,3.388973191704603,76.11940298507463,51,16,11.080488059701494,18.078439375404013,19.431594117647055,-15.5386625,64.6742362444697,84.73186095150707
4,2,8,2,7,3,0.34164115775734716,10.151917990071562,67,3.388973191704603,77.61194029850746,52,15,11.69758208955224,18.422008133142086,19.74488846153846,-16.199746666666666,66.29303387922624,85.93626887080634
4,2,8,2,7,4,0.34164115775734716,10.151917990071562,67,3.388973191704603,77.61194029850746,52,15,11.69758208955224,18.422008133142086,19.74488846153846,-16.199746666666666,66.29303387922624,85.93626887080634
4,2,8,3,3,2,0.34164115775734716,10.151917990071562,67,3.388973191704603,79.1044776119403,53,14,11.295938805970149,17.3771436875705,18.62290566037736,-16.441864285714285,67.92819349311752,87.12431481097087
4,2,8,3,3,3,0.34164115775734716,10.151917990071562,67,3.388973191704603,77.61194029850746,52,15,10.579801492537314,17.843007172707765,18.526351923076923,-16.96824,66.29303387922624,85.93626887080634
4,2,8,3,3,4,0.34164115775734716,10.151917990071562,67,3.388973191704603,77.61194029850746,52,15,10.579801492537314,17.843007172707765,18.526351923076923,-16.96824,66.29303387922624,85.93626887080634
4,2,8,3,5,2,0.34164115775734716,10.151917990071562,67,3.388973191704603,77.61194029850746,52,15,11.037255223880598,17.799727218996697,18.84046346153846,-16.01386666666667,66.29303387922624,85.93626887080634
4,2,8,3,5,3,0.34164115775734716,10.151917990071562,67,3.388973191704603,77.61194029850746,52,15,11.037255223880598,17.799727218996697,18.84046346153846,-16.01386666666667,66.29303387922624,85.93626887080634
4,2,8,3,5,4,0.34164115775734716,10.151917990071562,67,3.388973191704603,77.61194029850746,52,15,10.622001492537315,18.069318817664147,18.580724999999997,-16.96824,66.29303387922624,85.93626887080634
4,2,8,3,7,2,0.34164115775734716,10.151917990071562,67,3.388973191704603,76.11940298507463,51,16,10.544265671641794,18.23409938027827,18.978382352941175,-16.33948125,64.6742362444697,84.73186095150707
4,2,8,3,7,3,0.34164115775734716,10.151917990071562,67,3.388973191704603,76.11940298507463,51,16,10.544265671641794,18.23409938027827,18.978382352941175,-16.33948125,64.6742362444697,84.73186095150707
4,2,8,3,7,4,0.34164115775734716,10.151917990071562,67,3.388973191704603,76.11940298507463,51,16,10.742285074626865,18.734779118391693,19.299580392156862,-16.534093749999997,64.6742362444697,84.73186095150707
4,2,8,4,3,2,0.34164115775734716,10.151917990071562,67,3.388973191704603,77.61194029850746,52,15,10.849364179104478,18.25606569491856,18.943934615384613,-17.211813333333335,66.29303387922624,85.93626887080634
4,2,8,4,3,3,0.34164115775734716,10.151917990071562,67,3.388973191704603,77.61194029850746,52,15,10.579801492537314,17.843007172707765,18.526351923076923,-16.96824,66.29303387922624,85.93626887080634
4,2,8,4,3,4,0.34164115775734716,10.151917990071562,67,3.388973191704603,77.61194029850746,52,15,10.579801492537314,17.843007172707765,18.526351923076923,-16.96824,66.29303387922624,85.93626887080634
4,2,8,4,5,2,0.34164115775734716,10.151917990071562,67,3.388973191704603,77.61194029850746,52,15,11.144047761194031,17.713828400616062,18.97806153846154,-16.01386666666667,66.29303387922624,85.93626887080634
4,2,8,4,5,3,0.34164115775734716,10.151917990071562,67,3.388973191704603,77.61194029850746,52,15,10.819953731343285,17.41056292690201,18.560478846153845,-16.01386666666667,66.29303387922624,85.93626887080634
4,2,8,4,5,4,0.34164115775734716,10.151917990071562,67,3.388973191704603,77.61194029850746,52,15,10.4047,17.680907498836824,18.300740384615384,-16.96824,66.29303387922624,85.93626887080634
4,2,8,4,7,2,0.34164115775734716,10.151917990071562,67,3.388973191704603,77.61194029850746,52,15,11.361349253731344,18.09252104843302,19.258046153846152,-16.01386666666667,66.29303387922624,85.93626887080634
4,2,8,4,7,3,0.34164115775734716,10.151917990071562,67,3.388973191704603,77.61194029850746,52,15,11.190873134328358,17.897907161635967,19.03839423076923,-16.01386666666667,66.29303387922624,85.93626887080634
4,2,8,4,7,4,0.34164115775734716,10.151917990071562,67,3.388973191704603,76.11940298507463,51,16,10.474735820895521,18.34639201733815,18.94809411764706,-16.534093749999997,64.6742362444697,84.73186095150707
4,2,10,2,3,2,0.34164115775734716,10.151917990071562,67,3.388973191704603,79.1044776119403,53,14,11.333305970149254,17.607097871596096,18.670143396226415,-16.441864285714285,67.92819349311752,87.12431481097087
4,2,10,2,3,3,0.34164115775734716,10.151917990071562,67,3.388973191704603,77.61194029850746,52,15,10.61716865671642,18.06853642765897,18.574498076923074,-16.96824,66.29303387922624,85.93626887080634
4,2,10,2,3,4,0.34164115775734716,10.151917990071562,67,3.388973191704603,76.11940298507463,51,16,10.176004477611942,18.22902161366164,18.57073529411765,-16.5822,64.6742362444697,84.73186095150707
4,2,10,2,5,2,0.34164115775734716,10.151917990071562,67,3.388973191704603,76.11940298507463,51,16,10.539432835820897,18.233303144515933,18.972033333333332,-16.33948125,64.6742362444697,84.73186095150707
4,2,10,2,5,3,0.34164115775734716,10.151917990071562,67,3.388973191704603,77.61194029850746,52,15,10.975002985074626,17.985176739908578,18.89923846153846,-16.49568,66.29303387922624,85.93626887080634
4,2,10,2,5,4,0.34164115775734716,10.151917990071562,67,3.388973191704603,77.61194029850746,52,15,10.91335671641791,18.723839855044172,19.09510961538461,-17.450053333333337,66.29303387922624,85.93626887080634
4,2,10,2,7,2,0.34164115775734716,10.151917990071562,67,3.388973191704603,76.11940298507463,51,16,11.080488059701494,18.078439375404013,19.431594117647055,-15.5386625,64.6742362444697,84.73186095150707
4,2,10,2,7,3,0.34164115775734716,10.151917990071562,67,3.388973191704603,77.61194029850746,52,15,11.69758208955224,18.422008133142086,19.74488846153846,-16.199746666666666,66.29303387922624,85.93626887080634
4,2,10,2,7,4,0.34164115775734716,10.151917990071562,67,3.388973191704603,77.61194029850746,52,15,11.69758208955224,18.422008133142086,19.74488846153846,-16.199746666666666,66.29303387922624,85.93626887080634
4,2,10,3,3,2,0.34164115775734716,10.151917990071562,67,3.388973191704603,79.1044776119403,53,14,11.295938805970149,17.3771436875705,18.62290566037736,-16.441864285714285,67.92819349311752,87.12431481097087
4,2,10,3,3,3,0.34164115775734716,10.151917990071562,67,3.388973191704603,77.61194029850746,52,15,10.579801492537314,17.843007172707765,18.526351923076923,-16.96824,66.29303387922624,85.93626887080634
4,2,10,3,3,4,0.34164115775734716,10.151917990071562,67,3.388973191704603,77.61194029850746,52,15,10.579801492537314,17.843007172707765,18.526351923076923,-16.96824,66.29303387922624,85.93626887080634
4,2,10,3,5,2,0.34164115775734716,10.151917990071562,67,3.388973191704603,77.61194029850746,52,15,11.036726865671643,17.79936185534327,18.839782692307693,-16.01386666666667,66.29303387922624,85.93626887080634
4,2,10,3,5,3,0.34164115775734716,10.151917990071562,67,3.388973191704603,77.61194029850746,52,15,11.036726865671643,17.79936185534327,18.839782692307693,-16.01386666666667,66.29303387922624,85.93626887080634
4,2,10,3,5,4,0.34164115775734716,10.151917990071562,67,3.388973191704603,77.61194029850746,52,15,10.62147313432836,18.068946578789426,18.58004423076923,-16.96824,66.29303387922624,85.93626887080634
4,2,10,3,7,2,0.34164115775734716,10.151917990071562,67,3.388973191704603,76.11940298507463,51,16,10.543737313432835,18.23372821869635,18.977688235294117,-16.33948125,64.6742362444697,84.73186095150707
4,2,10,3,7,3,0.34164115775734716,10.151917990071562,67,3.388973191704603,76.11940298507463,51,16,10.543737313432835,18.23372821869635,18.977688235294117,-16.33948125,64.6742362444697,84.73186095150707
4,2,10,3,7,4,0.34164115775734716,10.151917990071562,67,3.388973191704603,76.11940298507463,51,16,10.74175671641791,18.734423545419236,19.298886274509805,-16.534093749999997,64.6742362444697,84.73186095150707
4,2,10,4,3,2,0.34164115775734716,10.151917990071562,67,3.388973191704603,77.61194029850746,52,15,10.849364179104478,18.25606569491856,18.943934615384613,-17.211813333333335,66.29303387922624,85.93626887080634
4,2,10,4,3,3,0.34164115775734716,10.151917990071562,67,3.388973191704603,77.61194029850746,52,15,10.579801492537314,17.843007172707765,18.526351923076923,-16.96824,66.29303387922624,85.93626887080634
4,2,10,4,3,4,0.34164115775734716,10.151917990071562,67,3.388973191704603,77.61194029850746,52,15,10.579801492537314,17.843007172707765,18.526351923076923,-16.96824,66.29303387922624,85.93626887080634
4,2,10,4,5,2,0.34164115775734716,10.151917990071562,67,3.388973191704603,77.61194029850746,52,15,11.144047761194031,17.713828400616062,18.97806153846154,-16.01386666666667,66.29303387922624,85.93626887080634
4,2,10,4,5,3,0.34164115775734716,10.151917990071562,67,3.388973191704603,77.61194029850746,52,15,10.819953731343285,17.41056292690201,18.560478846153845,-16.01386666666667,66.29303387922624,85.93626887080634
4,2,10,4,5,4,0.34164115775734716,10.151917990071562,67,3.388973191704603,77.61194029850746,52,15,10.4047,17.680907498836824,18.300740384615384,-16.96824,66.29303387922624,85.93626887080634
4,2,10,4,7,2,0.34164115775734716,10.151917990071562,67,3.388973191704603,77.61194029850746,52,15,11.361349253731344,18.09252104843302,19.258046153846152,-16.01386666666667,66.29303387922624,85.93626887080634
4,2,10,4,7,3,0.34164115775734716,10.151917990071562,67,3.388973191704603,77.61194029850746,52,15,11.037255223880598,17.799727218996697,18.84046346153846,-16.01386666666667,66.29303387922624,85.93626887080634
4,2,10,4,7,4,0.34164115775734716,10.151917990071562,67,3.388973191704603,76.11940298507463,51,16,10.321117910447759,18.244504697039066,18.746282352941176,-16.534093749999997,64.6742362444697,84.73186095150707
4,2,12,2,3,2,0.34164115775734716,10.151917990071562,67,3.388973191704603,79.1044776119403,53,14,11.333305970149254,17.607097871596096,18.670143396226415,-16.441864285714285,67.92819349311752,87.12431481097087
4,2,12,2,3,3,0.34164115775734716,10.151917990071562,67,3.388973191704603,77.61194029850746,52,15,10.61716865671642,18.06853642765897,18.574498076923074,-16.96824,66.29303387922624,85.93626887080634
4,2,12,2,3,4,0.34164115775734716,10.151917990071562,67,3.388973191704603,76.11940298507463,51,16,10.176004477611942,18.22902161366164,18.57073529411765,-16.5822,64.6742362444697,84.73186095150707
4,2,12,2,5,2,0.34164115775734716,10.151917990071562,67,3.388973191704603,76.11940298507463,51,16,10.539432835820897,18.233303144515933,18.972033333333332,-16.33948125,64.6742362444697,84.73186095150707
4,2,12,2,5,3,0.34164115775734716,10.151917990071562,67,3.388973191704603,77.61194029850746,52,15,10.975002985074626,17.985176739908578,18.89923846153846,-16.49568,66.29303387922624,85.93626887080634
4,2,12,2,5,4,0.34164115775734716,10.151917990071562,67,3.388973191704603,77.61194029850746,52,15,10.91335671641791,18.723839855044172,19.09510961538461,-17.450053333333337,66.29303387922624,85.93626887080634
4,2,12,2,7,2,0.34164115775734716,10.151917990071562,67,3.388973191704603,76.11940298507463,51,16,11.080488059701494,18.078439375404013,19.431594117647055,-15.5386625,64.6742362444697,84.73186095150707
4,2,12,2,7,3,0.34164115775734716,10.151917990071562,67,3.388973191704603,77.61194029850746,52,15,11.69758208955224,18.422008133142086,19.74488846153846,-16.199746666666666,66.29303387922624,85.93626887080634
4,2,12,2,7,4,0.34164115775734716,10.151917990071562,67,3.388973191704603,77.61194029850746,52,15,11.69758208955224,18.422008133142086,19.74488846153846,-16.199746666666666,66.29303387922624,85.93626887080634
4,2,12,3,3,2,0.34164115775734716,10.151917990071562,67,3.388973191704603,79.1044776119403,53,14,11.1608,17.246844486596626,18.452069811320754,-16.441864285714285,67.92819349311752,87.12431481097087
4,2,12,3,3,3,0.34164115775734716,10.151917990071562,67,3.388973191704603,77.61194029850746,52,15,10.444662686567165,17.710588313884145,18.35223076923077,-16.96824,66.29303387922624,85.93626887080634
4,2,12,3,3,4,0.34164115775734716,10.151917990071562,67,3.388973191704603,77.61194029850746,52,15,10.444662686567165,17.710588313884145,18.35223076923077,-16.96824,66.29303387922624,85.93626887080634
4,2,12,3,5,2,0.34164115775734716,10.151917990071562,67,3.388973191704603,77.61194029850746,52,15,11.036726865671643,17.79936185534327,18.839782692307693,-16.01386666666667,66.29303387922624,85.93626887080634
4,2,12,3,5,3,0.34164115775734716,10.151917990071562,67,3.388973191704603,77.61194029850746,52,15,11.036726865671643,17.79936185534327,18.839782692307693,-16.01386666666667,66.29303387922624,85.93626887080634
4,2,12,3,5,4,0.34164115775734716,10.151917990071562,67,3.388973191704603,77.61194029850746,52,15,10.62147313432836,18.068946578789426,18.58004423076923,-16.96824,66.29303387922624,85.93626887080634
4,2,12,3,7,2,0.34164115775734716,10.151917990071562,67,3.388973191704603,76.11940298507463,51,16,10.543737313432835,18.23372821869635,18.977688235294117,-16.33948125,64.6742362444697,84.73186095150707
4,2,12,3,7,3,0.34164115775734716,10.151917990071562,67,3.388973191704603,76.11940298507463,51,16,10.543737313432835,18.23372821869635,18.977688235294117,-16.33948125,64.6742362444697,84.73186095150707
4,2,12,3,7,4,0.34164115775734716,10.151917990071562,67,3.388973191704603,76.11940298507463,51,16,10.74175671641791,18.734423545419236,19.298886274509805,-16.534093749999997,64.6742362444697,84.73186095150707
4,2,12,4,3,2,0.34164115775734716,10.151917990071562,67,3.388973191704603,77.61194029850746,52,15,10.849364179104478,18.25606569491856,18.943934615384613,-17.211813333333335,66.29303387922624,85.93626887080634
4,2,12,4,3,3,0.34164115775734716,10.151917990071562,67,3.388973191704603,77.61194029850746,52,15,10.579801492537314,17.843007172707765,18.526351923076923,-16.96824,66.29303387922624,85.93626887080634
4,2,12,4,3,4,0.34164115775734716,10.151917990071562,67,3.388973191704603,77.61194029850746,52,15,10.579801492537314,17.843007172707765,18.526351923076923,-16.96824,66.29303387922624,85.93626887080634
4,2,12,4,5,2,0.34164115775734716,10.151917990071562,67,3.388973191704603,77.61194029850746,52,15,11.144047761194031,17.713828400616062,18.97806153846154,-16.01386666666667,66.29303387922624,85.93626887080634
4,2,12,4,5,3,0.34164115775734716,10.151917990071562,67,3.388973191704603,77.61194029850746,52,15,10.819953731343285,17.41056292690201,18.560478846153845,-16.01386666666667,66.29303387922624,85.93626887080634
4,2,12,4,5,4,0.34164115775734716,10.151917990071562,67,3.388973191704603,77.61194029850746,52,15,10.4047,17.680907498836824,18.300740384615384,-16.96824,66.29303387922624,85.93626887080634
4,2,12,4,7,2,0.34164115775734716,10.151917990071562,67,3.388973191704603,77.61194029850746,52,15,11.361349253731344,18.09252104843302,19.258046153846152,-16.01386666666667,66.29303387922624,85.93626887080634
4,2,12,4,7,3,0.34164115775734716,10.151917990071562,67,3.388973191704603,77.61194029850746,52,15,11.037255223880598,17.799727218996697,18.84046346153846,-16.01386666666667,66.29303387922624,85.93626887080634
4,2,12,4,7,4,0.34164115775734716,10.151917990071562,67,3.388973191704603,76.11940298507463,51,16,10.321117910447759,18.244504697039066,18.746282352941176,-16.534093749999997,64.6742362444697,84.73186095150707
4,3,8,2,3,2,0.3377689180530834,9.644276921604606,69,3.490136570561457,79.71014492753623,55,14,11.457450724637681,17.362462939482093,18.559094545454546,-16.441864285714285,68.77595975522071,87.5106669320965
4,3,8,2,3,3,0.3377689180530834,9.644276921604606,69,3.490136570561457,78.26086956521739,54,15,10.762071014492754,17.82197783435568,18.464935185185183,-16.96824,67.18170359123908,86.35923398937973
4,3,8,2,3,4,0.3377689180530834,9.644276921604606,69,3.490136570561457,76.81159420289855,53,16,10.291708695652174,17.97168276649766,18.40458679245283,-16.5822,65.60315295999074,85.19209551392967
4,3,8,2,5,2,0.3377689180530834,9.644276921604606,69,3.490136570561457,76.81159420289855,53,16,10.69866231884058,17.98758501818686,18.86112075471698,-16.33948125,65.60315295999074,85.19209551392967
4,3,8,2,5,3,0.3377689180530834,9.644276921604606,69,3.490136570561457,78.26086956521739,54,15,11.12160724637681,17.739772181434898,18.793075925925923,-16.49568,67.18170359123908,86.35923398937973
4,3,8,2,5,4,0.3377689180530834,9.644276921604606,69,3.490136570561457,78.26086956521739,54,15,11.019762318840579,18.4572645851971,18.928044444444446,-17.450053333333337,67.18170359123908,86.35923398937973
4,3,8,2,7,2,0.3377689180530834,9.644276921604606,69,3.490136570561457,76.81159420289855,53,16,11.233647826086958,17.83310404482109,19.315854716981132,-15.5386625,65.60315295999074,85.19209551392967
4,3,8,2,7,3,0.3377689180530834,9.644276921604606,69,3.490136570561457,76.81159420289855,53,16,11.447668115942031,18.358356484666217,19.688792452830185,-15.85105625,65.60315295999074,85.19209551392967
4,3,8,2,7,4,0.3377689180530834,9.644276921604606,69,3.490136570561457,76.81159420289855,53,16,11.40568260869565,18.349311634980598,19.634132075471697,-15.85105625,65.60315295999074,85.19209551392967
4,3,8,3,3,2,0.3377689180530834,9.644276921604606,69,3.490136570561457,79.71014492753623,55,14,11.421166666666666,17.136398071903137,18.513574545454546,-16.441864285714285,68.77595975522071,87.5106669320965
4,3,8,3,3,3,0.3377689180530834,9.644276921604606,69,3.490136570561457,78.26086956521739,54,15,10.72578695652174,17.600361047223476,18.41857222222222,-16.96824,67.18170359123908,86.35923398937973
4,3,8,3,3,4,0.3377689180530834,9.644276921604606,69,3.490136570561457,78.26086956521739,54,15,10.72578695652174,17.600361047223476,18.41857222222222,-16.96824,67.18170359123908,86.35923398937973
4,3,8,3,5,2,0.3377689180530834,9.644276921604606,69,3.490136570561457,78.26086956521739,54,15,11.181989855072462,17.556764825686262,18.736394444444446,-16.01386666666667,67.18170359123908,86.35923398937973
4,3,8,3,5,3,0.3377689180530834,9.644276921604606,69,3.490136570561457,78.26086956521739,54,15,11.181989855072462,17.556764825686262,18.736394444444446,-16.01386666666667,67.18170359123908,86.35923398937973
4,3,8,3,5,4,0.3377689180530834,9.644276921604606,69,3.490136570561457,78.26086956521739,54,15,10.778772463768115,17.82551354564974,18.486275925925924,-16.96824,67.18170359123908,86.35923398937973
4,3,8,3,7,2,0.3377689180530834,9.644276921604606,69,3.490136570561457,76.81159420289855,53,16,10.703355072463767,17.988326260600367,18.867230188679244,-16.33948125,65.60315295999074,85.19209551392967
4,3,8,3,7,3,0.3377689180530834,9.644276921604606,69,3.490136570561457,76.81159420289855,53,16,10.703355072463767,17.988326260600367,18.867230188679244,-16.33948125,65.60315295999074,85.19209551392967
4,3,8,3,7,4,0.3377689180530834,9.644276921604606,69,3.490136570561457,76.81159420289855,53,16,10.895634782608695,18.479288185010123,19.17630754716981,-16.534093749999997,65.60315295999074,85.19209551392967
4,3,8,4,3,2,0.3377689180530834,9.644276921604606,69,3.490136570561457,78.26086956521739,54,15,10.987536231884057,18.004713470897258,18.82068888888889,-17.211813333333335,67.18170359123908,86.35923398937973
4,3,8,4,3,3,0.3377689180530834,9.644276921604606,69,3.490136570561457,78.26086956521739,54,15,10.72578695652174,17.600361047223476,18.41857222222222,-16.96824,67.18170359123908,86.35923398937973
4,3,8,4,3,4,0.3377689180530834,9.644276921604606,69,3.490136570561457,78.26086956521739,54,15,10.72578695652174,17.600361047223476,18.41857222222222,-16.96824,67.18170359123908,86.35923398937973
4,3,8,4,5,2,0.3377689180530834,9.644276921604606,69,3.490136570561457,78.26086956521739,54,15,11.273678260869564,17.468869056678322,18.85355185185185,-16.01386666666667,67.18170359123908,86.35923398937973
4,3,8,4,5,3,0.3377689180530834,9.644276921604606,69,3.490136570561457,78.26086956521739,54,15,10.958978260869564,17.1728988399118,18.451435185185183,-16.01386666666667,67.18170359123908,86.35923398937973
4,3,8,4,5,4,0.3377689180530834,9.644276921604606,69,3.490136570561457,78.26086956521739,54,15,10.555760869565217,17.442330908219482,18.201316666666667,-16.96824,67.18170359123908,86.35923398937973
4,3,8,4,7,2,0.3377689180530834,9.644276921604606,69,3.490136570561457,78.26086956521739,54,15,11.496689855072463,17.84237918640654,19.13851111111111,-16.01386666666667,67.18170359123908,86.35923398937973
4,3,8,4,7,3,0.3377689180530834,9.644276921604606,69,3.490136570561457,78.26086956521739,54,15,11.331155072463767,17.652154569881297,18.926994444444446,-16.01386666666667,67.18170359123908,86.35923398937973
4,3,8,4,7,4,0.3377689180530834,9.644276921604606,69,3.490136570561457,76.81159420289855,53,16,10.63577536231884,18.099395173656443,18.838,-16.534093749999997,65.60315295999074,85.19209551392967
4,3,10,2,3,2,0.3377689180530834,9.644276921604606,69,3.490136570561457,79.71014492753623,55,14,11.457450724637681,17.362462939482093,18.559094545454546,-16.441864285714285,68.77595975522071,87.5106669320965
4,3,10,2,3,3,0.3377689180530834,9.644276921604606,69,3.490136570561457,78.26086956521739,54,15,10.762071014492754,17.82197783435568,18.464935185185183,-16.96824,67.18170359123908,86.35923398937973
4,3,10,2,3,4,0.3377689180530834,9.644276921604606,69,3.490136570561457,76.81159420289855,53,16,10.291708695652174,17.97168276649766,18.40458679245283,-16.5822,65.60315295999074,85.19209551392967
4,3,10,2,5,2,0.3377689180530834,9.644276921604606,69,3.490136570561457,76.81159420289855,53,16,10.69866231884058,17.98758501818686,18.86112075471698,-16.33948125,65.60315295999074,85.19209551392967
4,3,10,2,5,3,0.3377689180530834,9.644276921604606,69,3.490136570561457,78.26086956521739,54,15,11.12160724637681,17.739772181434898,18.793075925925923,-16.49568,67.18170359123908,86.35923398937973
4,3,10,2,5,4,0.3377689180530834,9.644276921604606,69,3.490136570561457,78.26086956521739,54,15,11.019762318840579,18.4572645851971,18.928044444444446,-17.450053333333337,67.18170359123908,86.35923398937973
4,3,10,2,7,2,0.3377689180530834,9.644276921604606,69,3.490136570561457,76.81159420289855,53,16,11.233647826086958,17.83310404482109,19.315854716981132,-15.5386625,65.60315295999074,85.19209551392967
4,3,10,2,7,3,0.3377689180530834,9.644276921604606,69,3.490136570561457,76.81159420289855,53,16,11.447668115942031,18.358356484666217,19.688792452830185,-15.85105625,65.60315295999074,85.19209551392967
4,3,10,2,7,4,0.3377689180530834,9.644276921604606,69,3.490136570561457,76.81159420289855,53,16,11.40568260869565,18.349311634980598,19.634132075471697,-15.85105625,65.60315295999074,85.19209551392967
4,3,10,3,3,2,0.3377689180530834,9.644276921604606,69,3.490136570561457,79.71014492753623,55,14,11.421166666666666,17.136398071903137,18.513574545454546,-16.441864285714285,68.77595975522071,87.5106669320965
4,3,10,3,3,3,0.3377689180530834,9.644276921604606,69,3.490136570561457,78.26086956521739,54,15,10.72578695652174,17.600361047223476,18.41857222222222,-16.96824,67.18170359123908,86.35923398937973
4,3,10,3,3,4,0.3377689180530834,9.644276921604606,69,3.490136570561457,78.26086956521739,54,15,10.72578695652174,17.600361047223476,18.41857222222222,-16.96824,67.18170359123908,86.35923398937973
4,3,10,3,5,2,0.3377689180530834,9.644276921604606,69,3.490136570561457,78.26086956521739,54,15,11.181476811594202,17.556409592536994,18.73573888888889,-16.01386666666667,67.18170359123908,86.35923398937973
4,3,10,3,5,3,0.3377689180530834,9.644276921604606,69,3.490136570561457,78.26086956521739,54,15,11.181476811594202,17.556409592536994,18.73573888888889,-16.01386666666667,67.18170359123908,86.35923398937973
4,3,10,3,5,4,0.3377689180530834,9.644276921604606,69,3.490136570561457,78.26086956521739,54,15,10.778259420289857,17.825151892260344,18.48562037037037,-16.96824,67.18170359123908,86.35923398937973
4,3,10,3,7,2,0.3377689180530834,9.644276921604606,69,3.490136570561457,76.81159420289855,53,16,10.702842028985506,17.987965697960444,18.866562264150943,-16.33948125,65.60315295999074,85.19209551392967
4,3,10,3,7,3,0.3377689180530834,9.644276921604606,69,3.490136570561457,76.81159420289855,53,16,10.702842028985506,17.987965697960444,18.866562264150943,-16.33948125,65.60315295999074,85.19209551392967
4,3,10,3,7,4,0.3377689180530834,9.644276921604606,69,3.490136570561457,76.81159420289855,53,16,10.895121739130435,18.478942618963934,19.17563962264151,-16.534093749999997,65.60315295999074,85.19209551392967
4,3,10,4,3,2,0.3377689180530834,9.644276921604606,69,3.490136570561457,78.26086956521739,54,15,10.987536231884057,18.004713470897258,18.82068888888889,-17.211813333333335,67.18170359123908,86.35923398937973
4,3,10,4,3,3,0.3377689180530834,9.644276921604606,69,3.490136570561457,78.26086956521739,54,15,10.72578695652174,17.600361047223476,18.41857222222222,-16.96824,67.18170359123908,86.35923398937973
4,3,10,4,3,4,0.3377689180530834,9.644276921604606,69,3.490136570561457,78.26086956521739,54,15,10.72578695652174,17.600361047223476,18.41857222222222,-16.96824,67.18170359123908,86.35923398937973
4,3,10,4,5,2,0.3377689180530834,9.644276921604606,69,3.490136570561457,78.26086956521739,54,15,11.273678260869564,17.468869056678322,18.85355185185185,-16.01386666666667,67.18170359123908,86.35923398937973
4,3,10,4,5,3,0.3377689180530834,9.644276921604606,69,3.490136570561457,78.26086956521739,54,15,10.958978260869564,17.1728988399118,18.451435185185183,-16.01386666666667,67.18170359123908,86.35923398937973
4,3,10,4,5,4,0.3377689180530834,9.644276921604606,69,3.490136570561457,78.26086956521739,54,15,10.555760869565217,17.442330908219482,18.201316666666667,-16.96824,67.18170359123908,86.35923398937973
4,3,10,4,7,2,0.3377689180530834,9.644276921604606,69,3.490136570561457,78.26086956521739,54,15,11.496689855072463,17.84237918640654,19.13851111111111,-16.01386666666667,67.18170359123908,86.35923398937973
4,3,10,4,7,3,0.3377689180530834,9.644276921604606,69,3.490136570561457,78.26086956521739,54,15,11.181989855072462,17.556764825686262,18.736394444444446,-16.01386666666667,67.18170359123908,86.35923398937973
4,3,10,4,7,4,0.3377689180530834,9.644276921604606,69,3.490136570561457,76.81159420289855,53,16,10.486610144927536,18.00052866245833,18.643803773584903,-16.534093749999997,65.60315295999074,85.19209551392967
4,3,12,2,3,2,0.3377689180530834,9.644276921604606,69,3.490136570561457,79.71014492753623,55,14,11.457450724637681,17.362462939482093,18.559094545454546,-16.441864285714285,68.77595975522071,87.5106669320965
4,3,12,2,3,3,0.3377689180530834,9.644276921604606,69,3.490136570561457,78.26086956521739,54,15,10.762071014492754,17.82197783435568,18.464935185185183,-16.96824,67.18170359123908,86.35923398937973
4,3,12,2,3,4,0.3377689180530834,9.644276921604606,69,3.490136570561457,76.81159420289855,53,16,10.291708695652174,17.97168276649766,18.40458679245283,-16.5822,65.60315295999074,85.19209551392967
4,3,12,2,5,2,0.3377689180530834,9.644276921604606,69,3.490136570561457,76.81159420289855,53,16,10.69866231884058,17.98758501818686,18.86112075471698,-16.33948125,65.60315295999074,85.19209551392967
4,3,12,2,5,3,0.3377689180530834,9.644276921604606,69,3.490136570561457,78.26086956521739,54,15,11.12160724637681,17.739772181434898,18.793075925925923,-16.49568,67.18170359123908,86.35923398937973
4,3,12,2,5,4,0.3377689180530834,9.644276921604606,69,3.490136570561457,78.26086956521739,54,15,11.019762318840579,18.4572645851971,18.928044444444446,-17.450053333333337,67.18170359123908,86.35923398937973
4,3,12,2,7,2,0.3377689180530834,9.644276921604606,69,3.490136570561457,76.81159420289855,53,16,11.233647826086958,17.83310404482109,19.315854716981132,-15.5386625,65.60315295999074,85.19209551392967
4,3,12,2,7,3,0.3377689180530834,9.644276921604606,69,3.490136570561457,76.81159420289855,53,16,11.447668115942031,18.358356484666217,19.688792452830185,-15.85105625,65.60315295999074,85.19209551392967
4,3,12,2,7,4,0.3377689180530834,9.644276921604606,69,3.490136570561457,76.81159420289855,53,16,11.40568260869565,18.349311634980598,19.634132075471697,-15.85105625,65.60315295999074,85.19209551392967
4,3,12,3,3,2,0.3377689180530834,9.644276921604606,69,3.490136570561457,79.71014492753623,55,14,11.289944927536231,17.009151111244726,18.34895090909091,-16.441864285714285,68.77595975522071,87.5106669320965
4,3,12,3,3,3,0.3377689180530834,9.644276921604606,69,3.490136570561457,78.26086956521739,54,15,10.594565217391304,17.471193719291414,18.250899999999998,-16.96824,67.18170359123908,86.35923398937973
4,3,12,3,3,4,0.3377689180530834,9.644276921604606,69,3.490136570561457,78.26086956521739,54,15,10.594565217391304,17.471193719291414,18.250899999999998,-16.96824,67.18170359123908,86.35923398937973
4,3,12,3,5,2,0.3377689180530834,9.644276921604606,69,3.490136570561457,78.26086956521739,54,15,11.181476811594202,17.556409592536994,18.73573888888889,-16.01386666666667,67.18170359123908,86.35923398937973
4,3,12,3,5,3,0.3377689180530834,9.644276921604606,69,3.490136570561457,78.26086956521739,54,15,11.181476811594202,17.556409592536994,18.73573888888889,-16.01386666666667,67.18170359123908,86.35923398937973
4,3,12,3,5,4,0.3377689180530834,9.644276921604606,69,3.490136570561457,78.26086956521739,54,15,10.778259420289857,17.825151892260344,18.48562037037037,-16.96824,67.18170359123908,86.35923398937973
4,3,12,3,7,2,0.3377689180530834,9.644276921604606,69,3.490136570561457,76.81159420289855,53,16,10.702842028985506,17.987965697960444,18.866562264150943,-16.33948125,65.60315295999074,85.19209551392967
4,3,12,3,7,3,0.3377689180530834,9.644276921604606,69,3.490136570561457,76.81159420289855,53,16,10.702842028985506,17.987965697960444,18.866562264150943,-16.33948125,65.60315295999074,85.19209551392967
4,3,12,3,7,4,0.3377689180530834,9.644276921604606,69,3.490136570561457,76.81159420289855,53,16,10.895121739130435,18.478942618963934,19.17563962264151,-16.534093749999997,65.60315295999074,85.19209551392967
4,3,12,4,3,2,0.3377689180530834,9.644276921604606,69,3.490136570561457,78.26086956521739,54,15,10.987536231884057,18.004713470897258,18.82068888888889,-17.211813333333335,67.18170359123908,86.35923398937973
4,3,12,4,3,3,0.3377689180530834,9.644276921604606,69,3.490136570561457,78.26086956521739,54,15,10.72578695652174,17.600361047223476,18.41857222222222,-16.96824,67.18170359123908,86.35923398937973
4,3,12,4,3,4,0.3377689180530834,9.644276921604606,69,3.490136570561457,78.26086956521739,54,15,10.72578695652174,17.600361047223476,18.41857222222222,-16.96824,67.18170359123908,86.35923398937973
4,3,12,4,5,2,0.3377689180530834,9.644276921604606,69,3.490136570561457,78.26086956521739,54,15,11.273678260869564,17.468869056678322,18.85355185185185,-16.01386666666667,67.18170359123908,86.35923398937973
4,3,12,4,5,3,0.3377689180530834,9.644276921604606,69,3.490136570561457,78.26086956521739,54,15,10.958978260869564,17.1728988399118,18.451435185185183,-16.01386666666667,67.18170359123908,86.35923398937973
4,3,12,4,5,4,0.3377689180530834,9.644276921604606,69,3.490136570561457,78.26086956521739,54,15,10.555760869565217,17.442330908219482,18.201316666666667,-16.96824,67.18170359123908,86.35923398937973
4,3,12,4,7,2,0.3377689180530834,9.644276921604606,69,3.490136570561457,78.26086956521739,54,15,11.496689855072463,17.84237918640654,19.13851111111111,-16.01386666666667,67.18170359123908,86.35923398937973
4,3,12,4,7,3,0.3377689180530834,9.644276921604606,69,3.490136570561457,78.26086956521739,54,15,11.181989855072462,17.556764825686262,18.736394444444446,-16.01386666666667,67.18170359123908,86.35923398937973
4,3,12,4,7,4,0.3377689180530834,9.644276921604606,69,3.490136570561457,76.81159420289855,53,16,10.486610144927536,18.00052866245833,18.643803773584903,-16.534093749999997,65.60315295999074,85.19209551392967
4,4,8,2,3,2,0.6171180005188998,14.129023232413143,84,4.24886191198786,78.57142857142857,66,18,11.18152261904762,17.06198945654537,18.594098484848487,-15.997922222222222,68.65066777843957,85.99323345500844
4,4,8,2,3,3,0.6171180005188998,14.129023232413143,84,4.24886191198786,76.19047619047619,64,20,10.206888095238096,17.525495756846084,18.4448484375,-16.154585000000004,66.06493369287688,84.02530910445044
4,4,8,2,3,4,0.6171180005188998,14.129023232413143,84,4.24886191198786,76.19047619047619,64,20,10.529225,17.93104810569211,18.867915625000002,-16.154585000000004,66.06493369287688,84.02530910445044
4,4,8,2,5,2,0.6171180005188998,14.129023232413143,84,4.24886191198786,75.0,63,21,10.666604761904765,17.972651544874257,19.342801587301587,-15.361985714285717,64.78572653412803,83.02768704513898
4,4,8,2,5,3,0.6171180005188998,14.129023232413143,84,4.24886191198786,76.19047619047619,64,20,10.95402380952381,17.73612901106148,19.199112500000002,-15.43026,66.06493369287688,84.02530910445044
4,4,8,2,5,4,0.6171180005188998,14.129023232413143,84,4.24886191198786,77.38095238095238,65,19,10.568536904761904,18.357943200655708,18.848716923076925,-17.758394736842106,67.35309285283279,85.0139791625549
4,4,8,2,7,2,0.6171180005188998,14.129023232413143,84,4.24886191198786,75.0,63,21,10.367683333333336,18.53032964053656,19.342801587301587,-16.55767142857143,64.78572653412803,83.02768704513898
4,4,8,2,7,3,0.6171180005188998,14.129023232413143,84,4.24886191198786,75.0,63,21,10.077667857142858,18.50202781431607,19.03545238095238,-16.795685714285717,64.78572653412803,83.02768704513898
4,4,8,2,7,4,0.6171180005188998,14.129023232413143,84,4.24886191198786,77.38095238095238,65,19,10.884153571428575,18.374862775735103,19.102056923076926,-17.229726315789474,67.35309285283279,85.0139791625549
4,4,8,3,3,2,0.6171180005188998,14.129023232413143,84,4.24886191198786,77.38095238095238,65,19,10.68692380952381,17.05458678815901,18.473506153846156,-15.951384210526315,67.35309285283279,85.0139791625549
4,4,8,3,3,3,0.6171180005188998,14.129023232413143,84,4.24886191198786,76.19047619047619,64,20,10.115719047619049,17.415100896576686,18.392721875,-16.370690000000003,66.06493369287688,84.02530910445044
4,4,8,3,3,4,0.6171180005188998,14.129023232413143,84,4.24886191198786,76.19047619047619,64,20,10.318504761904762,17.41907129845618,18.591345312500003,-16.154585000000004,66.06493369287688,84.02530910445044
4,4,8,3,5,2,0.6171180005188998,14.129023232413143,84,4.24886191198786,77.38095238095238,65,19,11.464964285714286,17.743714463061586,19.40063846153846,-15.683394736842107,67.35309285283279,85.0139791625549
4,4,8,3,5,3,0.6171180005188998,14.129023232413143,84,4.24886191198786,77.38095238095238,65,19,11.464964285714286,17.743714463061586,19.40063846153846,-15.683394736842107,67.35309285283279,85.0139791625549
4,4,8,3,5,4,0.6171180005188998,14.129023232413143,84,4.24886191198786,77.38095238095238,65,19,10.834828571428572,18.533301468818596,19.192847692307694,-17.758394736842106,67.35309285283279,85.0139791625549
4,4,8,3,7,2,0.6171180005188998,14.129023232413143,84,4.24886191198786,73.80952380952381,62,22,10.295884523809526,18.93539145851247,19.73153387096774,-16.295490909090915,63.515062739932226,82.02152162127446
4,4,8,3,7,3,0.6171180005188998,14.129023232413143,84,4.24886191198786,75.0,63,21,10.544171428571431,18.791770698242313,19.578119047619044,-16.55767142857143,64.78572653412803,83.02768704513898
4,4,8,3,7,4,0.6171180005188998,14.129023232413143,84,4.24886191198786,76.19047619047619,64,20,10.859755952380954,18.99618481748597,19.6652375,-17.317785,66.06493369287688,84.02530910445044
4,4,8,4,3,2,0.6171180005188998,14.129023232413143,84,4.24886191198786,76.19047619047619,64,20,10.29600714285714,17.743517567526034,18.6864375,-16.55337,66.06493369287688,84.02530910445044
4,4,8,4,3,3,0.6171180005188998,14.129023232413143,84,4.24886191198786,76.19047619047619,64,20,10.115719047619049,17.415100896576686,18.392721875,-16.370690000000003,66.06493369287688,84.02530910445044
4,4,8,4,3,4,0.6171180005188998,14.129023232413143,84,4.24886191198786,76.19047619047619,64,20,10.115719047619049,17.415100896576686,18.392721875,-16.370690000000003,66.06493369287688,84.02530910445044
4,4,8,4,5,2,0.6171180005188998,14.129023232413143,84,4.24886191198786,76.19047619047619,64,20,10.638420238095236,17.416016283224398,18.8550859375,-15.654910000000001,66.06493369287688,84.02530910445044
4,4,8,4,5,3,0.6171180005188998,14.129023232413143,84,4.24886191198786,76.19047619047619,64,20,10.414636904761906,17.179003802518203,18.561370312500003,-15.654910000000001,66.06493369287688,84.02530910445044
4,4,8,4,5,4,0.6171180005188998,14.129023232413143,84,4.24886191198786,76.19047619047619,64,20,10.185122619047618,18.380837697413,18.8761484375,-17.626160000000002,66.06493369287688,84.02530910445044
4,4,8,4,7,2,0.6171180005188998,14.129023232413143,84,4.24886191198786,76.19047619047619,64,20,11.125383333333335,18.815204957218203,19.818996875000003,-16.694180000000003,66.06493369287688,84.02530910445044
4,4,8,4,7,3,0.6171180005188998,14.129023232413143,84,4.24886191198786,77.38095238095238,65,19,11.149886904761908,18.447499840023248,19.37976,-17.004942105263158,67.35309285283279,85.0139791625549
4,4,8,4,7,4,0.6171180005188998,14.129023232413143,84,4.24886191198786,77.38095238095238,65,19,11.15834523809524,18.85104470775006,19.58516923076923,-17.670263157894738,67.35309285283279,85.0139791625549
4,4,10,2,3,2,0.6171180005188998,14.129023232413143,84,4.24886191198786,78.57142857142857,66,18,11.18152261904762,17.06198945654537,18.594098484848487,-15.997922222222222,68.65066777843957,85.99323345500844
4,4,10,2,3,3,0.6171180005188998,14.129023232413143,84,4.24886191198786,76.19047619047619,64,20,10.206888095238096,17.525495756846084,18.4448484375,-16.154585000000004,66.06493369287688,84.02530910445044
4,4,10,2,3,4,0.6171180005188998,14.129023232413143,84,4.24886191198786,76.19047619047619,64,20,10.529225,17.93104810569211,18.867915625000002,-16.154585000000004,66.06493369287688,84.02530910445044
4,4,10,2,5,2,0.6171180005188998,14.129023232413143,84,4.24886191198786,75.0,63,21,10.666604761904765,17.972651544874257,19.342801587301587,-15.361985714285717,64.78572653412803,83.02768704513898
4,4,10,2,5,3,0.6171180005188998,14.129023232413143,84,4.24886191198786,76.19047619047619,64,20,10.95402380952381,17.73612901106148,19.199112500000002,-15.43026,66.06493369287688,84.02530910445044
4,4,10,2,5,4,0.6171180005188998,14.129023232413143,84,4.24886191198786,77.38095238095238,65,19,10.867458333333335,17.79144850535235,18.848716923076925,-16.436847368421056,67.35309285283279,85.0139791625549
4,4,10,2,7,2,0.6171180005188998,14.129023232413143,84,4.24886191198786,75.0,63,21,10.666604761904765,17.972651544874257,19.342801587301587,-15.361985714285717,64.78572653412803,83.02768704513898
4,4,10,2,7,3,0.6171180005188998,14.129023232413143,84,4.24886191198786,75.0,63,21,10.376589285714287,17.948359057283227,19.03545238095238,-15.600000000000003,64.78572653412803,83.02768704513898
4,4,10,2,7,4,0.6171180005188998,14.129023232413143,84,4.24886191198786,76.19047619047619,64,20,10.304490476190475,18.309131949738095,18.822475,-16.95306,66.06493369287688,84.02530910445044
4,4,10,3,3,2,0.6171180005188998,14.129023232413143,84,4.24886191198786,77.38095238095238,65,19,10.68650238095238,17.05427480473491,18.47296153846154,-15.951384210526315,67.35309285283279,85.0139791625549
4,4,10,3,3,3,0.6171180005188998,14.129023232413143,84,4.24886191198786,76.19047619047619,64,20,10.11529761904762,17.414781382319166,18.39216875,-16.370690000000003,66.06493369287688,84.02530910445044
4,4,10,3,3,4,0.6171180005188998,14.129023232413143,84,4.24886191198786,76.19047619047619,64,20,10.318083333333334,17.41875682232752,18.5907921875,-16.154585000000004,66.06493369287688,84.02530910445044
4,4,10,3,5,2,0.6171180005188998,14.129023232413143,84,4.24886191198786,77.38095238095238,65,19,11.342153571428572,17.63381189045121,19.241929230769227,-15.683394736842107,67.35309285283279,85.0139791625549
4,4,10,3,5,3,0.6171180005188998,14.129023232413143,84,4.24886191198786,77.38095238095238,65,19,11.342153571428572,17.63381189045121,19.241929230769227,-15.683394736842107,67.35309285283279,85.0139791625549
4,4,10,3,5,4,0.6171180005188998,14.129023232413143,84,4.24886191198786,77.38095238095238,65,19,11.010939285714286,17.857023587339505,19.03413846153846,-16.436847368421056,67.35309285283279,85.0139791625549
4,4,10,3,7,2,0.6171180005188998,14.129023232413143,84,4.24886191198786,73.80952380952381,62,22,10.362189285714285,18.11808782607862,19.41637580645161,-15.15415454545455,63.515062739932226,82.02152162127446
4,4,10,3,7,3,0.6171180005188998,14.129023232413143,84,4.24886191198786,75.0,63,21,10.61047619047619,17.967008122229075,19.26796349206349,-15.361985714285717,64.78572653412803,83.02768704513898
4,4,10,3,7,4,0.6171180005188998,14.129023232413143,84,4.24886191198786,75.0,63,21,10.047476190476191,18.662703232935765,19.080001587301584,-17.050100000000004,64.78572653412803,83.02768704513898
4,4,10,4,3,2,0.6171180005188998,14.129023232413143,84,4.24886191198786,76.19047619047619,64,20,10.29600714285714,17.743517567526034,18.6864375,-16.55337,66.06493369287688,84.02530910445044
4,4,10,4,3,3,0.6171180005188998,14.129023232413143,84,4.24886191198786,76.19047619047619,64,20,10.115719047619049,17.415100896576686,18.392721875,-16.370690000000003,66.06493369287688,84.02530910445044
4,4,10,4,3,4,0.6171180005188998,14.129023232413143,84,4.24886191198786,76.19047619047619,64,20,10.115719047619049,17.415100896576686,18.392721875,-16.370690000000003,66.06493369287688,84.02530910445044
4,4,10,4,5,2,0.6171180005188998,14.129023232413143,84,4.24886191198786,76.19047619047619,64,20,10.638420238095236,17.416016283224398,18.8550859375,-15.654910000000001,66.06493369287688,84.02530910445044
4,4,10,4,5,3,0.6171180005188998,14.129023232413143,84,4.24886191198786,76.19047619047619,64,20,10.414636904761906,17.179003802518203,18.561370312500003,-15.654910000000001,66.06493369287688,84.02530910445044
4,4,10,4,5,4,0.6171180005188998,14.129023232413143,84,4.24886191198786,76.19047619047619,64,20,10.484044047619047,17.821580710349636,18.8761484375,-16.370690000000003,66.06493369287688,84.02530910445044
4,4,10,4,7,2,0.6171180005188998,14.129023232413143,84,4.24886191198786,76.19047619047619,64,20,11.42430476190476,18.25367309225111,19.818996875000003,-15.438710000000004,66.06493369287688,84.02530910445044
4,4,10,4,7,3,0.6171180005188998,14.129023232413143,84,4.24886191198786,77.38095238095238,65,19,11.448808333333334,17.874005380488644,19.37976,-15.683394736842107,67.35309285283279,85.0139791625549
4,4,10,4,7,4,0.6171180005188998,14.129023232413143,84,4.24886191198786,76.19047619047619,64,20,10.578682142857144,18.7955400223074,19.3131359375,-17.371570000000002,66.06493369287688,84.02530910445044
4,4,12,2,3,2,0.6171180005188998,14.129023232413143,84,4.24886191198786,78.57142857142857,66,18,11.18152261904762,17.06198945654537,18.594098484848487,-15.997922222222222,68.65066777843957,85.99323345500844
4,4,12,2,3,3,0.6171180005188998,14.129023232413143,84,4.24886191198786,76.19047619047619,64,20,10.206888095238096,17.525495756846084,18.4448484375,-16.154585000000004,66.06493369287688,84.02530910445044
4,4,12,2,3,4,0.6171180005188998,14.129023232413143,84,4.24886191198786,76.19047619047619,64,20,10.529225,17.93104810569211,18.867915625000002,-16.154585000000004,66.06493369287688,84.02530910445044
4,4,12,2,5,2,0.6171180005188998,14.129023232413143,84,4.24886191198786,75.0,63,21,10.666604761904765,17.972651544874257,19.342801587301587,-15.361985714285717,64.78572653412803,83.02768704513898
4,4,12,2,5,3,0.6171180005188998,14.129023232413143,84,4.24886191198786,76.19047619047619,64,20,10.95402380952381,17.73612901106148,19.199112500000002,-15.43026,66.06493369287688,84.02530910445044
4,4,12,2,5,4,0.6171180005188998,14.129023232413143,84,4.24886191198786,77.38095238095238,65,19,10.867458333333335,17.79144850535235,18.848716923076925,-16.436847368421056,67.35309285283279,85.0139791625549
4,4,12,2,7,2,0.6171180005188998,14.129023232413143,84,4.24886191198786,75.0,63,21,10.666604761904765,17.972651544874257,19.342801587301587,-15.361985714285717,64.78572653412803,83.02768704513898
4,4,12,2,7,3,0.6171180005188998,14.129023232413143,84,4.24886191198786,75.0,63,21,10.376589285714287,17.948359057283227,19.03545238095238,-15.600000000000003,64.78572653412803,83.02768704513898
4,4,12,2,7,4,0.6171180005188998,14.129023232413143,84,4.24886191198786,76.19047619047619,64,20,10.603411904761904,17.74558069749147,18.822475,-15.697590000000002,66.06493369287688,84.02530910445044
4,4,12,3,3,2,0.6171180005188998,14.129023232413143,84,4.24886191198786,77.38095238095238,65,19,10.564113095238095,16.934504524549727,18.314796923076923,-15.951384210526315,67.35309285283279,85.0139791625549
4,4,12,3,3,3,0.6171180005188998,14.129023232413143,84,4.24886191198786,76.19047619047619,64,20,9.992908333333336,17.29341671626691,18.231532812500003,-16.370690000000003,66.06493369287688,84.02530910445044
4,4,12,3,3,4,0.6171180005188998,14.129023232413143,84,4.24886191198786,76.19047619047619,64,20,10.195694047619048,17.298872102095643,18.43015625,-16.154585000000004,66.06493369287688,84.02530910445044
4,4,12,3,5,2,0.6171180005188998,14.129023232413143,84,4.24886191198786,77.38095238095238,65,19,11.342153571428572,17.63381189045121,19.241929230769227,-15.683394736842107,67.35309285283279,85.0139791625549
4,4,12,3,5,3,0.6171180005188998,14.129023232413143,84,4.24886191198786,77.38095238095238,65,19,11.342153571428572,17.63381189045121,19.241929230769227,-15.683394736842107,67.35309285283279,85.0139791625549
4,4,12,3,5,4,0.6171180005188998,14.129023232413143,84,4.24886191198786,77.38095238095238,65,19,11.010939285714286,17.857023587339505,19.03413846153846,-16.436847368421056,67.35309285283279,85.0139791625549
4,4,12,3,7,2,0.6171180005188998,14.129023232413143,84,4.24886191198786,73.80952380952381,62,22,10.362189285714285,18.11808782607862,19.41637580645161,-15.15415454545455,63.515062739932226,82.02152162127446
4,4,12,3,7,3,0.6171180005188998,14.129023232413143,84,4.24886191198786,75.0,63,21,10.61047619047619,17.967008122229075,19.26796349206349,-15.361985714285717,64.78572653412803,83.02768704513898
4,4,12,3,7,4,0.6171180005188998,14.129023232413143,84,4.24886191198786,75.0,63,21,10.34639761904762,18.114450554975964,19.080001587301584,-15.854414285714288,64.78572653412803,83.02768704513898
4,4,12,4,3,2,0.6171180005188998,14.129023232413143,84,4.24886191198786,76.19047619047619,64,20,10.29600714285714,17.743517567526034,18.6864375,-16.55337,66.06493369287688,84.02530910445044
4,4,12,4,3,3,0.6171180005188998,14.129023232413143,84,4.24886191198786,76.19047619047619,64,20,10.115719047619049,17.415100896576686,18.392721875,-16.370690000000003,66.06493369287688,84.02530910445044
4,4,12,4,3,4,0.6171180005188998,14.129023232413143,84,4.24886191198786,76.19047619047619,64,20,10.115719047619049,17.415100896576686,18.392721875,-16.370690000000003,66.06493369287688,84.02530910445044
4,4,12,4,5,2,0.6171180005188998,14.129023232413143,84,4.24886191198786,76.19047619047619,64,20,10.638420238095236,17.416016283224398,18.8550859375,-15.654910000000001,66.06493369287688,84.02530910445044
4,4,12,4,5,3,0.6171180005188998,14.129023232413143,84,4.24886191198786,76.19047619047619,64,20,10.414636904761906,17.179003802518203,18.561370312500003,-15.654910000000001,66.06493369287688,84.02530910445044
4,4,12,4,5,4,0.6171180005188998,14.129023232413143,84,4.24886191198786,76.19047619047619,64,20,10.484044047619047,17.821580710349636,18.8761484375,-16.370690000000003,66.06493369287688,84.02530910445044
4,4,12,4,7,2,0.6171180005188998,14.129023232413143,84,4.24886191198786,76.19047619047619,64,20,11.42430476190476,18.25367309225111,19.818996875000003,-15.438710000000004,66.06493369287688,84.02530910445044
4,4,12,4,7,3,0.6171180005188998,14.129023232413143,84,4.24886191198786,77.38095238095238,65,19,11.448808333333334,17.874005380488644,19.37976,-15.683394736842107,67.35309285283279,85.0139791625549
4,4,12,4,7,4,0.6171180005188998,14.129023232413143,84,4.24886191198786,76.19047619047619,64,20,10.877603571428573,18.242470988238793,19.3131359375,-16.116100000000003,66.06493369287688,84.02530910445044
4,5,8,2,3,2,0.9795170452042752,18.403179184027284,101,5.108750632271118,75.24752475247524,76,25,10.289469306930695,18.332368555174437,19.150472368421052,-16.64798,66.00972132973753,82.63515692135886
4,5,8,2,3,3,0.9795170452042752,18.403179184027284,101,5.108750632271118,76.23762376237624,77,24,10.785110891089106,18.68863489615494,19.542727272727276,-17.312241666666665,67.07248418003476,83.48003635541833
4,5,8,2,3,4,0.9795170452042752,18.403179184027284,101,5.108750632271118,77.22772277227723,78,23,10.769812871287128,18.29783703062558,19.07860512820513,-17.407830434782614,68.14098987582484,84.319172943985
4,5,8,2,5,2,0.9795170452042752,18.403179184027284,101,5.108750632271118,75.24752475247524,76,25,10.519765346534653,18.629042590935452,19.498693421052632,-16.776176,66.00972132973753,82.63515692135886
4,5,8,2,5,3,0.9795170452042752,18.403179184027284,101,5.108750632271118,76.23762376237624,77,24,10.93467425742574,18.428427785493007,19.55179090909091,-16.711908333333337,67.07248418003476,83.48003635541833
4,5,8,2,5,4,0.9795170452042752,18.403179184027284,101,5.108750632271118,75.24752475247524,76,25,10.414751485148516,18.704975045252606,19.43833157894737,-17.016932,66.00972132973753,82.63515692135886
4,5,8,2,7,2,0.9795170452042752,18.403179184027284,101,5.108750632271118,75.24752475247524,76,25,10.505382178217822,18.551949929349185,19.422684210526313,-16.603216,66.00972132973753,82.63515692135886
4,5,8,2,7,3,0.9795170452042752,18.403179184027284,101,5.108750632271118,76.23762376237624,77,24,10.649584158415843,18.474159801732434,19.284376623376627,-17.053708333333333,67.07248418003476,83.48003635541833
4,5,8,2,7,4,0.9795170452042752,18.403179184027284,101,5.108750632271118,75.24752475247524,76,25,10.454431683168316,18.598956378398928,19.420765789473684,-16.803224,66.00972132973753,82.63515692135886
4,5,8,3,3,2,0.9795170452042752,18.403179184027284,101,5.108750632271118,75.24752475247524,76,25,10.029594059405943,17.928546672900296,18.805111842105262,-16.64798,66.00972132973753,82.63515692135886
4,5,8,3,3,3,0.9795170452042752,18.403179184027284,101,5.108750632271118,76.23762376237624,77,24,10.095071287128716,17.93665104614759,18.63761038961039,-17.312241666666665,67.07248418003476,83.48003635541833
4,5,8,3,3,4,0.9795170452042752,18.403179184027284,101,5.108750632271118,76.23762376237624,77,24,10.12732772277228,17.94093305277693,18.67992077922078,-17.312241666666665,67.07248418003476,83.48003635541833
4,5,8,3,5,2,0.9795170452042752,18.403179184027284,101,5.108750632271118,76.23762376237624,77,24,11.017043564356433,18.76140395403508,19.715964935064935,-16.891995833333336,67.07248418003476,83.48003635541833
4,5,8,3,5,3,0.9795170452042752,18.403179184027284,101,5.108750632271118,76.23762376237624,77,24,11.043668316831681,18.762910299017744,19.750888311688314,-16.891995833333336,67.07248418003476,83.48003635541833
4,5,8,3,5,4,0.9795170452042752,18.403179184027284,101,5.108750632271118,74.25742574257426,75,26,10.36910396039604,19.16644642143619,19.837553333333332,-16.943730769230772,64.95247830925932,81.78475765748034
4,5,8,3,7,2,0.9795170452042752,18.403179184027284,101,5.108750632271118,74.25742574257426,75,26,10.497036633663367,19.024415117178886,19.871930666666668,-16.545926923076927,64.95247830925932,81.78475765748034
4,5,8,3,7,3,0.9795170452042752,18.403179184027284,101,5.108750632271118,75.24752475247524,76,25,10.697764356435645,18.90349017833259,19.735244736842105,-16.776176,66.00972132973753,82.63515692135886
4,5,8,3,7,4,0.9795170452042752,18.403179184027284,101,5.108750632271118,75.24752475247524,76,25,10.665977227722774,18.999277513573407,19.772197368421054,-17.016932,66.00972132973753,82.63515692135886
4,5,8,4,3,2,0.9795170452042752,18.403179184027284,101,5.108750632271118,74.25742574257426,75,26,9.856475247524754,17.997749520011695,18.954973333333335,-16.38919230769231,64.95247830925932,81.78475765748034
4,5,8,4,3,3,0.9795170452042752,18.403179184027284,101,5.108750632271118,77.22772277227723,78,23,10.594099009900992,17.460287636110095,18.63992435897436,-16.69174347826087,68.14098987582484,84.319172943985
4,5,8,4,3,4,0.9795170452042752,18.403179184027284,101,5.108750632271118,76.23762376237624,77,24,10.095071287128716,17.93665104614759,18.63761038961039,-17.312241666666665,67.07248418003476,83.48003635541833
4,5,8,4,5,2,0.9795170452042752,18.403179184027284,101,5.108750632271118,75.24752475247524,76,25,10.735987128712873,18.888688698417706,19.779667105263158,-16.756800000000002,66.00972132973753,82.63515692135886
4,5,8,4,5,3,0.9795170452042752,18.403179184027284,101,5.108750632271118,76.23762376237624,77,24,11.021346534653464,18.733085017698308,19.721609090909094,-16.891995833333336,67.07248418003476,83.48003635541833
4,5,8,4,5,4,0.9795170452042752,18.403179184027284,101,5.108750632271118,75.24752475247524,76,25,10.56811881188119,19.01681124221783,19.69901842105263,-17.189815999999997,66.00972132973753,82.63515692135886
4,5,8,4,7,2,0.9795170452042752,18.403179184027284,101,5.108750632271118,74.25742574257426,75,26,10.447052475247526,19.012658205682833,19.79816,-16.527296153846155,64.95247830925932,81.78475765748034
4,5,8,4,7,3,0.9795170452042752,18.403179184027284,101,5.108750632271118,75.24752475247524,76,25,10.705787128712874,18.86055064071918,19.703711842105264,-16.647904,66.00972132973753,82.63515692135886
4,5,8,4,7,4,0.9795170452042752,18.403179184027284,101,5.108750632271118,75.24752475247524,76,25,10.56860693069307,19.0459844971493,19.69966710526316,-17.189815999999997,66.00972132973753,82.63515692135886
4,5,10,2,3,2,0.9795170452042752,18.403179184027284,101,5.108750632271118,74.25742574257426,75,26,9.602233663366338,18.797951604365178,18.9765,-17.438919230769233,64.95247830925932,81.78475765748034
4,5,10,2,3,3,0.9795170452042752,18.403179184027284,101,5.108750632271118,75.24752475247524,76,25,10.097875247524753,19.16351688851713,19.376205263157896,-18.108248,66.00972132973753,82.63515692135886
4,5,10,2,3,4,0.9795170452042752,18.403179184027284,101,5.108750632271118,76.23762376237624,77,24,10.082577227722775,18.78203685168827,18.90821818181818,-18.233020833333335,67.07248418003476,83.48003635541833
4,5,10,2,5,2,0.9795170452042752,18.403179184027284,101,5.108750632271118,74.25742574257426,75,26,9.92182574257426,19.17970354408354,19.449616,-17.562184615384616,64.95247830925932,81.78475765748034
4,5,10,2,5,3,0.9795170452042752,18.403179184027284,101,5.108750632271118,75.24752475247524,76,25,10.336734653465347,18.99810236782314,19.504057894736842,-17.531928,66.00972132973753,82.63515692135886
4,5,10,2,5,4,0.9795170452042752,18.403179184027284,101,5.108750632271118,74.25742574257426,75,26,9.816811881188121,19.250170178345368,19.388449333333334,-17.793680769230768,64.95247830925932,81.78475765748034
4,5,10,2,7,2,0.9795170452042752,18.403179184027284,101,5.108750632271118,74.25742574257426,75,26,9.907442574257427,19.104378394176276,19.372593333333334,-17.395876923076923,64.95247830925932,81.78475765748034
4,5,10,2,7,3,0.9795170452042752,18.403179184027284,101,5.108750632271118,75.24752475247524,76,25,10.051644554455446,19.03342272577623,19.233125,-17.860056,66.00972132973753,82.63515692135886
4,5,10,2,7,4,0.9795170452042752,18.403179184027284,101,5.108750632271118,74.25742574257426,75,26,9.856492079207923,19.148422025543947,19.370649333333333,-17.588192307692307,64.95247830925932,81.78475765748034
4,5,10,3,3,2,0.9795170452042752,18.403179184027284,101,5.108750632271118,75.24752475247524,76,25,10.045996039603962,17.938697872208678,18.826909210526317,-16.64798,66.00972132973753,82.63515692135886
4,5,10,3,3,3,0.9795170452042752,18.403179184027284,101,5.108750632271118,76.23762376237624,77,24,10.111473267326733,17.946737221784307,18.659124675324676,-17.312241666666665,67.07248418003476,83.48003635541833
4,5,10,3,3,4,0.9795170452042752,18.403179184027284,101,5.108750632271118,76.23762376237624,77,24,10.143729702970298,17.950987054769687,18.701435064935065,-17.312241666666665,67.07248418003476,83.48003635541833
4,5,10,3,5,2,0.9795170452042752,18.403179184027284,101,5.108750632271118,76.23762376237624,77,24,10.734284158415843,18.46177810580949,19.34507272727273,-16.891995833333336,67.07248418003476,83.48003635541833
4,5,10,3,5,3,0.9795170452042752,18.403179184027284,101,5.108750632271118,76.23762376237624,77,24,10.760908910891088,18.463720718127746,19.3799961038961,-16.891995833333336,67.07248418003476,83.48003635541833
4,5,10,3,5,4,0.9795170452042752,18.403179184027284,101,5.108750632271118,74.25742574257426,75,26,10.086344554455446,18.86344493119152,19.456770666666664,-16.943730769230772,64.95247830925932,81.78475765748034
4,5,10,3,7,2,0.9795170452042752,18.403179184027284,101,5.108750632271118,74.25742574257426,75,26,10.214277227722775,18.721066439008656,19.491148,-16.545926923076927,64.95247830925932,81.78475765748034
4,5,10,3,7,3,0.9795170452042752,18.403179184027284,101,5.108750632271118,75.24752475247524,76,25,10.41500495049505,18.60125128698807,19.359472368421052,-16.776176,66.00972132973753,82.63515692135886
4,5,10,3,7,4,0.9795170452042752,18.403179184027284,101,5.108750632271118,75.24752475247524,76,25,10.38321782178218,18.69810146981985,19.396424999999997,-17.016932,66.00972132973753,82.63515692135886
4,5,10,4,3,2,0.9795170452042752,18.403179184027284,101,5.108750632271118,73.26732673267327,74,27,9.503840594059408,18.168513874267088,18.956822972972976,-16.404333333333334,63.90055396933065,80.92903971305228
4,5,10,4,3,3,0.9795170452042752,18.403179184027284,101,5.108750632271118,76.23762376237624,77,24,10.241464356435646,17.651146664840695,18.63761038961039,-16.696170833333333,67.07248418003476,83.48003635541833
4,5,10,4,3,4,0.9795170452042752,18.403179184027284,101,5.108750632271118,76.23762376237624,77,24,10.241464356435646,17.651146664840695,18.63761038961039,-16.696170833333333,67.07248418003476,83.48003635541833
4,5,10,4,5,2,0.9795170452042752,18.403179184027284,101,5.108750632271118,75.24752475247524,76,25,10.8823801980198,18.61269891206012,19.779667105263158,-16.165372,66.00972132973753,82.63515692135886
4,5,10,4,5,3,0.9795170452042752,18.403179184027284,101,5.108750632271118,76.23762376237624,77,24,11.167739603960394,18.452481934802588,19.721609090909094,-16.275925,67.07248418003476,83.48003635541833
4,5,10,4,5,4,0.9795170452042752,18.403179184027284,101,5.108750632271118,75.24752475247524,76,25,10.714511881188121,18.744032407111803,19.69901842105263,-16.598388,66.00972132973753,82.63515692135886
4,5,10,4,7,2,0.9795170452042752,18.403179184027284,101,5.108750632271118,74.25742574257426,75,26,10.593445544554456,18.740774106570544,19.79816,-15.958615384615387,64.95247830925932,81.78475765748034
4,5,10,4,7,3,0.9795170452042752,18.403179184027284,101,5.108750632271118,75.24752475247524,76,25,10.8521801980198,18.584383257972377,19.703711842105264,-16.056476,66.00972132973753,82.63515692135886
4,5,10,4,7,4,0.9795170452042752,18.403179184027284,101,5.108750632271118,75.24752475247524,76,25,10.715000000000002,18.77362570679409,19.69966710526316,-16.598388,66.00972132973753,82.63515692135886
4,5,12,2,3,2,0.9795170452042752,18.403179184027284,101,5.108750632271118,74.25742574257426,75,26,9.602233663366338,18.797951604365178,18.9765,-17.438919230769233,64.95247830925932,81.78475765748034
4,5,12,2,3,3,0.9795170452042752,18.403179184027284,101,5.108750632271118,75.24752475247524,76,25,10.097875247524753,19.16351688851713,19.376205263157896,-18.108248,66.00972132973753,82.63515692135886
4,5,12,2,3,4,0.9795170452042752,18.403179184027284,101,5.108750632271118,76.23762376237624,77,24,10.082577227722775,18.78203685168827,18.90821818181818,-18.233020833333335,67.07248418003476,83.48003635541833
4,5,12,2,5,2,0.9795170452042752,18.403179184027284,101,5.108750632271118,74.25742574257426,75,26,9.92182574257426,19.17970354408354,19.449616,-17.562184615384616,64.95247830925932,81.78475765748034
4,5,12,2,5,3,0.9795170452042752,18.403179184027284,101,5.108750632271118,75.24752475247524,76,25,10.336734653465347,18.99810236782314,19.504057894736842,-17.531928,66.00972132973753,82.63515692135886
4,5,12,2,5,4,0.9795170452042752,18.403179184027284,101,5.108750632271118,74.25742574257426,75,26,9.816811881188121,19.250170178345368,19.388449333333334,-17.793680769230768,64.95247830925932,81.78475765748034
4,5,12,2,7,2,0.9795170452042752,18.403179184027284,101,5.108750632271118,74.25742574257426,75,26,9.907442574257427,19.104378394176276,19.372593333333334,-17.395876923076923,64.95247830925932,81.78475765748034
4,5,12,2,7,3,0.9795170452042752,18.403179184027284,101,5.108750632271118,75.24752475247524,76,25,10.051644554455446,19.03342272577623,19.233125,-17.860056,66.00972132973753,82.63515692135886
4,5,12,2,7,4,0.9795170452042752,18.403179184027284,101,5.108750632271118,74.25742574257426,75,26,9.856492079207923,19.148422025543947,19.370649333333333,-17.588192307692307,64.95247830925932,81.78475765748034
4,5,12,3,3,2,0.9795170452042752,18.403179184027284,101,5.108750632271118,75.24752475247524,76,25,10.192389108910893,17.653637625729722,18.826909210526317,-16.056552,66.00972132973753,82.63515692135886
4,5,12,3,3,3,0.9795170452042752,18.403179184027284,101,5.108750632271118,76.23762376237624,77,24,10.257866336633665,17.661258574774774,18.659124675324676,-16.696170833333333,67.07248418003476,83.48003635541833
4,5,12,3,3,4,0.9795170452042752,18.403179184027284,101,5.108750632271118,76.23762376237624,77,24,10.29012277227723,17.665307104553158,18.701435064935065,-16.696170833333333,67.07248418003476,83.48003635541833
4,5,12,3,5,2,0.9795170452042752,18.403179184027284,101,5.108750632271118,76.23762376237624,77,24,10.880677227722773,18.179322167385017,19.34507272727273,-16.275925,67.07248418003476,83.48003635541833
4,5,12,3,5,3,0.9795170452042752,18.403179184027284,101,5.108750632271118,76.23762376237624,77,24,10.90730198019802,18.18107843562631,19.3799961038961,-16.275925,67.07248418003476,83.48003635541833
4,5,12,3,5,4,0.9795170452042752,18.403179184027284,101,5.108750632271118,74.25742574257426,75,26,10.232737623762379,18.592247392974585,19.456770666666664,-16.37505,64.95247830925932,81.78475765748034
4,5,12,3,7,2,0.9795170452042752,18.403179184027284,101,5.108750632271118,74.25742574257426,75,26,10.360670297029703,18.446750542594458,19.491148,-15.977246153846155,64.95247830925932,81.78475765748034
4,5,12,3,7,3,0.9795170452042752,18.403179184027284,101,5.108750632271118,75.24752475247524,76,25,10.561398019801983,18.323522270862554,19.359472368421052,-16.184748000000003,66.00972132973753,82.63515692135886
4,5,12,3,7,4,0.9795170452042752,18.403179184027284,101,5.108750632271118,75.24752475247524,76,25,10.52961089108911,18.422087760180176,19.396424999999997,-16.425504,66.00972132973753,82.63515692135886
4,5,12,4,3,2,0.9795170452042752,18.403179184027284,101,5.108750632271118,73.26732673267327,74,27,9.503840594059408,18.168513874267088,18.956822972972976,-16.404333333333334,63.90055396933065,80.92903971305228
4,5,12,4,3,3,0.9795170452042752,18.403179184027284,101,5.108750632271118,76.23762376237624,77,24,10.241464356435646,17.651146664840695,18.63761038961039,-16.696170833333333,67.07248418003476,83.48003635541833
4,5,12,4,3,4,0.9795170452042752,18.403179184027284,101,5.108750632271118,76.23762376237624,77,24,10.241464356435646,17.651146664840695,18.63761038961039,-16.696170833333333,67.07248418003476,83.48003635541833
4,5,12,4,5,2,0.9795170452042752,18.403179184027284,101,5.108750632271118,75.24752475247524,76,25,10.8823801980198,18.61269891206012,19.779667105263158,-16.165372,66.00972132973753,82.63515692135886
4,5,12,4,5,3,0.9795170452042752,18.403179184027284,101,5.108750632271118,76.23762376237624,77,24,11.167739603960394,18.452481934802588,19.721609090909094,-16.275925,67.07248418003476,83.48003635541833
4,5,12,4,5,4,0.9795170452042752,18.403179184027284,101,5.108750632271118,75.24752475247524,76,25,10.714511881188121,18.744032407111803,19.69901842105263,-16.598388,66.00972132973753,82.63515692135886
4,5,12,4,7,2,0.9795170452042752,18.403179184027284,101,5.108750632271118,74.25742574257426,75,26,10.593445544554456,18.740774106570544,19.79816,-15.958615384615387,64.95247830925932,81.78475765748034
4,5,12,4,7,3,0.9795170452042752,18.403179184027284,101,5.108750632271118,75.24752475247524,76,25,10.8521801980198,18.584383257972377,19.703711842105264,-16.056476,66.00972132973753,82.63515692135886
4,5,12,4,7,4,0.9795170452042752,18.403179184027284,101,5.108750632271118,75.24752475247524,76,25,10.715000000000002,18.77362570679409,19.69966710526316,-16.598388,66.00972132973753,82.63515692135886
5,2,8,2,3,2,0.3239025591916372,7.322956475522958,88,4.451188669701568,75.0,66,22,10.195492045454545,17.980465653555015,19.00013787878788,-16.21844545454546,65.03697004398788,82.8716766227675
5,2,8,2,3,3,0.3239025591916372,7.322956475522958,88,4.451188669701568,73.86363636363636,65,23,9.93433181818182,18.117536938561084,19.10490153846154,-15.982495652173919,63.824220029111366,81.90676088006424
5,2,8,2,3,4,0.3239025591916372,7.322956475522958,88,4.451188669701568,75.0,66,22,10.57599659090909,18.320113839451107,19.45891818181818,-16.072768181818187,65.03697004398788,82.8716766227675
5,2,8,2,5,2,0.3239025591916372,7.322956475522958,88,4.451188669701568,75.0,66,22,10.537620454545454,18.324495077788598,19.433695454545454,-16.15060454545455,65.03697004398788,82.8716766227675
5,2,8,2,5,3,0.3239025591916372,7.322956475522958,88,4.451188669701568,75.0,66,22,10.604279545454546,18.35075996311092,19.52257424242424,-16.15060454545455,65.03697004398788,82.8716766227675
5,2,8,2,5,4,0.3239025591916372,7.322956475522958,88,4.451188669701568,76.13636363636364,67,21,10.639897727272727,18.693352289886047,19.44383880597015,-17.448866666666667,66.2573550326628,83.82895739167236
5,2,8,2,7,2,0.3239025591916372,7.322956475522958,88,4.451188669701568,73.86363636363636,65,23,9.986581818181818,18.97223685719248,19.53634769230769,-17.00188695652174,63.824220029111366,81.90676088006424
5,2,8,2,7,3,0.3239025591916372,7.322956475522958,88,4.451188669701568,73.86363636363636,65,23,9.986581818181818,18.97223685719248,19.53634769230769,-17.00188695652174,63.824220029111366,81.90676088006424
5,2,8,2,7,4,0.3239025591916372,7.322956475522958,88,4.451188669701568,76.13636363636364,67,21,10.755415909090908,18.858950928105983,19.58470746268657,-17.414228571428573,66.2573550326628,83.82895739167236
5,2,8,3,3,2,0.3239025591916372,7.322956475522958,88,4.451188669701568,73.86363636363636,65,23,9.30933181818182,17.83236410244571,18.440684615384615,-16.496665217391307,63.824220029111366,81.90676088006424
5,2,8,3,3,3,0.3239025591916372,7.322956475522958,88,4.451188669701568,73.86363636363636,65,23,9.394602272727273,17.669145269545908,18.440684615384615,-16.170413043478266,63.824220029111366,81.90676088006424
5,2,8,3,3,4,0.3239025591916372,7.322956475522958,88,4.451188669701568,73.86363636363636,65,23,9.588170454545457,17.680916985550315,18.63625230769231,-15.982495652173919,63.824220029111366,81.90676088006424
5,2,8,3,5,2,0.3239025591916372,7.322956475522958,88,4.451188669701568,73.86363636363636,65,23,10.191710227272727,18.718335958779996,19.57970153846154,-16.339569565217396,63.824220029111366,81.90676088006424
5,2,8,3,5,3,0.3239025591916372,7.322956475522958,88,4.451188669701568,73.86363636363636,65,23,10.293940909090908,18.531032213849315,19.57970153846154,-15.948426086956525,63.824220029111366,81.90676088006424
5,2,8,3,5,4,0.3239025591916372,7.322956475522958,88,4.451188669701568,73.86363636363636,65,23,10.008606818181818,19.042293127575384,19.57970153846154,-17.040139130434785,63.824220029111366,81.90676088006424
5,2,8,3,7,2,0.3239025591916372,7.322956475522958,88,4.451188669701568,72.72727272727273,64,24,9.756184090909091,19.28467324096466,19.7071421875,-16.779704166666665,62.61879505104913,80.93452010054668
5,2,8,3,7,3,0.3239025591916372,7.322956475522958,88,4.451188669701568,73.86363636363636,65,23,9.993185227272726,19.157004084029587,19.558823076923076,-17.040139130434785,63.824220029111366,81.90676088006424
5,2,8,3,7,4,0.3239025591916372,7.322956475522958,88,4.451188669701568,75.0,66,22,10.546500000000002,19.22639897734004,19.82301212121212,-17.283036363636366,65.03697004398788,82.8716766227675
5,2,8,4,3,2,0.3239025591916372,7.322956475522958,88,4.451188669701568,73.86363636363636,65,23,9.4751875,18.054630792959237,18.665227692307692,-16.496665217391307,63.824220029111366,81.90676088006424
5,2,8,4,3,3,0.3239025591916372,7.322956475522958,88,4.451188669701568,73.86363636363636,65,23,9.255535227272729,17.821567120193144,18.36785230769231,-16.496665217391307,63.824220029111366,81.90676088006424
5,2,8,4,3,4,0.3239025591916372,7.322956475522958,88,4.451188669701568,73.86363636363636,65,23,9.30933181818182,17.83236410244571,18.440684615384615,-16.496665217391307,63.824220029111366,81.90676088006424
5,2,8,4,5,2,0.3239025591916372,7.322956475522958,88,4.451188669701568,73.86363636363636,65,23,9.807864772727273,18.486430776293076,19.11562153846154,-16.496665217391307,63.824220029111366,81.90676088006424
5,2,8,4,5,3,0.3239025591916372,7.322956475522958,88,4.451188669701568,73.86363636363636,65,23,9.5882125,18.26292722650579,18.818246153846157,-16.496665217391307,63.824220029111366,81.90676088006424
5,2,8,4,5,4,0.3239025591916372,7.322956475522958,88,4.451188669701568,73.86363636363636,65,23,9.685289772727273,19.168719446110305,19.335972307692305,-17.58837826086957,63.824220029111366,81.90676088006424
5,2,8,4,7,2,0.3239025591916372,7.322956475522958,88,4.451188669701568,73.86363636363636,65,23,10.142282954545454,19.53672853362028,19.88814769230769,-17.40037826086957,63.824220029111366,81.90676088006424
5,2,8,4,7,3,0.3239025591916372,7.322956475522958,88,4.451188669701568,73.86363636363636,65,23,9.993185227272726,19.157004084029587,19.558823076923076,-17.040139130434785,63.824220029111366,81.90676088006424
5,2,8,4,7,4,0.3239025591916372,7.322956475522958,88,4.451188669701568,75.0,66,22,10.546500000000002,19.22639897734004,19.82301212121212,-17.283036363636366,65.03697004398788,82.8716766227675
5,2,10,2,3,2,0.3239025591916372,7.322956475522958,88,4.451188669701568,75.0,66,22,10.195492045454545,17.980465653555015,19.00013787878788,-16.21844545454546,65.03697004398788,82.8716766227675
5,2,10,2,3,3,0.3239025591916372,7.322956475522958,88,4.451188669701568,73.86363636363636,65,23,9.93433181818182,18.117536938561084,19.10490153846154,-15.982495652173919,63.824220029111366,81.90676088006424
5,2,10,2,3,4,0.3239025591916372,7.322956475522958,88,4.451188669701568,75.0,66,22,10.57599659090909,18.320113839451107,19.45891818181818,-16.072768181818187,65.03697004398788,82.8716766227675
5,2,10,2,5,2,0.3239025591916372,7.322956475522958,88,4.451188669701568,75.0,66,22,10.537620454545454,18.324495077788598,19.433695454545454,-16.15060454545455,65.03697004398788,82.8716766227675
5,2,10,2,5,3,0.3239025591916372,7.322956475522958,88,4.451188669701568,75.0,66,22,10.604279545454546,18.35075996311092,19.52257424242424,-16.15060454545455,65.03697004398788,82.8716766227675
5,2,10,2,5,4,0.3239025591916372,7.322956475522958,88,4.451188669701568,76.13636363636364,67,21,10.925231818181818,18.162247896677197,19.44383880597015,-16.25318095238096,66.2573550326628,83.82895739167236
5,2,10,2,7,2,0.3239025591916372,7.322956475522958,88,4.451188669701568,73.86363636363636,65,23,10.27191590909091,18.45938005885396,19.53634769230769,-15.910173913043481,63.824220029111366,81.90676088006424
5,2,10,2,7,3,0.3239025591916372,7.322956475522958,88,4.451188669701568,73.86363636363636,65,23,10.27191590909091,18.45938005885396,19.53634769230769,-15.910173913043481,63.824220029111366,81.90676088006424
5,2,10,2,7,4,0.3239025591916372,7.322956475522958,88,4.451188669701568,75.0,66,22,10.202101136363636,18.79442118957506,19.320910606060608,-17.154327272727276,65.03697004398788,82.8716766227675
5,2,10,3,3,2,0.3239025591916372,7.322956475522958,88,4.451188669701568,73.86363636363636,65,23,9.308929545454545,17.832048011247583,18.44014,-16.496665217391307,63.824220029111366,81.90676088006424
5,2,10,3,3,3,0.3239025591916372,7.322956475522958,88,4.451188669701568,73.86363636363636,65,23,9.3942,17.66882822209976,18.44014,-16.170413043478266,63.824220029111366,81.90676088006424
5,2,10,3,3,4,0.3239025591916372,7.322956475522958,88,4.451188669701568,73.86363636363636,65,23,9.587768181818182,17.680604603919104,18.63570769230769,-15.982495652173919,63.824220029111366,81.90676088006424
5,2,10,3,5,2,0.3239025591916372,7.322956475522958,88,4.451188669701568,75.0,66,22,10.502048863636363,18.54161586744426,19.52257424242424,-16.559527272727276,65.03697004398788,82.8716766227675
5,2,10,3,5,3,0.3239025591916372,7.322956475522958,88,4.451188669701568,75.0,66,22,10.604279545454546,18.35075996311092,19.52257424242424,-16.15060454545455,65.03697004398788,82.8716766227675
5,2,10,3,5,4,0.3239025591916372,7.322956475522958,88,4.451188669701568,75.0,66,22,10.604279545454546,18.35075996311092,19.52257424242424,-16.15060454545455,65.03697004398788,82.8716766227675
5,2,10,3,7,2,0.3239025591916372,7.322956475522958,88,4.451188669701568,73.86363636363636,65,23,10.247042045454545,18.45868194520992,19.505272307692305,-15.917521739130438,63.824220029111366,81.90676088006424
5,2,10,3,7,3,0.3239025591916372,7.322956475522958,88,4.451188669701568,75.0,66,22,10.484043181818182,18.318836766857157,19.362259090909088,-16.15060454545455,65.03697004398788,82.8716766227675
5,2,10,3,7,4,0.3239025591916372,7.322956475522958,88,4.451188669701568,75.0,66,22,10.198709090909091,18.838770804183593,19.362259090909088,-17.29194090909091,65.03697004398788,82.8716766227675
5,2,10,4,3,2,0.3239025591916372,7.322956475522958,88,4.451188669701568,73.86363636363636,65,23,9.4751875,18.054630792959237,18.665227692307692,-16.496665217391307,63.824220029111366,81.90676088006424
5,2,10,4,3,3,0.3239025591916372,7.322956475522958,88,4.451188669701568,73.86363636363636,65,23,9.255535227272729,17.821567120193144,18.36785230769231,-16.496665217391307,63.824220029111366,81.90676088006424
5,2,10,4,3,4,0.3239025591916372,7.322956475522958,88,4.451188669701568,73.86363636363636,65,23,9.30933181818182,17.83236410244571,18.440684615384615,-16.496665217391307,63.824220029111366,81.90676088006424
5,2,10,4,5,2,0.3239025591916372,7.322956475522958,88,4.451188669701568,73.86363636363636,65,23,9.807864772727273,18.486430776293076,19.11562153846154,-16.496665217391307,63.824220029111366,81.90676088006424
5,2,10,4,5,3,0.3239025591916372,7.322956475522958,88,4.451188669701568,73.86363636363636,65,23,9.5882125,18.26292722650579,18.818246153846157,-16.496665217391307,63.824220029111366,81.90676088006424
5,2,10,4,5,4,0.3239025591916372,7.322956475522958,88,4.451188669701568,73.86363636363636,65,23,9.970623863636364,18.665922427665635,19.335972307692305,-16.496665217391307,63.824220029111366,81.90676088006424
5,2,10,4,7,2,0.3239025591916372,7.322956475522958,88,4.451188669701568,73.86363636363636,65,23,10.427617045454546,19.036723131806653,19.88814769230769,-16.308665217391308,63.824220029111366,81.90676088006424
5,2,10,4,7,3,0.3239025591916372,7.322956475522958,88,4.451188669701568,73.86363636363636,65,23,10.278519318181816,18.64912691247069,19.558823076923076,-15.948426086956525,63.824220029111366,81.90676088006424
5,2,10,4,7,4,0.3239025591916372,7.322956475522958,88,4.451188669701568,73.86363636363636,65,23,9.993185227272726,19.157004084029587,19.558823076923076,-17.040139130434785,63.824220029111366,81.90676088006424
5,2,12,2,3,2,0.3239025591916372,7.322956475522958,88,4.451188669701568,75.0,66,22,10.195492045454545,17.980465653555015,19.00013787878788,-16.21844545454546,65.03697004398788,82.8716766227675
5,2,12,2,3,3,0.3239025591916372,7.322956475522958,88,4.451188669701568,73.86363636363636,65,23,9.93433181818182,18.117536938561084,19.10490153846154,-15.982495652173919,63.824220029111366,81.90676088006424
5,2,12,2,3,4,0.3239025591916372,7.322956475522958,88,4.451188669701568,75.0,66,22,10.57599659090909,18.320113839451107,19.45891818181818,-16.072768181818187,65.03697004398788,82.8716766227675
5,2,12,2,5,2,0.3239025591916372,7.322956475522958,88,4.451188669701568,75.0,66,22,10.537620454545454,18.324495077788598,19.433695454545454,-16.15060454545455,65.03697004398788,82.8716766227675
5,2,12,2,5,3,0.3239025591916372,7.322956475522958,88,4.451188669701568,75.0,66,22,10.604279545454546,18.35075996311092,19.52257424242424,-16.15060454545455,65.03697004398788,82.8716766227675
5,2,12,2,5,4,0.3239025591916372,7.322956475522958,88,4.451188669701568,76.13636363636364,67,21,10.925231818181818,18.162247896677197,19.44383880597015,-16.25318095238096,66.2573550326628,83.82895739167236
5,2,12,2,7,2,0.3239025591916372,7.322956475522958,88,4.451188669701568,73.86363636363636,65,23,10.27191590909091,18.45938005885396,19.53634769230769,-15.910173913043481,63.824220029111366,81.90676088006424
5,2,12,2,7,3,0.3239025591916372,7.322956475522958,88,4.451188669701568,73.86363636363636,65,23,10.27191590909091,18.45938005885396,19.53634769230769,-15.910173913043481,63.824220029111366,81.90676088006424
5,2,12,2,7,4,0.3239025591916372,7.322956475522958,88,4.451188669701568,75.0,66,22,10.487435227272726,18.273171726526723,19.320910606060608,-16.012990909090913,65.03697004398788,82.8716766227675
5,2,12,3,3,2,0.3239025591916372,7.322956475522958,88,4.451188669701568,73.86363636363636,65,23,9.350993181818183,17.802907919606167,18.49708769230769,-16.496665217391307,63.824220029111366,81.90676088006424
5,2,12,3,3,3,0.3239025591916372,7.322956475522958,88,4.451188669701568,73.86363636363636,65,23,9.436263636363636,17.639212817894805,18.49708769230769,-16.170413043478266,63.824220029111366,81.90676088006424
5,2,12,3,3,4,0.3239025591916372,7.322956475522958,88,4.451188669701568,73.86363636363636,65,23,9.629831818181817,17.65054236314649,18.69265538461538,-15.982495652173919,63.824220029111366,81.90676088006424
5,2,12,3,5,2,0.3239025591916372,7.322956475522958,88,4.451188669701568,75.0,66,22,10.502048863636363,18.54161586744426,19.52257424242424,-16.559527272727276,65.03697004398788,82.8716766227675
5,2,12,3,5,3,0.3239025591916372,7.322956475522958,88,4.451188669701568,75.0,66,22,10.604279545454546,18.35075996311092,19.52257424242424,-16.15060454545455,65.03697004398788,82.8716766227675
5,2,12,3,5,4,0.3239025591916372,7.322956475522958,88,4.451188669701568,75.0,66,22,10.604279545454546,18.35075996311092,19.52257424242424,-16.15060454545455,65.03697004398788,82.8716766227675
5,2,12,3,7,2,0.3239025591916372,7.322956475522958,88,4.451188669701568,73.86363636363636,65,23,10.247042045454545,18.45868194520992,19.505272307692305,-15.917521739130438,63.824220029111366,81.90676088006424
5,2,12,3,7,3,0.3239025591916372,7.322956475522958,88,4.451188669701568,75.0,66,22,10.484043181818182,18.318836766857157,19.362259090909088,-16.15060454545455,65.03697004398788,82.8716766227675
5,2,12,3,7,4,0.3239025591916372,7.322956475522958,88,4.451188669701568,75.0,66,22,10.484043181818182,18.318836766857157,19.362259090909088,-16.15060454545455,65.03697004398788,82.8716766227675
5,2,12,4,3,2,0.3239025591916372,7.322956475522958,88,4.451188669701568,73.86363636363636,65,23,9.4751875,18.054630792959237,18.665227692307692,-16.496665217391307,63.824220029111366,81.90676088006424
5,2,12,4,3,3,0.3239025591916372,7.322956475522958,88,4.451188669701568,73.86363636363636,65,23,9.255535227272729,17.821567120193144,18.36785230769231,-16.496665217391307,63.824220029111366,81.90676088006424
5,2,12,4,3,4,0.3239025591916372,7.322956475522958,88,4.451188669701568,73.86363636363636,65,23,9.30933181818182,17.83236410244571,18.440684615384615,-16.496665217391307,63.824220029111366,81.90676088006424
5,2,12,4,5,2,0.3239025591916372,7.322956475522958,88,4.451188669701568,73.86363636363636,65,23,9.807864772727273,18.486430776293076,19.11562153846154,-16.496665217391307,63.824220029111366,81.90676088006424
5,2,12,4,5,3,0.3239025591916372,7.322956475522958,88,4.451188669701568,73.86363636363636,65,23,9.5882125,18.26292722650579,18.818246153846157,-16.496665217391307,63.824220029111366,81.90676088006424
5,2,12,4,5,4,0.3239025591916372,7.322956475522958,88,4.451188669701568,73.86363636363636,65,23,9.970623863636364,18.665922427665635,19.335972307692305,-16.496665217391307,63.824220029111366,81.90676088006424
5,2,12,4,7,2,0.3239025591916372,7.322956475522958,88,4.451188669701568,73.86363636363636,65,23,10.427617045454546,19.036723131806653,19.88814769230769,-16.308665217391308,63.824220029111366,81.90676088006424
5,2,12,4,7,3,0.3239025591916372,7.322956475522958,88,4.451188669701568,73.86363636363636,65,23,10.278519318181816,18.64912691247069,19.558823076923076,-15.948426086956525,63.824220029111366,81.90676088006424
5,2,12,4,7,4,0.3239025591916372,7.322956475522958,88,4.451188669701568,73.86363636363636,65,23,10.278519318181816,18.64912691247069,19.558823076923076,-15.948426086956525,63.824220029111366,81.90676088006424
5,3,8,2,3,2,0.3239025591916372,7.322956475522958,88,4.451188669701568,75.0,66,22,10.195492045454545,17.980465653555015,19.00013787878788,-16.21844545454546,65.03697004398788,82.8716766227675
5,3,8,2,3,3,0.3239025591916372,7.322956475522958,88,4.451188669701568,73.86363636363636,65,23,9.93433181818182,18.117536938561084,19.10490153846154,-15.982495652173919,63.824220029111366,81.90676088006424
5,3,8,2,3,4,0.3239025591916372,7.322956475522958,88,4.451188669701568,75.0,66,22,10.57599659090909,18.320113839451107,19.45891818181818,-16.072768181818187,65.03697004398788,82.8716766227675
5,3,8,2,5,2,0.3239025591916372,7.322956475522958,88,4.451188669701568,75.0,66,22,10.537620454545454,18.324495077788598,19.433695454545454,-16.15060454545455,65.03697004398788,82.8716766227675
5,3,8,2,5,3,0.3239025591916372,7.322956475522958,88,4.451188669701568,75.0,66,22,10.604279545454546,18.35075996311092,19.52257424242424,-16.15060454545455,65.03697004398788,82.8716766227675
5,3,8,2,5,4,0.3239025591916372,7.322956475522958,88,4.451188669701568,76.13636363636364,67,21,10.639897727272727,18.693352289886047,19.44383880597015,-17.448866666666667,66.2573550326628,83.82895739167236
5,3,8,2,7,2,0.3239025591916372,7.322956475522958,88,4.451188669701568,73.86363636363636,65,23,9.986581818181818,18.97223685719248,19.53634769230769,-17.00188695652174,63.824220029111366,81.90676088006424
5,3,8,2,7,3,0.3239025591916372,7.322956475522958,88,4.451188669701568,73.86363636363636,65,23,9.986581818181818,18.97223685719248,19.53634769230769,-17.00188695652174,63.824220029111366,81.90676088006424
5,3,8,2,7,4,0.3239025591916372,7.322956475522958,88,4.451188669701568,76.13636363636364,67,21,10.755415909090908,18.858950928105983,19.58470746268657,-17.414228571428573,66.2573550326628,83.82895739167236
5,3,8,3,3,2,0.3239025591916372,7.322956475522958,88,4.451188669701568,73.86363636363636,65,23,9.30933181818182,17.83236410244571,18.440684615384615,-16.496665217391307,63.824220029111366,81.90676088006424
5,3,8,3,3,3,0.3239025591916372,7.322956475522958,88,4.451188669701568,73.86363636363636,65,23,9.394602272727273,17.669145269545908,18.440684615384615,-16.170413043478266,63.824220029111366,81.90676088006424
5,3,8,3,3,4,0.3239025591916372,7.322956475522958,88,4.451188669701568,73.86363636363636,65,23,9.588170454545457,17.680916985550315,18.63625230769231,-15.982495652173919,63.824220029111366,81.90676088006424
5,3,8,3,5,2,0.3239025591916372,7.322956475522958,88,4.451188669701568,73.86363636363636,65,23,10.191710227272727,18.718335958779996,19.57970153846154,-16.339569565217396,63.824220029111366,81.90676088006424
5,3,8,3,5,3,0.3239025591916372,7.322956475522958,88,4.451188669701568,73.86363636363636,65,23,10.293940909090908,18.531032213849315,19.57970153846154,-15.948426086956525,63.824220029111366,81.90676088006424
5,3,8,3,5,4,0.3239025591916372,7.322956475522958,88,4.451188669701568,73.86363636363636,65,23,10.008606818181818,19.042293127575384,19.57970153846154,-17.040139130434785,63.824220029111366,81.90676088006424
5,3,8,3,7,2,0.3239025591916372,7.322956475522958,88,4.451188669701568,72.72727272727273,64,24,9.756184090909091,19.28467324096466,19.7071421875,-16.779704166666665,62.61879505104913,80.93452010054668
5,3,8,3,7,3,0.3239025591916372,7.322956475522958,88,4.451188669701568,73.86363636363636,65,23,9.993185227272726,19.157004084029587,19.558823076923076,-17.040139130434785,63.824220029111366,81.90676088006424
5,3,8,3,7,4,0.3239025591916372,7.322956475522958,88,4.451188669701568,75.0,66,22,10.546500000000002,19.22639897734004,19.82301212121212,-17.283036363636366,65.03697004398788,82.8716766227675
5,3,8,4,3,2,0.3239025591916372,7.322956475522958,88,4.451188669701568,73.86363636363636,65,23,9.4751875,18.054630792959237,18.665227692307692,-16.496665217391307,63.824220029111366,81.90676088006424
5,3,8,4,3,3,0.3239025591916372,7.322956475522958,88,4.451188669701568,73.86363636363636,65,23,9.255535227272729,17.821567120193144,18.36785230769231,-16.496665217391307,63.824220029111366,81.90676088006424
5,3,8,4,3,4,0.3239025591916372,7.322956475522958,88,4.451188669701568,73.86363636363636,65,23,9.30933181818182,17.83236410244571,18.440684615384615,-16.496665217391307,63.824220029111366,81.90676088006424
5,3,8,4,5,2,0.3239025591916372,7.322956475522958,88,4.451188669701568,73.86363636363636,65,23,9.807864772727273,18.486430776293076,19.11562153846154,-16.496665217391307,63.824220029111366,81.90676088006424
5,3,8,4,5,3,0.3239025591916372,7.322956475522958,88,4.451188669701568,73.86363636363636,65,23,9.5882125,18.26292722650579,18.818246153846157,-16.496665217391307,63.824220029111366,81.90676088006424
5,3,8,4,5,4,0.3239025591916372,7.322956475522958,88,4.451188669701568,73.86363636363636,65,23,9.685289772727273,19.168719446110305,19.335972307692305,-17.58837826086957,63.824220029111366,81.90676088006424
5,3,8,4,7,2,0.3239025591916372,7.322956475522958,88,4.451188669701568,73.86363636363636,65,23,10.142282954545454,19.53672853362028,19.88814769230769,-17.40037826086957,63.824220029111366,81.90676088006424
5,3,8,4,7,3,0.3239025591916372,7.322956475522958,88,4.451188669701568,73.86363636363636,65,23,9.993185227272726,19.157004084029587,19.558823076923076,-17.040139130434785,63.824220029111366,81.90676088006424
5,3,8,4,7,4,0.3239025591916372,7.322956475522958,88,4.451188669701568,75.0,66,22,10.546500000000002,19.22639897734004,19.82301212121212,-17.283036363636366,65.03697004398788,82.8716766227675
5,3,10,2,3,2,0.3239025591916372,7.322956475522958,88,4.451188669701568,75.0,66,22,10.195492045454545,17.980465653555015,19.00013787878788,-16.21844545454546,65.03697004398788,82.8716766227675
5,3,10,2,3,3,0.3239025591916372,7.322956475522958,88,4.451188669701568,73.86363636363636,65,23,9.93433181818182,18.117536938561084,19.10490153846154,-15.982495652173919,63.824220029111366,81.90676088006424
5,3,10,2,3,4,0.3239025591916372,7.322956475522958,88,4.451188669701568,75.0,66,22,10.57599659090909,18.320113839451107,19.45891818181818,-16.072768181818187,65.03697004398788,82.8716766227675
5,3,10,2,5,2,0.3239025591916372,7.322956475522958,88,4.451188669701568,75.0,66,22,10.537620454545454,18.324495077788598,19.433695454545454,-16.15060454545455,65.03697004398788,82.8716766227675
5,3,10,2,5,3,0.3239025591916372,7.322956475522958,88,4.451188669701568,75.0,66,22,10.604279545454546,18.35075996311092,19.52257424242424,-16.15060454545455,65.03697004398788,82.8716766227675
5,3,10,2,5,4,0.3239025591916372,7.322956475522958,88,4.451188669701568,76.13636363636364,67,21,10.925231818181818,18.162247896677197,19.44383880597015,-16.25318095238096,66.2573550326628,83.82895739167236
5,3,10,2,7,2,0.3239025591916372,7.322956475522958,88,4.451188669701568,73.86363636363636,65,23,10.27191590909091,18.45938005885396,19.53634769230769,-15.910173913043481,63.824220029111366,81.90676088006424
5,3,10,2,7,3,0.3239025591916372,7.322956475522958,88,4.451188669701568,73.86363636363636,65,23,10.27191590909091,18.45938005885396,19.53634769230769,-15.910173913043481,63.824220029111366,81.90676088006424
5,3,10,2,7,4,0.3239025591916372,7.322956475522958,88,4.451188669701568,75.0,66,22,10.202101136363636,18.79442118957506,19.320910606060608,-17.154327272727276,65.03697004398788,82.8716766227675
5,3,10,3,3,2,0.3239025591916372,7.322956475522958,88,4.451188669701568,73.86363636363636,65,23,9.308929545454545,17.832048011247583,18.44014,-16.496665217391307,63.824220029111366,81.90676088006424
5,3,10,3,3,3,0.3239025591916372,7.322956475522958,88,4.451188669701568,73.86363636363636,65,23,9.3942,17.66882822209976,18.44014,-16.170413043478266,63.824220029111366,81.90676088006424
5,3,10,3,3,4,0.3239025591916372,7.322956475522958,88,4.451188669701568,73.86363636363636,65,23,9.587768181818182,17.680604603919104,18.63570769230769,-15.982495652173919,63.824220029111366,81.90676088006424
5,3,10,3,5,2,0.3239025591916372,7.322956475522958,88,4.451188669701568,75.0,66,22,10.502048863636363,18.54161586744426,19.52257424242424,-16.559527272727276,65.03697004398788,82.8716766227675
5,3,10,3,5,3,0.3239025591916372,7.322956475522958,88,4.451188669701568,75.0,66,22,10.604279545454546,18.35075996311092,19.52257424242424,-16.15060454545455,65.03697004398788,82.8716766227675
5,3,10,3,5,4,0.3239025591916372,7.322956475522958,88,4.451188669701568,75.0,66,22,10.604279545454546,18.35075996311092,19.52257424242424,-16.15060454545455,65.03697004398788,82.8716766227675
5,3,10,3,7,2,0.3239025591916372,7.322956475522958,88,4.451188669701568,73.86363636363636,65,23,10.247042045454545,18.45868194520992,19.505272307692305,-15.917521739130438,63.824220029111366,81.90676088006424
5,3,10,3,7,3,0.3239025591916372,7.322956475522958,88,4.451188669701568,75.0,66,22,10.484043181818182,18.318836766857157,19.362259090909088,-16.15060454545455,65.03697004398788,82.8716766227675
5,3,10,3,7,4,0.3239025591916372,7.322956475522958,88,4.451188669701568,75.0,66,22,10.198709090909091,18.838770804183593,19.362259090909088,-17.29194090909091,65.03697004398788,82.8716766227675
5,3,10,4,3,2,0.3239025591916372,7.322956475522958,88,4.451188669701568,73.86363636363636,65,23,9.4751875,18.054630792959237,18.665227692307692,-16.496665217391307,63.824220029111366,81.90676088006424
5,3,10,4,3,3,0.3239025591916372,7.322956475522958,88,4.451188669701568,73.86363636363636,65,23,9.255535227272729,17.821567120193144,18.36785230769231,-16.496665217391307,63.824220029111366,81.90676088006424
5,3,10,4,3,4,0.3239025591916372,7.322956475522958,88,4.451188669701568,73.86363636363636,65,23,9.30933181818182,17.83236410244571,18.440684615384615,-16.496665217391307,63.824220029111366,81.90676088006424
5,3,10,4,5,2,0.3239025591916372,7.322956475522958,88,4.451188669701568,73.86363636363636,65,23,9.807864772727273,18.486430776293076,19.11562153846154,-16.496665217391307,63.824220029111366,81.90676088006424
5,3,10,4,5,3,0.3239025591916372,7.322956475522958,88,4.451188669701568,73.86363636363636,65,23,9.5882125,18.26292722650579,18.818246153846157,-16.496665217391307,63.824220029111366,81.90676088006424
5,3,10,4,5,4,0.3239025591916372,7.322956475522958,88,4.451188669701568,73.86363636363636,65,23,9.970623863636364,18.665922427665635,19.335972307692305,-16.496665217391307,63.824220029111366,81.90676088006424
5,3,10,4,7,2,0.3239025591916372,7.322956475522958,88,4.451188669701568,73.86363636363636,65,23,10.427617045454546,19.036723131806653,19.88814769230769,-16.308665217391308,63.824220029111366,81.90676088006424
5,3,10,4,7,3,0.3239025591916372,7.322956475522958,88,4.451188669701568,73.86363636363636,65,23,10.278519318181816,18.64912691247069,19.558823076923076,-15.948426086956525,63.824220029111366,81.90676088006424
5,3,10,4,7,4,0.3239025591916372,7.322956475522958,88,4.451188669701568,73.86363636363636,65,23,9.993185227272726,19.157004084029587,19.558823076923076,-17.040139130434785,63.824220029111366,81.90676088006424
5,3,12,2,3,2,0.3239025591916372,7.322956475522958,88,4.451188669701568,75.0,66,22,10.195492045454545,17.980465653555015,19.00013787878788,-16.21844545454546,65.03697004398788,82.8716766227675
5,3,12,2,3,3,0.3239025591916372,7.322956475522958,88,4.451188669701568,73.86363636363636,65,23,9.93433181818182,18.117536938561084,19.10490153846154,-15.982495652173919,63.824220029111366,81.90676088006424
5,3,12,2,3,4,0.3239025591916372,7.322956475522958,88,4.451188669701568,75.0,66,22,10.57599659090909,18.320113839451107,19.45891818181818,-16.072768181818187,65.03697004398788,82.8716766227675
5,3,12,2,5,2,0.3239025591916372,7.322956475522958,88,4.451188669701568,75.0,66,22,10.537620454545454,18.324495077788598,19.433695454545454,-16.15060454545455,65.03697004398788,82.8716766227675
5,3,12,2,5,3,0.3239025591916372,7.322956475522958,88,4.451188669701568,75.0,66,22,10.604279545454546,18.35075996311092,19.52257424242424,-16.15060454545455,65.03697004398788,82.8716766227675
5,3,12,2,5,4,0.3239025591916372,7.322956475522958,88,4.451188669701568,76.13636363636364,67,21,10.925231818181818,18.162247896677197,19.44383880597015,-16.25318095238096,66.2573550326628,83.82895739167236
5,3,12,2,7,2,0.3239025591916372,7.322956475522958,88,4.451188669701568,73.86363636363636,65,23,10.27191590909091,18.45938005885396,19.53634769230769,-15.910173913043481,63.824220029111366,81.90676088006424
5,3,12,2,7,3,0.3239025591916372,7.322956475522958,88,4.451188669701568,73.86363636363636,65,23,10.27191590909091,18.45938005885396,19.53634769230769,-15.910173913043481,63.824220029111366,81.90676088006424
5,3,12,2,7,4,0.3239025591916372,7.322956475522958,88,4.451188669701568,75.0,66,22,10.487435227272726,18.273171726526723,19.320910606060608,-16.012990909090913,65.03697004398788,82.8716766227675
5,3,12,3,3,2,0.3239025591916372,7.322956475522958,88,4.451188669701568,73.86363636363636,65,23,9.350993181818183,17.802907919606167,18.49708769230769,-16.496665217391307,63.824220029111366,81.90676088006424
5,3,12,3,3,3,0.3239025591916372,7.322956475522958,88,4.451188669701568,73.86363636363636,65,23,9.436263636363636,17.639212817894805,18.49708769230769,-16.170413043478266,63.824220029111366,81.90676088006424
5,3,12,3,3,4,0.3239025591916372,7.322956475522958,88,4.451188669701568,73.86363636363636,65,23,9.629831818181817,17.65054236314649,18.69265538461538,-15.982495652173919,63.824220029111366,81.90676088006424
5,3,12,3,5,2,0.3239025591916372,7.322956475522958,88,4.451188669701568,75.0,66,22,10.502048863636363,18.54161586744426,19.52257424242424,-16.559527272727276,65.03697004398788,82.8716766227675
5,3,12,3,5,3,0.3239025591916372,7.322956475522958,88,4.451188669701568,75.0,66,22,10.604279545454546,18.35075996311092,19.52257424242424,-16.15060454545455,65.03697004398788,82.8716766227675
5,3,12,3,5,4,0.3239025591916372,7.322956475522958,88,4.451188669701568,75.0,66,22,10.604279545454546,18.35075996311092,19.52257424242424,-16.15060454545455,65.03697004398788,82.8716766227675
5,3,12,3,7,2,0.3239025591916372,7.322956475522958,88,4.451188669701568,73.86363636363636,65,23,10.247042045454545,18.45868194520992,19.505272307692305,-15.917521739130438,63.824220029111366,81.90676088006424
5,3,12,3,7,3,0.3239025591916372,7.322956475522958,88,4.451188669701568,75.0,66,22,10.484043181818182,18.318836766857157,19.362259090909088,-16.15060454545455,65.03697004398788,82.8716766227675
5,3,12,3,7,4,0.3239025591916372,7.322956475522958,88,4.451188669701568,75.0,66,22,10.484043181818182,18.318836766857157,19.362259090909088,-16.15060454545455,65.03697004398788,82.8716766227675
5,3,12,4,3,2,0.3239025591916372,7.322956475522958,88,4.451188669701568,73.86363636363636,65,23,9.4751875,18.054630792959237,18.665227692307692,-16.496665217391307,63.824220029111366,81.90676088006424
5,3,12,4,3,3,0.3239025591916372,7.322956475522958,88,4.451188669701568,73.86363636363636,65,23,9.255535227272729,17.821567120193144,18.36785230769231,-16.496665217391307,63.824220029111366,81.90676088006424
5,3,12,4,3,4,0.3239025591916372,7.322956475522958,88,4.451188669701568,73.86363636363636,65,23,9.30933181818182,17.83236410244571,18.440684615384615,-16.496665217391307,63.824220029111366,81.90676088006424
5,3,12,4,5,2,0.3239025591916372,7.322956475522958,88,4.451188669701568,73.86363636363636,65,23,9.807864772727273,18.486430776293076,19.11562153846154,-16.496665217391307,63.824220029111366,81.90676088006424
5,3,12,4,5,3,0.3239025591916372,7.322956475522958,88,4.451188669701568,73.86363636363636,65,23,9.5882125,18.26292722650579,18.818246153846157,-16.496665217391307,63.824220029111366,81.90676088006424
5,3,12,4,5,4,0.3239025591916372,7.322956475522958,88,4.451188669701568,73.86363636363636,65,23,9.970623863636364,18.665922427665635,19.335972307692305,-16.496665217391307,63.824220029111366,81.90676088006424
5,3,12,4,7,2,0.3239025591916372,7.322956475522958,88,4.451188669701568,73.86363636363636,65,23,10.427617045454546,19.036723131806653,19.88814769230769,-16.308665217391308,63.824220029111366,81.90676088006424
5,3,12,4,7,3,0.3239025591916372,7.322956475522958,88,4.451188669701568,73.86363636363636,65,23,10.278519318181816,18.64912691247069,19.558823076923076,-15.948426086956525,63.824220029111366,81.90676088006424
5,3,12,4,7,4,0.3239025591916372,7.322956475522958,88,4.451188669701568,73.86363636363636,65,23,10.278519318181816,18.64912691247069,19.558823076923076,-15.948426086956525,63.824220029111366,81.90676088006424
5,4,8,2,3,2,0.43108118187773636,9.32060716529557,91,4.602933737986849,75.82417582417582,69,22,10.425040659340661,17.752057502510507,18.920065217391304,-16.21844545454546,66.09819026529658,83.45819634497005
5,4,8,2,3,3,0.43108118187773636,9.32060716529557,91,4.602933737986849,74.72527472527473,68,23,10.052643956043957,17.827077186822727,18.858647058823532,-15.982495652173919,64.92032145567589,82.52728274564323
5,4,8,2,3,4,0.43108118187773636,9.32060716529557,91,4.602933737986849,75.82417582417582,69,22,10.70499010989011,18.03061878395288,19.242826086956523,-16.072768181818187,66.09819026529658,83.45819634497005
5,4,8,2,5,2,0.43108118187773636,9.32060716529557,91,4.602933737986849,74.72527472527473,68,23,10.471163736263737,18.216101823713345,19.39426323529412,-15.910173913043481,64.92032145567589,82.52728274564323
5,4,8,2,5,3,0.43108118187773636,9.32060716529557,91,4.602933737986849,74.72527472527473,68,23,10.41577912087912,18.182985979410756,19.320145588235295,-15.910173913043481,64.92032145567589,82.52728274564323
5,4,8,2,5,4,0.43108118187773636,9.32060716529557,91,4.602933737986849,76.92307692307693,70,21,10.757679120879121,18.394723379639284,19.21964285714286,-17.448866666666667,67.28332884644229,84.38184017277187
5,4,8,2,7,2,0.43108118187773636,9.32060716529557,91,4.602933737986849,74.72527472527473,68,23,10.223067032967036,18.72587096501673,19.431507352941175,-17.00188695652174,64.92032145567589,82.52728274564323
5,4,8,2,7,3,0.43108118187773636,9.32060716529557,91,4.602933737986849,74.72527472527473,68,23,10.10322087912088,18.66647095975691,19.271125,-17.00188695652174,64.92032145567589,82.52728274564323
5,4,8,2,7,4,0.43108118187773636,9.32060716529557,91,4.602933737986849,76.92307692307693,70,21,10.87854395604396,18.558693664289393,19.366375714285716,-17.414228571428573,67.28332884644229,84.38184017277187
5,4,8,3,3,2,0.43108118187773636,9.32060716529557,91,4.602933737986849,74.72527472527473,68,23,9.568094505494507,17.619066768660733,18.38411617647059,-16.496665217391307,64.92032145567589,82.52728274564323
5,4,8,3,3,3,0.43108118187773636,9.32060716529557,91,4.602933737986849,74.72527472527473,68,23,9.650553846153846,17.458156683416924,18.38411617647059,-16.170413043478266,64.92032145567589,82.52728274564323
5,4,8,3,3,4,0.43108118187773636,9.32060716529557,91,4.602933737986849,74.72527472527473,68,23,9.83774065934066,17.46693494075769,18.571055882352944,-15.982495652173919,64.92032145567589,82.52728274564323
5,4,8,3,5,2,0.43108118187773636,9.32060716529557,91,4.602933737986849,74.72527472527473,68,23,10.412278021978024,18.47245181771315,19.460697058823527,-16.339569565217396,64.92032145567589,82.52728274564323
5,4,8,3,5,3,0.43108118187773636,9.32060716529557,91,4.602933737986849,74.72527472527473,68,23,10.511138461538463,18.28779200277709,19.460697058823527,-15.948426086956525,64.92032145567589,82.52728274564323
5,4,8,3,5,4,0.43108118187773636,9.32060716529557,91,4.602933737986849,74.72527472527473,68,23,10.23521098901099,18.791929143913826,19.460697058823527,-17.040139130434785,64.92032145567589,82.52728274564323
5,4,8,3,7,2,0.43108118187773636,9.32060716529557,91,4.602933737986849,72.52747252747253,66,25,9.71548901098901,19.148166478145285,19.658228787878787,-16.533344000000003,62.58521771107707,80.644821672347
5,4,8,3,7,3,0.43108118187773636,9.32060716529557,91,4.602933737986849,73.62637362637363,67,24,9.944676923076923,19.02442452009216,19.515067164179104,-16.7726625,63.74942051058354,81.58940128178807
5,4,8,3,7,4,0.43108118187773636,9.32060716529557,91,4.602933737986849,74.72527472527473,68,23,10.47975054945055,19.093609141055975,19.772129411764706,-16.993369565217392,64.92032145567589,82.52728274564323
5,4,8,4,3,2,0.43108118187773636,9.32060716529557,91,4.602933737986849,74.72527472527473,68,23,9.728482417582418,17.834210782043428,18.59875294117647,-16.496665217391307,64.92032145567589,82.52728274564323
5,4,8,4,3,3,0.43108118187773636,9.32060716529557,91,4.602933737986849,74.72527472527473,68,23,9.51607142857143,17.609278987601243,18.314497058823534,-16.496665217391307,64.92032145567589,82.52728274564323
5,4,8,4,3,4,0.43108118187773636,9.32060716529557,91,4.602933737986849,74.72527472527473,68,23,9.568094505494507,17.619066768660733,18.38411617647059,-16.496665217391307,64.92032145567589,82.52728274564323
5,4,8,4,5,2,0.43108118187773636,9.32060716529557,91,4.602933737986849,74.72527472527473,68,23,10.050192307692308,18.252406363589618,19.029276470588236,-16.496665217391307,64.92032145567589,82.52728274564323
5,4,8,4,5,3,0.43108118187773636,9.32060716529557,91,4.602933737986849,74.72527472527473,68,23,9.837781318681317,18.036522899038385,18.745020588235295,-16.496665217391307,64.92032145567589,82.52728274564323
5,4,8,4,5,4,0.43108118187773636,9.32060716529557,91,4.602933737986849,74.72527472527473,68,23,9.931658241758242,18.922055960328212,19.239905882352943,-17.58837826086957,64.92032145567589,82.52728274564323
5,4,8,4,7,2,0.43108118187773636,9.32060716529557,91,4.602933737986849,74.72527472527473,68,23,10.36448021978022,19.2747748765249,19.75553529411765,-17.40037826086957,64.92032145567589,82.52728274564323
5,4,8,4,7,3,0.43108118187773636,9.32060716529557,91,4.602933737986849,74.72527472527473,68,23,10.220297802197802,18.904477189702842,19.44073970588235,-17.040139130434785,64.92032145567589,82.52728274564323
5,4,8,4,7,4,0.43108118187773636,9.32060716529557,91,4.602933737986849,75.82417582417582,69,22,10.75537142857143,18.96623861821776,19.695153623188407,-17.283036363636366,66.09819026529658,83.45819634497005
5,4,10,2,3,2,0.43108118187773636,9.32060716529557,91,4.602933737986849,75.82417582417582,69,22,10.425040659340661,17.752057502510507,18.920065217391304,-16.21844545454546,66.09819026529658,83.45819634497005
5,4,10,2,3,3,0.43108118187773636,9.32060716529557,91,4.602933737986849,74.72527472527473,68,23,10.052643956043957,17.827077186822727,18.858647058823532,-15.982495652173919,64.92032145567589,82.52728274564323
5,4,10,2,3,4,0.43108118187773636,9.32060716529557,91,4.602933737986849,75.82417582417582,69,22,10.70499010989011,18.03061878395288,19.242826086956523,-16.072768181818187,66.09819026529658,83.45819634497005
5,4,10,2,5,2,0.43108118187773636,9.32060716529557,91,4.602933737986849,74.72527472527473,68,23,10.471163736263737,18.216101823713345,19.39426323529412,-15.910173913043481,64.92032145567589,82.52728274564323
5,4,10,2,5,3,0.43108118187773636,9.32060716529557,91,4.602933737986849,74.72527472527473,68,23,10.41577912087912,18.182985979410756,19.320145588235295,-15.910173913043481,64.92032145567589,82.52728274564323
5,4,10,2,5,4,0.43108118187773636,9.32060716529557,91,4.602933737986849,76.92307692307693,70,21,11.033606593406592,17.87123536158223,19.21964285714286,-16.25318095238096,67.28332884644229,84.38184017277187
5,4,10,2,7,2,0.43108118187773636,9.32060716529557,91,4.602933737986849,74.72527472527473,68,23,10.498994505494506,18.220092067576648,19.431507352941175,-15.910173913043481,64.92032145567589,82.52728274564323
5,4,10,2,7,3,0.43108118187773636,9.32060716529557,91,4.602933737986849,74.72527472527473,68,23,10.379148351648352,18.160878893926316,19.271125,-15.910173913043481,64.92032145567589,82.52728274564323
5,4,10,2,7,4,0.43108118187773636,9.32060716529557,91,4.602933737986849,75.82417582417582,69,22,10.343470329670332,18.49917399090201,19.110884057971017,-17.154327272727276,66.09819026529658,83.45819634497005
5,4,10,3,3,2,0.43108118187773636,9.32060716529557,91,4.602933737986849,74.72527472527473,68,23,9.567705494505496,17.618763291744543,18.3835955882353,-16.496665217391307,64.92032145567589,82.52728274564323
5,4,10,3,3,3,0.43108118187773636,9.32060716529557,91,4.602933737986849,74.72527472527473,68,23,9.650164835164835,17.45785226718194,18.3835955882353,-16.170413043478266,64.92032145567589,82.52728274564323
5,4,10,3,3,4,0.43108118187773636,9.32060716529557,91,4.602933737986849,74.72527472527473,68,23,9.83735164835165,17.466634892797835,18.570535294117647,-15.982495652173919,64.92032145567589,82.52728274564323
5,4,10,3,5,2,0.43108118187773636,9.32060716529557,91,4.602933737986849,75.82417582417582,69,22,10.712385714285716,18.295781630593133,19.407778260869566,-16.559527272727276,66.09819026529658,83.45819634497005
5,4,10,3,5,3,0.43108118187773636,9.32060716529557,91,4.602933737986849,75.82417582417582,69,22,10.811246153846154,18.1076638137147,19.407778260869566,-16.15060454545455,66.09819026529658,83.45819634497005
5,4,10,3,5,4,0.43108118187773636,9.32060716529557,91,4.602933737986849,75.82417582417582,69,22,10.811246153846154,18.1076638137147,19.407778260869566,-16.15060454545455,66.09819026529658,83.45819634497005
5,4,10,3,7,2,0.43108118187773636,9.32060716529557,91,4.602933737986849,73.62637362637363,67,24,10.190164835164836,18.34564296686378,19.463114925373134,-15.696820833333334,63.74942051058354,81.58940128178807
5,4,10,3,7,3,0.43108118187773636,9.32060716529557,91,4.602933737986849,74.72527472527473,68,23,10.419352747252747,18.21041095738211,19.32492794117647,-15.910173913043481,64.92032145567589,82.52728274564323
5,4,10,3,7,4,0.43108118187773636,9.32060716529557,91,4.602933737986849,74.72527472527473,68,23,10.143425274725274,18.71526426863967,19.32492794117647,-17.00188695652174,64.92032145567589,82.52728274564323
5,4,10,4,3,2,0.43108118187773636,9.32060716529557,91,4.602933737986849,74.72527472527473,68,23,9.728482417582418,17.834210782043428,18.59875294117647,-16.496665217391307,64.92032145567589,82.52728274564323
5,4,10,4,3,3,0.43108118187773636,9.32060716529557,91,4.602933737986849,74.72527472527473,68,23,9.51607142857143,17.609278987601243,18.314497058823534,-16.496665217391307,64.92032145567589,82.52728274564323
5,4,10,4,3,4,0.43108118187773636,9.32060716529557,91,4.602933737986849,74.72527472527473,68,23,9.568094505494507,17.619066768660733,18.38411617647059,-16.496665217391307,64.92032145567589,82.52728274564323
5,4,10,4,5,2,0.43108118187773636,9.32060716529557,91,4.602933737986849,74.72527472527473,68,23,10.050192307692308,18.252406363589618,19.029276470588236,-16.496665217391307,64.92032145567589,82.52728274564323
5,4,10,4,5,3,0.43108118187773636,9.32060716529557,91,4.602933737986849,74.72527472527473,68,23,9.837781318681317,18.036522899038385,18.745020588235295,-16.496665217391307,64.92032145567589,82.52728274564323
5,4,10,4,5,4,0.43108118187773636,9.32060716529557,91,4.602933737986849,74.72527472527473,68,23,10.207585714285715,18.426077052328562,19.239905882352943,-16.496665217391307,64.92032145567589,82.52728274564323
5,4,10,4,7,2,0.43108118187773636,9.32060716529557,91,4.602933737986849,74.72527472527473,68,23,10.640407692307692,18.781681272465885,19.75553529411765,-16.308665217391308,64.92032145567589,82.52728274564323
5,4,10,4,7,3,0.43108118187773636,9.32060716529557,91,4.602933737986849,74.72527472527473,68,23,10.496225274725274,18.403649490314525,19.44073970588235,-15.948426086956525,64.92032145567589,82.52728274564323
5,4,10,4,7,4,0.43108118187773636,9.32060716529557,91,4.602933737986849,74.72527472527473,68,23,10.220297802197802,18.904477189702842,19.44073970588235,-17.040139130434785,64.92032145567589,82.52728274564323
5,4,12,2,3,2,0.43108118187773636,9.32060716529557,91,4.602933737986849,75.82417582417582,69,22,10.425040659340661,17.752057502510507,18.920065217391304,-16.21844545454546,66.09819026529658,83.45819634497005
5,4,12,2,3,3,0.43108118187773636,9.32060716529557,91,4.602933737986849,74.72527472527473,68,23,10.052643956043957,17.827077186822727,18.858647058823532,-15.982495652173919,64.92032145567589,82.52728274564323
5,4,12,2,3,4,0.43108118187773636,9.32060716529557,91,4.602933737986849,75.82417582417582,69,22,10.70499010989011,18.03061878395288,19.242826086956523,-16.072768181818187,66.09819026529658,83.45819634497005
5,4,12,2,5,2,0.43108118187773636,9.32060716529557,91,4.602933737986849,74.72527472527473,68,23,10.471163736263737,18.216101823713345,19.39426323529412,-15.910173913043481,64.92032145567589,82.52728274564323
5,4,12,2,5,3,0.43108118187773636,9.32060716529557,91,4.602933737986849,74.72527472527473,68,23,10.41577912087912,18.182985979410756,19.320145588235295,-15.910173913043481,64.92032145567589,82.52728274564323
5,4,12,2,5,4,0.43108118187773636,9.32060716529557,91,4.602933737986849,76.92307692307693,70,21,11.033606593406592,17.87123536158223,19.21964285714286,-16.25318095238096,67.28332884644229,84.38184017277187
5,4,12,2,7,2,0.43108118187773636,9.32060716529557,91,4.602933737986849,74.72527472527473,68,23,10.498994505494506,18.220092067576648,19.431507352941175,-15.910173913043481,64.92032145567589,82.52728274564323
5,4,12,2,7,3,0.43108118187773636,9.32060716529557,91,4.602933737986849,74.72527472527473,68,23,10.379148351648352,18.160878893926316,19.271125,-15.910173913043481,64.92032145567589,82.52728274564323
5,4,12,2,7,4,0.43108118187773636,9.32060716529557,91,4.602933737986849,75.82417582417582,69,22,10.619397802197804,17.985154057277214,19.110884057971017,-16.012990909090913,66.09819026529658,83.45819634497005
5,4,12,3,3,2,0.43108118187773636,9.32060716529557,91,4.602933737986849,74.72527472527473,68,23,9.608382417582417,17.589650317101523,18.438030882352944,-16.496665217391307,64.92032145567589,82.52728274564323
5,4,12,3,3,3,0.43108118187773636,9.32060716529557,91,4.602933737986849,74.72527472527473,68,23,9.690841758241758,17.4282759103709,18.438030882352944,-16.170413043478266,64.92032145567589,82.52728274564323
5,4,12,3,3,4,0.43108118187773636,9.32060716529557,91,4.602933737986849,74.72527472527473,68,23,9.878028571428572,17.436631909066776,18.6249705882353,-15.982495652173919,64.92032145567589,82.52728274564323
5,4,12,3,5,2,0.43108118187773636,9.32060716529557,91,4.602933737986849,75.82417582417582,69,22,10.712385714285716,18.295781630593133,19.407778260869566,-16.559527272727276,66.09819026529658,83.45819634497005
5,4,12,3,5,3,0.43108118187773636,9.32060716529557,91,4.602933737986849,75.82417582417582,69,22,10.811246153846154,18.1076638137147,19.407778260869566,-16.15060454545455,66.09819026529658,83.45819634497005
5,4,12,3,5,4,0.43108118187773636,9.32060716529557,91,4.602933737986849,75.82417582417582,69,22,10.811246153846154,18.1076638137147,19.407778260869566,-16.15060454545455,66.09819026529658,83.45819634497005
5,4,12,3,7,2,0.43108118187773636,9.32060716529557,91,4.602933737986849,73.62637362637363,67,24,10.190164835164836,18.34564296686378,19.463114925373134,-15.696820833333334,63.74942051058354,81.58940128178807
5,4,12,3,7,3,0.43108118187773636,9.32060716529557,91,4.602933737986849,74.72527472527473,68,23,10.419352747252747,18.21041095738211,19.32492794117647,-15.910173913043481,64.92032145567589,82.52728274564323
5,4,12,3,7,4,0.43108118187773636,9.32060716529557,91,4.602933737986849,74.72527472527473,68,23,10.419352747252747,18.21041095738211,19.32492794117647,-15.910173913043481,64.92032145567589,82.52728274564323
5,4,12,4,3,2,0.43108118187773636,9.32060716529557,91,4.602933737986849,74.72527472527473,68,23,9.728482417582418,17.834210782043428,18.59875294117647,-16.496665217391307,64.92032145567589,82.52728274564323
5,4,12,4,3,3,0.43108118187773636,9.32060716529557,91,4.602933737986849,74.72527472527473,68,23,9.51607142857143,17.609278987601243,18.314497058823534,-16.496665217391307,64.92032145567589,82.52728274564323
5,4,12,4,3,4,0.43108118187773636,9.32060716529557,91,4.602933737986849,74.72527472527473,68,23,9.568094505494507,17.619066768660733,18.38411617647059,-16.496665217391307,64.92032145567589,82.52728274564323
5,4,12,4,5,2,0.43108118187773636,9.32060716529557,91,4.602933737986849,74.72527472527473,68,23,10.050192307692308,18.252406363589618,19.029276470588236,-16.496665217391307,64.92032145567589,82.52728274564323
5,4,12,4,5,3,0.43108118187773636,9.32060716529557,91,4.602933737986849,74.72527472527473,68,23,9.837781318681317,18.036522899038385,18.745020588235295,-16.496665217391307,64.92032145567589,82.52728274564323
5,4,12,4,5,4,0.43108118187773636,9.32060716529557,91,4.602933737986849,74.72527472527473,68,23,10.207585714285715,18.426077052328562,19.239905882352943,-16.496665217391307,64.92032145567589,82.52728274564323
5,4,12,4,7,2,0.43108118187773636,9.32060716529557,91,4.602933737986849,74.72527472527473,68,23,10.640407692307692,18.781681272465885,19.75553529411765,-16.308665217391308,64.92032145567589,82.52728274564323
5,4,12,4,7,3,0.43108118187773636,9.32060716529557,91,4.602933737986849,74.72527472527473,68,23,10.496225274725274,18.403649490314525,19.44073970588235,-15.948426086956525,64.92032145567589,82.52728274564323
5,4,12,4,7,4,0.43108118187773636,9.32060716529557,91,4.602933737986849,74.72527472527473,68,23,10.496225274725274,18.403649490314525,19.44073970588235,-15.948426086956525,64.92032145567589,82.52728274564323
5,5,8,2,3,2,0.729090067735254,13.27913645341138,106,5.361659079413252,73.58490566037736,78,28,9.638935849056605,18.663312509158498,19.189076923076925,-16.965028571428572,64.47402066087238,81.04613223660532
5,5,8,2,3,3,0.729090067735254,13.27913645341138,106,5.361659079413252,75.47169811320755,80,26,10.563850943396226,18.754923617100786,19.6218225,-17.30683076923077,66.48552191501042,82.67624321426553
5,5,8,2,3,4,0.729090067735254,13.27913645341138,106,5.361659079413252,77.35849056603774,82,24,10.853870754716981,18.239271448884377,19.16314268292683,-17.53614166666667,68.51684810359824,84.28652925747593
5,5,8,2,5,2,0.729090067735254,13.27913645341138,106,5.361659079413252,74.52830188679245,79,27,10.1158320754717,18.781938287674382,19.43056835443038,-17.138396296296296,65.47738306120156,81.86357595217527
5,5,8,2,5,3,0.729090067735254,13.27913645341138,106,5.361659079413252,74.52830188679245,79,27,10.235856603773586,18.74691190025208,19.53690379746835,-16.97831851851852,65.47738306120156,81.86357595217527
5,5,8,2,5,4,0.729090067735254,13.27913645341138,106,5.361659079413252,75.47169811320755,80,26,10.529637735849056,18.607032723874173,19.506996249999997,-17.093003846153845,66.48552191501042,82.67624321426553
5,5,8,2,7,2,0.729090067735254,13.27913645341138,106,5.361659079413252,74.52830188679245,79,27,10.126019811320756,18.712633903340834,19.389503797468358,-16.97824814814815,65.47738306120156,81.86357595217527
5,5,8,2,7,3,0.729090067735254,13.27913645341138,106,5.361659079413252,75.47169811320755,80,26,10.390356603773586,18.612793468963474,19.362510000000004,-17.21626923076923,66.48552191501042,82.67624321426553
5,5,8,2,7,4,0.729090067735254,13.27913645341138,106,5.361659079413252,74.52830188679245,79,27,10.230915094339622,18.736122246372332,19.530273417721517,-16.97831851851852,65.47738306120156,81.86357595217527
5,5,8,3,3,2,0.729090067735254,13.27913645341138,106,5.361659079413252,73.58490566037736,78,28,9.188619811320757,18.33635409602839,18.67331153846154,-17.23302142857143,64.47402066087238,81.04613223660532
5,5,8,3,3,3,0.729090067735254,13.27913645341138,106,5.361659079413252,75.47169811320755,80,26,9.774451886792454,17.965792442603547,18.57586875,-17.30683076923077,66.48552191501042,82.67624321426553
5,5,8,3,3,4,0.729090067735254,13.27913645341138,106,5.361659079413252,75.47169811320755,80,26,9.805186792452831,17.970418855574184,18.616592500000003,-17.30683076923077,66.48552191501042,82.67624321426553
5,5,8,3,5,2,0.729090067735254,13.27913645341138,106,5.361659079413252,73.58490566037736,78,28,9.906438679245284,19.270002602587468,19.65789743589744,-17.25833928571429,64.47402066087238,81.04613223660532
5,5,8,3,5,3,0.729090067735254,13.27913645341138,106,5.361659079413252,73.58490566037736,78,28,10.016678301886794,19.123516339617563,19.69237307692308,-16.93704285714286,64.47402066087238,81.04613223660532
5,5,8,3,5,4,0.729090067735254,13.27913645341138,106,5.361659079413252,72.64150943396226,77,29,9.826585849056604,19.232337232159594,19.826583116883118,-16.72513103448276,63.47527565057559,80.22407113100302
5,5,8,3,7,2,0.729090067735254,13.27913645341138,106,5.361659079413252,72.64150943396226,77,29,9.739214150943397,19.203859462144525,19.70628051948052,-16.72506551724138,63.47527565057559,80.22407113100302
5,5,8,3,7,3,0.729090067735254,13.27913645341138,106,5.361659079413252,73.58490566037736,78,28,9.930473584905661,19.0975040343985,19.575223076923077,-16.93704285714286,64.47402066087238,81.04613223660532
5,5,8,3,7,4,0.729090067735254,13.27913645341138,106,5.361659079413252,73.58490566037736,78,28,10.10945566037736,19.081937384154084,19.763043589743592,-16.782682142857144,64.47402066087238,81.04613223660532
5,5,8,4,3,2,0.729090067735254,13.27913645341138,106,5.361659079413252,73.58490566037736,78,28,9.471141509433965,18.07727786351257,18.825564102564105,-16.587607142857145,64.47402066087238,81.04613223660532
5,5,8,4,3,3,0.729090067735254,13.27913645341138,106,5.361659079413252,76.41509433962264,81,25,10.134488679245285,17.6554320448185,18.520413580246913,-17.035908000000003,67.49861244228657,83.4839588028885
5,5,8,4,3,4,0.729090067735254,13.27913645341138,106,5.361659079413252,75.47169811320755,80,26,9.703661320754716,18.10044734604551,18.57586875,-17.59543846153846,66.48552191501042,82.67624321426553
5,5,8,4,5,2,0.729090067735254,13.27913645341138,106,5.361659079413252,73.58490566037736,78,28,9.86670754716981,19.263426398133937,19.629693589743592,-17.330182142857144,64.47402066087238,81.04613223660532
5,5,8,4,5,3,0.729090067735254,13.27913645341138,106,5.361659079413252,74.52830188679245,79,27,10.13359150943396,19.130137787093048,19.568274683544306,-17.471592592592593,65.47738306120156,81.86357595217527
5,5,8,4,5,4,0.729090067735254,13.27913645341138,106,5.361659079413252,74.52830188679245,79,27,10.154395283018868,19.131321562776538,19.59618860759494,-17.471592592592593,65.47738306120156,81.86357595217527
5,5,8,4,7,2,0.729090067735254,13.27913645341138,106,5.361659079413252,72.64150943396226,77,29,9.591401886792452,19.366854643082394,19.645758441558442,-17.104648275862072,63.47527565057559,80.22407113100302
5,5,8,4,7,3,0.729090067735254,13.27913645341138,106,5.361659079413252,72.64150943396226,77,29,9.694734905660377,19.197529264123162,19.64504935064935,-16.72506551724138,63.47527565057559,80.22407113100302
5,5,8,4,7,4,0.729090067735254,13.27913645341138,106,5.361659079413252,73.58490566037736,78,28,10.016678301886794,19.123516339617563,19.69237307692308,-16.93704285714286,64.47402066087238,81.04613223660532
5,5,10,2,3,2,0.729090067735254,13.27913645341138,106,5.361659079413252,72.64150943396226,77,29,8.984116981132075,19.077332921586347,19.020124675324677,-17.66321379310345,63.47527565057559,80.22407113100302
5,5,10,2,3,3,0.729090067735254,13.27913645341138,106,5.361659079413252,74.52830188679245,79,27,9.9090320754717,19.198838438968856,19.462625316455696,-18.044074074074075,65.47738306120156,81.86357595217527
5,5,10,2,3,4,0.729090067735254,13.27913645341138,106,5.361659079413252,76.41509433962264,81,25,10.199051886792454,18.705686267530577,19.002213580246913,-18.323192000000002,67.49861244228657,83.4839588028885
5,5,10,2,5,2,0.729090067735254,13.27913645341138,106,5.361659079413252,73.58490566037736,78,28,9.546097169811322,19.29096047170901,19.382505128205132,-17.855325,64.47402066087238,81.04613223660532
5,5,10,2,5,3,0.729090067735254,13.27913645341138,106,5.361659079413252,73.58490566037736,78,28,9.666121698113207,19.26044450989795,19.490203846153847,-17.70096428571429,64.47402066087238,81.04613223660532
5,5,10,2,5,4,0.729090067735254,13.27913645341138,106,5.361659079413252,74.52830188679245,79,27,9.95990283018868,19.13315516536155,19.460508860759493,-17.838166666666666,65.47738306120156,81.86357595217527
5,5,10,2,7,2,0.729090067735254,13.27913645341138,106,5.361659079413252,73.58490566037736,78,28,9.556284905660378,19.22379610938481,19.340914102564103,-17.70089642857143,64.47402066087238,81.04613223660532
5,5,10,2,7,3,0.729090067735254,13.27913645341138,106,5.361659079413252,74.52830188679245,79,27,9.820621698113209,19.134571392524578,19.314193670886077,-17.956866666666667,65.47738306120156,81.86357595217527
5,5,10,2,7,4,0.729090067735254,13.27913645341138,106,5.361659079413252,73.58490566037736,78,28,9.661180188679245,19.24979504897412,19.483488461538464,-17.70096428571429,64.47402066087238,81.04613223660532
5,5,10,3,3,2,0.729090067735254,13.27913645341138,106,5.361659079413252,73.58490566037736,78,28,9.204248113207548,18.34653067334131,18.69455,-17.23302142857143,64.47402066087238,81.04613223660532
5,5,10,3,3,3,0.729090067735254,13.27913645341138,106,5.361659079413252,75.47169811320755,80,26,9.790080188679244,17.975664627238046,18.596576250000002,-17.30683076923077,66.48552191501042,82.67624321426553
5,5,10,3,3,4,0.729090067735254,13.27913645341138,106,5.361659079413252,75.47169811320755,80,26,9.820815094339622,17.980261531107054,18.6373,-17.30683076923077,66.48552191501042,82.67624321426553
5,5,10,3,5,2,0.729090067735254,13.27913645341138,106,5.361659079413252,74.52830188679245,79,27,9.991978301886794,18.929273056622947,19.378262025316456,-17.471592592592593,65.47738306120156,81.86357595217527
5,5,10,3,5,3,0.729090067735254,13.27913645341138,106,5.361659079413252,74.52830188679245,79,27,10.102217924528302,18.77962236074896,19.412301265822787,-17.138396296296296,65.47738306120156,81.86357595217527
5,5,10,3,5,4,0.729090067735254,13.27913645341138,106,5.361659079413252,73.58490566037736,78,28,9.912125471698115,18.891293360387007,19.5412,-16.911725,64.47402066087238,81.04613223660532
5,5,10,3,7,2,0.729090067735254,13.27913645341138,106,5.361659079413252,73.58490566037736,78,28,9.824753773584908,18.86270069474815,19.42243974358974,-16.911657142857145,64.47402066087238,81.04613223660532
5,5,10,3,7,3,0.729090067735254,13.27913645341138,106,5.361659079413252,74.52830188679245,79,27,10.01601320754717,18.753529999925604,19.296634177215193,-17.138396296296296,65.47738306120156,81.86357595217527
5,5,10,3,7,4,0.729090067735254,13.27913645341138,106,5.361659079413252,74.52830188679245,79,27,10.194995283018867,18.73685271619686,19.482077215189875,-16.97831851851852,65.47738306120156,81.86357595217527
5,5,10,4,3,2,0.729090067735254,13.27913645341138,106,5.361659079413252,72.64150943396226,77,29,9.135140566037737,18.23222487002081,18.82566103896104,-16.59486206896552,63.47527565057559,80.22407113100302
5,5,10,4,3,3,0.729090067735254,13.27913645341138,106,5.361659079413252,75.47169811320755,80,26,9.798487735849058,17.82667510864228,18.516692499999998,-17.02675769230769,66.48552191501042,82.67624321426553
5,5,10,4,3,4,0.729090067735254,13.27913645341138,106,5.361659079413252,75.47169811320755,80,26,9.843149056603774,17.83425804654917,18.57586875,-17.02675769230769,66.48552191501042,82.67624321426553
5,5,10,4,5,2,0.729090067735254,13.27913645341138,106,5.361659079413252,73.58490566037736,78,28,10.006195283018869,19.012318202768196,19.629693589743592,-16.802121428571432,64.47402066087238,81.04613223660532
5,5,10,4,5,3,0.729090067735254,13.27913645341138,106,5.361659079413252,74.52830188679245,79,27,10.27307924528302,18.875265705001937,19.568274683544306,-16.923974074074074,65.47738306120156,81.86357595217527
5,5,10,4,5,4,0.729090067735254,13.27913645341138,106,5.361659079413252,74.52830188679245,79,27,10.293883018867925,18.876310269841614,19.59618860759494,-16.923974074074074,65.47738306120156,81.86357595217527
5,5,10,4,7,2,0.729090067735254,13.27913645341138,106,5.361659079413252,72.64150943396226,77,29,9.73088962264151,19.11913284126378,19.645758441558442,-16.594796551724137,63.47527565057559,80.22407113100302
5,5,10,4,7,3,0.729090067735254,13.27913645341138,106,5.361659079413252,72.64150943396226,77,29,9.834222641509434,18.946825849158472,19.64504935064935,-16.21521379310345,63.47527565057559,80.22407113100302
5,5,10,4,7,4,0.729090067735254,13.27913645341138,106,5.361659079413252,73.58490566037736,78,28,10.156166037735849,18.86942732087763,19.69237307692308,-16.408982142857145,64.47402066087238,81.04613223660532
5,5,12,2,3,2,0.729090067735254,13.27913645341138,106,5.361659079413252,72.64150943396226,77,29,8.984116981132075,19.077332921586347,19.020124675324677,-17.66321379310345,63.47527565057559,80.22407113100302
5,5,12,2,3,3,0.729090067735254,13.27913645341138,106,5.361659079413252,74.52830188679245,79,27,9.9090320754717,19.198838438968856,19.462625316455696,-18.044074074074075,65.47738306120156,81.86357595217527
5,5,12,2,3,4,0.729090067735254,13.27913645341138,106,5.361659079413252,76.41509433962264,81,25,10.199051886792454,18.705686267530577,19.002213580246913,-18.323192000000002,67.49861244228657,83.4839588028885
5,5,12,2,5,2,0.729090067735254,13.27913645341138,106,5.361659079413252,73.58490566037736,78,28,9.546097169811322,19.29096047170901,19.382505128205132,-17.855325,64.47402066087238,81.04613223660532
5,5,12,2,5,3,0.729090067735254,13.27913645341138,106,5.361659079413252,73.58490566037736,78,28,9.666121698113207,19.26044450989795,19.490203846153847,-17.70096428571429,64.47402066087238,81.04613223660532
5,5,12,2,5,4,0.729090067735254,13.27913645341138,106,5.361659079413252,74.52830188679245,79,27,9.95990283018868,19.13315516536155,19.460508860759493,-17.838166666666666,65.47738306120156,81.86357595217527
5,5,12,2,7,2,0.729090067735254,13.27913645341138,106,5.361659079413252,73.58490566037736,78,28,9.556284905660378,19.22379610938481,19.340914102564103,-17.70089642857143,64.47402066087238,81.04613223660532
5,5,12,2,7,3,0.729090067735254,13.27913645341138,106,5.361659079413252,74.52830188679245,79,27,9.820621698113209,19.134571392524578,19.314193670886077,-17.956866666666667,65.47738306120156,81.86357595217527
5,5,12,2,7,4,0.729090067735254,13.27913645341138,106,5.361659079413252,73.58490566037736,78,28,9.661180188679245,19.24979504897412,19.483488461538464,-17.70096428571429,64.47402066087238,81.04613223660532
5,5,12,3,3,2,0.729090067735254,13.27913645341138,106,5.361659079413252,73.58490566037736,78,28,9.47564433962264,18.15930455803426,18.87381025641026,-16.704960714285715,64.47402066087238,81.04613223660532
5,5,12,3,3,3,0.729090067735254,13.27913645341138,106,5.361659079413252,75.47169811320755,80,26,10.061476415094342,17.775507289936378,18.771355,-16.73815,66.48552191501042,82.67624321426553
5,5,12,3,3,4,0.729090067735254,13.27913645341138,106,5.361659079413252,75.47169811320755,80,26,10.092211320754718,17.779682331054286,18.81207875,-16.73815,66.48552191501042,82.67624321426553
5,5,12,3,5,2,0.729090067735254,13.27913645341138,106,5.361659079413252,74.52830188679245,79,27,10.13146603773585,18.672727304768955,19.378262025316456,-16.923974074074074,65.47738306120156,81.86357595217527
5,5,12,3,5,3,0.729090067735254,13.27913645341138,106,5.361659079413252,74.52830188679245,79,27,10.24170566037736,18.520165644804994,19.412301265822787,-16.590777777777777,65.47738306120156,81.86357595217527
5,5,12,3,5,4,0.729090067735254,13.27913645341138,106,5.361659079413252,73.58490566037736,78,28,10.05161320754717,18.634828159040445,19.5412,-16.383664285714286,64.47402066087238,81.04613223660532
5,5,12,3,7,2,0.729090067735254,13.27913645341138,106,5.361659079413252,73.58490566037736,78,28,9.964241509433963,18.606502623754533,19.42243974358974,-16.38359642857143,64.47402066087238,81.04613223660532
5,5,12,3,7,3,0.729090067735254,13.27913645341138,106,5.361659079413252,74.52830188679245,79,27,10.155500943396229,18.494363600742666,19.296634177215193,-16.590777777777777,65.47738306120156,81.86357595217527
5,5,12,3,7,4,0.729090067735254,13.27913645341138,106,5.361659079413252,74.52830188679245,79,27,10.334483018867925,18.476088333268937,19.482077215189875,-16.430699999999998,65.47738306120156,81.86357595217527
5,5,12,4,3,2,0.729090067735254,13.27913645341138,106,5.361659079413252,72.64150943396226,77,29,9.135140566037737,18.23222487002081,18.82566103896104,-16.59486206896552,63.47527565057559,80.22407113100302
5,5,12,4,3,3,0.729090067735254,13.27913645341138,106,5.361659079413252,75.47169811320755,80,26,9.798487735849058,17.82667510864228,18.516692499999998,-17.02675769230769,66.48552191501042,82.67624321426553
5,5,12,4,3,4,0.729090067735254,13.27913645341138,106,5.361659079413252,75.47169811320755,80,26,9.843149056603774,17.83425804654917,18.57586875,-17.02675769230769,66.48552191501042,82.67624321426553
5,5,12,4,5,2,0.729090067735254,13.27913645341138,106,5.361659079413252,73.58490566037736,78,28,10.006195283018869,19.012318202768196,19.629693589743592,-16.802121428571432,64.47402066087238,81.04613223660532
5,5,12,4,5,3,0.729090067735254,13.27913645341138,106,5.361659079413252,74.52830188679245,79,27,10.27307924528302,18.875265705001937,19.568274683544306,-16.923974074074074,65.47738306120156,81.86357595217527
5,5,12,4,5,4,0.729090067735254,13.27913645341138,106,5.361659079413252,74.52830188679245,79,27,10.293883018867925,18.876310269841614,19.59618860759494,-16.923974074074074,65.47738306120156,81.86357595217527
5,5,12,4,7,2,0.729090067735254,13.27913645341138,106,5.361659079413252,72.64150943396226,77,29,9.73088962264151,19.11913284126378,19.645758441558442,-16.594796551724137,63.47527565057559,80.22407113100302
5,5,12,4,7,3,0.729090067735254,13.27913645341138,106,5.361659079413252,72.64150943396226,77,29,9.834222641509434,18.946825849158472,19.64504935064935,-16.21521379310345,63.47527565057559,80.22407113100302
5,5,12,4,7,4,0.729090067735254,13.27913645341138,106,5.361659079413252,73.58490566037736,78,28,10.156166037735849,18.86942732087763,19.69237307692308,-16.408982142857145,64.47402066087238,81.04613223660532
6,2,8,2,3,2,0.26971488186432285,5.062719664459385,106,5.361659079413252,71.69811320754717,76,30,8.917985849056604,19.190565262631576,19.31832894736842,-17.429550000000003,62.481003350766365,79.39753731491312
6,2,8,2,3,3,0.26971488186432285,5.062719664459385,106,5.361659079413252,72.64150943396226,77,29,9.456931132075471,19.347265511765116,19.62206103896104,-17.533241379310347,63.47527565057559,80.22407113100302
6,2,8,2,3,4,0.26971488186432285,5.062719664459385,106,5.361659079413252,74.52830188679245,79,27,9.798970754716981,18.674810721590507,19.082650632911392,-17.36438888888889,65.47738306120156,81.86357595217527
6,2,8,2,5,2,0.26971488186432285,5.062719664459385,106,5.361659079413252,70.75471698113208,75,31,8.918284905660377,19.492914433818022,19.671187999999997,-17.09680322580645,61.491071950226804,78.56666259955358
6,2,8,2,5,3,0.26971488186432285,5.062719664459385,106,5.361659079413252,70.75471698113208,75,31,8.994166037735848,19.43664931357836,19.720805333333335,-16.95738064516129,61.491071950226804,78.56666259955358
6,2,8,2,5,4,0.26971488186432285,5.062719664459385,106,5.361659079413252,72.64150943396226,77,29,9.478281132075471,19.216099586669078,19.55597012987013,-17.279720689655175,63.47527565057559,80.22407113100302
6,2,8,2,7,2,0.26971488186432285,5.062719664459385,106,5.361659079413252,71.69811320754717,76,30,9.164318867924528,19.312608642394927,19.556644736842102,-17.162906666666668,62.481003350766365,79.39753731491312
6,2,8,2,7,3,0.26971488186432285,5.062719664459385,106,5.361659079413252,73.58490566037736,78,28,9.610025471698112,18.90441542929694,19.21944102564103,-17.15906071428571,64.47402066087238,81.04613223660532
6,2,8,2,7,4,0.26971488186432285,5.062719664459385,106,5.361659079413252,72.64150943396226,77,29,9.406104716981131,19.012177823777314,19.32847272727273,-16.939493103448278,63.47527565057559,80.22407113100302
6,2,8,3,3,2,0.26971488186432285,5.062719664459385,106,5.361659079413252,71.69811320754717,76,30,8.71873962264151,19.07656657979292,19.055127631578944,-17.466776666666668,62.481003350766365,79.39753731491312
6,2,8,3,3,3,0.26971488186432285,5.062719664459385,106,5.361659079413252,72.64150943396226,77,29,9.088300943396225,18.962098053590985,19.114596103896105,-17.533241379310347,63.47527565057559,80.22407113100302
6,2,8,3,3,4,0.26971488186432285,5.062719664459385,106,5.361659079413252,72.64150943396226,77,29,9.092316037735849,18.962834952818515,19.12012337662338,-17.533241379310347,63.47527565057559,80.22407113100302
6,2,8,3,5,2,0.26971488186432285,5.062719664459385,106,5.361659079413252,71.69811320754717,76,30,9.123328301886794,19.56375244676335,19.64623552631579,-17.53470333333333,62.481003350766365,79.39753731491312
6,2,8,3,5,3,0.26971488186432285,5.062719664459385,106,5.361659079413252,71.69811320754717,76,30,9.170187735849057,19.57576331365713,19.711592105263158,-17.53470333333333,62.481003350766365,79.39753731491312
6,2,8,3,5,4,0.26971488186432285,5.062719664459385,106,5.361659079413252,71.69811320754717,76,30,9.200872641509434,19.542800609585267,19.71288157894737,-17.429550000000003,62.481003350766365,79.39753731491312
6,2,8,3,7,2,0.26971488186432285,5.062719664459385,106,5.361659079413252,69.81132075471697,74,32,8.610529245283018,19.746806878147435,19.731994594594596,-17.107859375,60.50536120416237,77.73156722971892
6,2,8,3,7,3,0.26971488186432285,5.062719664459385,106,5.361659079413252,70.75471698113208,75,31,8.995304716981133,19.808465956864588,19.868854666666667,-17.311670967741936,61.491071950226804,78.56666259955358
6,2,8,3,7,4,0.26971488186432285,5.062719664459385,106,5.361659079413252,71.69811320754717,76,30,9.349614150943395,19.652844315261166,19.861218421052634,-17.279783333333338,62.481003350766365,79.39753731491312
6,2,8,4,3,2,0.26971488186432285,5.062719664459385,106,5.361659079413252,72.64150943396226,77,29,9.194228301886794,18.686603595923774,19.05204935064935,-16.979986206896555,63.47527565057559,80.22407113100302
6,2,8,4,3,3,0.26971488186432285,5.062719664459385,106,5.361659079413252,73.58490566037736,78,28,9.493767924528303,18.558471354467223,19.02995512820513,-17.071325,64.47402066087238,81.04613223660532
6,2,8,4,3,4,0.26971488186432285,5.062719664459385,106,5.361659079413252,73.58490566037736,78,28,9.253239622641509,18.841940070970242,18.94624230769231,-17.74869642857143,64.47402066087238,81.04613223660532
6,2,8,4,5,2,0.26971488186432285,5.062719664459385,106,5.361659079413252,72.64150943396226,77,29,9.32229433962264,19.44035660900053,19.498375324675326,-17.696955172413794,63.47527565057559,80.22407113100302
6,2,8,4,5,3,0.26971488186432285,5.062719664459385,106,5.361659079413252,72.64150943396226,77,29,9.34766320754717,19.44397430657938,19.5332987012987,-17.696955172413794,63.47527565057559,80.22407113100302
6,2,8,4,5,4,0.26971488186432285,5.062719664459385,106,5.361659079413252,72.64150943396226,77,29,9.438488679245284,19.44807008448186,19.643827272727275,-17.65844482758621,63.47527565057559,80.22407113100302
6,2,8,4,7,2,0.26971488186432285,5.062719664459385,106,5.361659079413252,69.81132075471697,74,32,8.418943396226416,19.755954306896797,19.55193243243243,-17.32609375,60.50536120416237,77.73156722971892
6,2,8,4,7,3,0.26971488186432285,5.062719664459385,106,5.361659079413252,71.69811320754717,76,30,9.123062264150942,19.64131609615401,19.628378947368418,-17.49040666666667,62.481003350766365,79.39753731491312
6,2,8,4,7,4,0.26971488186432285,5.062719664459385,106,5.361659079413252,71.69811320754717,76,30,9.169921698113209,19.653280201364204,19.693735526315788,-17.49040666666667,62.481003350766365,79.39753731491312
6,2,10,2,3,2,0.26971488186432285,5.062719664459385,106,5.361659079413252,71.69811320754717,76,30,8.917985849056604,19.190565262631576,19.31832894736842,-17.429550000000003,62.481003350766365,79.39753731491312
6,2,10,2,3,3,0.26971488186432285,5.062719664459385,106,5.361659079413252,72.64150943396226,77,29,9.456931132075471,19.347265511765116,19.62206103896104,-17.533241379310347,63.47527565057559,80.22407113100302
6,2,10,2,3,4,0.26971488186432285,5.062719664459385,106,5.361659079413252,74.52830188679245,79,27,9.798970754716981,18.674810721590507,19.082650632911392,-17.36438888888889,65.47738306120156,81.86357595217527
6,2,10,2,5,2,0.26971488186432285,5.062719664459385,106,5.361659079413252,70.75471698113208,75,31,8.918284905660377,19.492914433818022,19.671187999999997,-17.09680322580645,61.491071950226804,78.56666259955358
6,2,10,2,5,3,0.26971488186432285,5.062719664459385,106,5.361659079413252,70.75471698113208,75,31,8.994166037735848,19.43664931357836,19.720805333333335,-16.95738064516129,61.491071950226804,78.56666259955358
6,2,10,2,5,4,0.26971488186432285,5.062719664459385,106,5.361659079413252,72.64150943396226,77,29,9.478281132075471,19.216099586669078,19.55597012987013,-17.279720689655175,63.47527565057559,80.22407113100302
6,2,10,2,7,2,0.26971488186432285,5.062719664459385,106,5.361659079413252,71.69811320754717,76,30,9.164318867924528,19.312608642394927,19.556644736842102,-17.162906666666668,62.481003350766365,79.39753731491312
6,2,10,2,7,3,0.26971488186432285,5.062719664459385,106,5.361659079413252,73.58490566037736,78,28,9.610025471698112,18.90441542929694,19.21944102564103,-17.15906071428571,64.47402066087238,81.04613223660532
6,2,10,2,7,4,0.26971488186432285,5.062719664459385,106,5.361659079413252,72.64150943396226,77,29,9.406104716981131,19.012177823777314,19.32847272727273,-16.939493103448278,63.47527565057559,80.22407113100302
6,2,10,3,3,2,0.26971488186432285,5.062719664459385,106,5.361659079413252,71.69811320754717,76,30,8.718405660377359,19.076311320886862,19.054661842105265,-17.466776666666668,62.481003350766365,79.39753731491312
6,2,10,3,3,3,0.26971488186432285,5.062719664459385,106,5.361659079413252,72.64150943396226,77,29,9.087966981132075,18.961847824567155,19.114136363636366,-17.533241379310347,63.47527565057559,80.22407113100302
6,2,10,3,3,4,0.26971488186432285,5.062719664459385,106,5.361659079413252,72.64150943396226,77,29,9.091982075471698,18.96258480490462,19.119663636363637,-17.533241379310347,63.47527565057559,80.22407113100302
6,2,10,3,5,2,0.26971488186432285,5.062719664459385,106,5.361659079413252,71.69811320754717,76,30,9.1529,19.5410073396191,19.687480263157894,-17.53470333333333,62.481003350766365,79.39753731491312
6,2,10,3,5,3,0.26971488186432285,5.062719664459385,106,5.361659079413252,71.69811320754717,76,30,9.204774528301886,19.553790910979316,19.75983157894737,-17.53470333333333,62.481003350766365,79.39753731491312
6,2,10,3,5,4,0.26971488186432285,5.062719664459385,106,5.361659079413252,71.69811320754717,76,30,9.235459433962264,19.52073621931196,19.76112105263158,-17.429550000000003,62.481003350766365,79.39753731491312
6,2,10,3,7,2,0.26971488186432285,5.062719664459385,106,5.361659079413252,69.81132075471697,74,32,8.426191509433963,19.52755551554737,19.467943243243244,-17.107859375,60.50536120416237,77.73156722971892
6,2,10,3,7,3,0.26971488186432285,5.062719664459385,106,5.361659079413252,70.75471698113208,75,31,8.810966981132076,19.593559513126326,19.608324,-17.311670967741936,61.491071950226804,78.56666259955358
6,2,10,3,7,4,0.26971488186432285,5.062719664459385,106,5.361659079413252,71.69811320754717,76,30,9.165276415094342,19.439609300529888,19.604115789473685,-17.279783333333338,62.481003350766365,79.39753731491312
6,2,10,4,3,2,0.26971488186432285,5.062719664459385,106,5.361659079413252,71.69811320754717,76,30,8.858227358490566,18.831551828250944,19.055127631578944,-16.973920000000003,62.481003350766365,79.39753731491312
6,2,10,4,3,3,0.26971488186432285,5.062719664459385,106,5.361659079413252,72.64150943396226,77,29,9.157766981132076,18.70984386824332,19.032706493506495,-17.0619,63.47527565057559,80.22407113100302
6,2,10,4,3,4,0.26971488186432285,5.062719664459385,106,5.361659079413252,73.58490566037736,78,28,9.392727358490568,18.589785499495264,18.94624230769231,-17.220635714285716,64.47402066087238,81.04613223660532
6,2,10,4,5,2,0.26971488186432285,5.062719664459385,106,5.361659079413252,72.64150943396226,77,29,9.4617820754717,19.19555772359744,19.498375324675326,-17.187103448275863,63.47527565057559,80.22407113100302
6,2,10,4,5,3,0.26971488186432285,5.062719664459385,106,5.361659079413252,72.64150943396226,77,29,9.487150943396225,19.199035480333233,19.5332987012987,-17.187103448275863,63.47527565057559,80.22407113100302
6,2,10,4,5,4,0.26971488186432285,5.062719664459385,106,5.361659079413252,72.64150943396226,77,29,9.577976415094339,19.202517469260325,19.643827272727275,-17.148593103448277,63.47527565057559,80.22407113100302
6,2,10,4,7,2,0.26971488186432285,5.062719664459385,106,5.361659079413252,69.81132075471697,74,32,8.558431132075473,19.52163196784708,19.55193243243243,-16.864040625,60.50536120416237,77.73156722971892
6,2,10,4,7,3,0.26971488186432285,5.062719664459385,106,5.361659079413252,71.69811320754717,76,30,9.262550000000001,19.400499463355747,19.628378947368418,-16.997550000000004,62.481003350766365,79.39753731491312
6,2,10,4,7,4,0.26971488186432285,5.062719664459385,106,5.361659079413252,71.69811320754717,76,30,9.309409433962266,19.41227207150171,19.693735526315788,-16.997550000000004,62.481003350766365,79.39753731491312
6,2,12,2,3,2,0.26971488186432285,5.062719664459385,106,5.361659079413252,72.64150943396226,77,29,9.22351320754717,19.120066284015785,19.33868051948052,-17.634000000000004,63.47527565057559,80.22407113100302
6,2,12,2,3,3,0.26971488186432285,5.062719664459385,106,5.361659079413252,73.58490566037736,78,28,9.762458490566038,19.268714562784673,19.638257692307697,-17.74869642857143,64.47402066087238,81.04613223660532
6,2,12,2,3,4,0.26971488186432285,5.062719664459385,106,5.361659079413252,74.52830188679245,79,27,9.881445283018868,18.70454268240552,19.193312658227846,-17.36438888888889,65.47738306120156,81.86357595217527
6,2,12,2,5,2,0.26971488186432285,5.062719664459385,106,5.361659079413252,70.75471698113208,75,31,8.918284905660377,19.492914433818022,19.671187999999997,-17.09680322580645,61.491071950226804,78.56666259955358
6,2,12,2,5,3,0.26971488186432285,5.062719664459385,106,5.361659079413252,70.75471698113208,75,31,8.994166037735848,19.43664931357836,19.720805333333335,-16.95738064516129,61.491071950226804,78.56666259955358
6,2,12,2,5,4,0.26971488186432285,5.062719664459385,106,5.361659079413252,72.64150943396226,77,29,9.478281132075471,19.216099586669078,19.55597012987013,-17.279720689655175,63.47527565057559,80.22407113100302
6,2,12,2,7,2,0.26971488186432285,5.062719664459385,106,5.361659079413252,71.69811320754717,76,30,9.164318867924528,19.312608642394927,19.556644736842102,-17.162906666666668,62.481003350766365,79.39753731491312
6,2,12,2,7,3,0.26971488186432285,5.062719664459385,106,5.361659079413252,73.58490566037736,78,28,9.610025471698112,18.90441542929694,19.21944102564103,-17.15906071428571,64.47402066087238,81.04613223660532
6,2,12,2,7,4,0.26971488186432285,5.062719664459385,106,5.361659079413252,72.64150943396226,77,29,9.406104716981131,19.012177823777314,19.32847272727273,-16.939493103448278,63.47527565057559,80.22407113100302
6,2,12,3,3,2,0.26971488186432285,5.062719664459385,106,5.361659079413252,71.69811320754717,76,30,8.887799056603773,18.808342048212822,19.096372368421054,-16.973920000000003,62.481003350766365,79.39753731491312
6,2,12,3,3,3,0.26971488186432285,5.062719664459385,106,5.361659079413252,73.58490566037736,78,28,9.485428301886794,18.580321933608275,19.072220512820515,-17.220635714285716,64.47402066087238,81.04613223660532
6,2,12,3,3,4,0.26971488186432285,5.062719664459385,106,5.361659079413252,73.58490566037736,78,28,9.489443396226417,18.580987342744777,19.077676923076925,-17.220635714285716,64.47402066087238,81.04613223660532
6,2,12,3,5,2,0.26971488186432285,5.062719664459385,106,5.361659079413252,71.69811320754717,76,30,9.292387735849058,19.2987213569471,19.687480263157894,-17.041846666666668,62.481003350766365,79.39753731491312
6,2,12,3,5,3,0.26971488186432285,5.062719664459385,106,5.361659079413252,71.69811320754717,76,30,9.344262264150943,19.311287052121088,19.75983157894737,-17.041846666666668,62.481003350766365,79.39753731491312
6,2,12,3,5,4,0.26971488186432285,5.062719664459385,106,5.361659079413252,71.69811320754717,76,30,9.37494716981132,19.27759241451171,19.76112105263158,-16.936693333333338,62.481003350766365,79.39753731491312
6,2,12,3,7,2,0.26971488186432285,5.062719664459385,106,5.361659079413252,69.81132075471697,74,32,8.565679245283018,19.290406092700053,19.467943243243244,-16.64580625,60.50536120416237,77.73156722971892
6,2,12,3,7,3,0.26971488186432285,5.062719664459385,106,5.361659079413252,70.75471698113208,75,31,8.950454716981133,19.354419442873812,19.608324,-16.834712903225803,61.491071950226804,78.56666259955358
6,2,12,3,7,4,0.26971488186432285,5.062719664459385,106,5.361659079413252,71.69811320754717,76,30,9.304764150943397,19.1959527589551,19.604115789473685,-16.78692666666667,62.481003350766365,79.39753731491312
6,2,12,4,3,2,0.26971488186432285,5.062719664459385,106,5.361659079413252,71.69811320754717,76,30,8.858227358490566,18.831551828250944,19.055127631578944,-16.973920000000003,62.481003350766365,79.39753731491312
6,2,12,4,3,3,0.26971488186432285,5.062719664459385,106,5.361659079413252,72.64150943396226,77,29,9.157766981132076,18.70984386824332,19.032706493506495,-17.0619,63.47527565057559,80.22407113100302
6,2,12,4,3,4,0.26971488186432285,5.062719664459385,106,5.361659079413252,73.58490566037736,78,28,9.392727358490568,18.589785499495264,18.94624230769231,-17.220635714285716,64.47402066087238,81.04613223660532
6,2,12,4,5,2,0.26971488186432285,5.062719664459385,106,5.361659079413252,72.64150943396226,77,29,9.4617820754717,19.19555772359744,19.498375324675326,-17.187103448275863,63.47527565057559,80.22407113100302
6,2,12,4,5,3,0.26971488186432285,5.062719664459385,106,5.361659079413252,72.64150943396226,77,29,9.487150943396225,19.199035480333233,19.5332987012987,-17.187103448275863,63.47527565057559,80.22407113100302
6,2,12,4,5,4,0.26971488186432285,5.062719664459385,106,5.361659079413252,72.64150943396226,77,29,9.577976415094339,19.202517469260325,19.643827272727275,-17.148593103448277,63.47527565057559,80.22407113100302
6,2,12,4,7,2,0.26971488186432285,5.062719664459385,106,5.361659079413252,69.81132075471697,74,32,8.558431132075473,19.52163196784708,19.55193243243243,-16.864040625,60.50536120416237,77.73156722971892
6,2,12,4,7,3,0.26971488186432285,5.062719664459385,106,5.361659079413252,71.69811320754717,76,30,9.389443396226417,19.466904999535906,19.805361842105263,-16.997550000000004,62.481003350766365,79.39753731491312
6,2,12,4,7,4,0.26971488186432285,5.062719664459385,106,5.361659079413252,71.69811320754717,76,30,9.441317924528303,19.479101276104178,19.87771315789474,-16.997550000000004,62.481003350766365,79.39753731491312
6,3,8,2,3,2,0.26971488186432285,5.062719664459385,106,5.361659079413252,71.69811320754717,76,30,8.917985849056604,19.190565262631576,19.31832894736842,-17.429550000000003,62.481003350766365,79.39753731491312
6,3,8,2,3,3,0.26971488186432285,5.062719664459385,106,5.361659079413252,72.64150943396226,77,29,9.456931132075471,19.347265511765116,19.62206103896104,-17.533241379310347,63.47527565057559,80.22407113100302
6,3,8,2,3,4,0.26971488186432285,5.062719664459385,106,5.361659079413252,74.52830188679245,79,27,9.798970754716981,18.674810721590507,19.082650632911392,-17.36438888888889,65.47738306120156,81.86357595217527
6,3,8,2,5,2,0.26971488186432285,5.062719664459385,106,5.361659079413252,70.75471698113208,75,31,8.918284905660377,19.492914433818022,19.671187999999997,-17.09680322580645,61.491071950226804,78.56666259955358
6,3,8,2,5,3,0.26971488186432285,5.062719664459385,106,5.361659079413252,70.75471698113208,75,31,8.994166037735848,19.43664931357836,19.720805333333335,-16.95738064516129,61.491071950226804,78.56666259955358
6,3,8,2,5,4,0.26971488186432285,5.062719664459385,106,5.361659079413252,72.64150943396226,77,29,9.478281132075471,19.216099586669078,19.55597012987013,-17.279720689655175,63.47527565057559,80.22407113100302
6,3,8,2,7,2,0.26971488186432285,5.062719664459385,106,5.361659079413252,71.69811320754717,76,30,9.164318867924528,19.312608642394927,19.556644736842102,-17.162906666666668,62.481003350766365,79.39753731491312
6,3,8,2,7,3,0.26971488186432285,5.062719664459385,106,5.361659079413252,73.58490566037736,78,28,9.610025471698112,18.90441542929694,19.21944102564103,-17.15906071428571,64.47402066087238,81.04613223660532
6,3,8,2,7,4,0.26971488186432285,5.062719664459385,106,5.361659079413252,72.64150943396226,77,29,9.406104716981131,19.012177823777314,19.32847272727273,-16.939493103448278,63.47527565057559,80.22407113100302
6,3,8,3,3,2,0.26971488186432285,5.062719664459385,106,5.361659079413252,71.69811320754717,76,30,8.71873962264151,19.07656657979292,19.055127631578944,-17.466776666666668,62.481003350766365,79.39753731491312
6,3,8,3,3,3,0.26971488186432285,5.062719664459385,106,5.361659079413252,72.64150943396226,77,29,9.088300943396225,18.962098053590985,19.114596103896105,-17.533241379310347,63.47527565057559,80.22407113100302
6,3,8,3,3,4,0.26971488186432285,5.062719664459385,106,5.361659079413252,72.64150943396226,77,29,9.092316037735849,18.962834952818515,19.12012337662338,-17.533241379310347,63.47527565057559,80.22407113100302
6,3,8,3,5,2,0.26971488186432285,5.062719664459385,106,5.361659079413252,71.69811320754717,76,30,9.123328301886794,19.56375244676335,19.64623552631579,-17.53470333333333,62.481003350766365,79.39753731491312
6,3,8,3,5,3,0.26971488186432285,5.062719664459385,106,5.361659079413252,71.69811320754717,76,30,9.170187735849057,19.57576331365713,19.711592105263158,-17.53470333333333,62.481003350766365,79.39753731491312
6,3,8,3,5,4,0.26971488186432285,5.062719664459385,106,5.361659079413252,71.69811320754717,76,30,9.200872641509434,19.542800609585267,19.71288157894737,-17.429550000000003,62.481003350766365,79.39753731491312
6,3,8,3,7,2,0.26971488186432285,5.062719664459385,106,5.361659079413252,69.81132075471697,74,32,8.610529245283018,19.746806878147435,19.731994594594596,-17.107859375,60.50536120416237,77.73156722971892
6,3,8,3,7,3,0.26971488186432285,5.062719664459385,106,5.361659079413252,70.75471698113208,75,31,8.995304716981133,19.808465956864588,19.868854666666667,-17.311670967741936,61.491071950226804,78.56666259955358
6,3,8,3,7,4,0.26971488186432285,5.062719664459385,106,5.361659079413252,71.69811320754717,76,30,9.349614150943395,19.652844315261166,19.861218421052634,-17.279783333333338,62.481003350766365,79.39753731491312
6,3,8,4,3,2,0.26971488186432285,5.062719664459385,106,5.361659079413252,72.64150943396226,77,29,9.194228301886794,18.686603595923774,19.05204935064935,-16.979986206896555,63.47527565057559,80.22407113100302
6,3,8,4,3,3,0.26971488186432285,5.062719664459385,106,5.361659079413252,73.58490566037736,78,28,9.493767924528303,18.558471354467223,19.02995512820513,-17.071325,64.47402066087238,81.04613223660532
6,3,8,4,3,4,0.26971488186432285,5.062719664459385,106,5.361659079413252,73.58490566037736,78,28,9.253239622641509,18.841940070970242,18.94624230769231,-17.74869642857143,64.47402066087238,81.04613223660532
6,3,8,4,5,2,0.26971488186432285,5.062719664459385,106,5.361659079413252,72.64150943396226,77,29,9.32229433962264,19.44035660900053,19.498375324675326,-17.696955172413794,63.47527565057559,80.22407113100302
6,3,8,4,5,3,0.26971488186432285,5.062719664459385,106,5.361659079413252,72.64150943396226,77,29,9.34766320754717,19.44397430657938,19.5332987012987,-17.696955172413794,63.47527565057559,80.22407113100302
6,3,8,4,5,4,0.26971488186432285,5.062719664459385,106,5.361659079413252,72.64150943396226,77,29,9.438488679245284,19.44807008448186,19.643827272727275,-17.65844482758621,63.47527565057559,80.22407113100302
6,3,8,4,7,2,0.26971488186432285,5.062719664459385,106,5.361659079413252,69.81132075471697,74,32,8.418943396226416,19.755954306896797,19.55193243243243,-17.32609375,60.50536120416237,77.73156722971892
6,3,8,4,7,3,0.26971488186432285,5.062719664459385,106,5.361659079413252,71.69811320754717,76,30,9.123062264150942,19.64131609615401,19.628378947368418,-17.49040666666667,62.481003350766365,79.39753731491312
6,3,8,4,7,4,0.26971488186432285,5.062719664459385,106,5.361659079413252,71.69811320754717,76,30,9.169921698113209,19.653280201364204,19.693735526315788,-17.49040666666667,62.481003350766365,79.39753731491312
6,3,10,2,3,2,0.26971488186432285,5.062719664459385,106,5.361659079413252,71.69811320754717,76,30,8.917985849056604,19.190565262631576,19.31832894736842,-17.429550000000003,62.481003350766365,79.39753731491312
6,3,10,2,3,3,0.26971488186432285,5.062719664459385,106,5.361659079413252,72.64150943396226,77,29,9.456931132075471,19.347265511765116,19.62206103896104,-17.533241379310347,63.47527565057559,80.22407113100302
6,3,10,2,3,4,0.26971488186432285,5.062719664459385,106,5.361659079413252,74.52830188679245,79,27,9.798970754716981,18.674810721590507,19.082650632911392,-17.36438888888889,65.47738306120156,81.86357595217527
6,3,10,2,5,2,0.26971488186432285,5.062719664459385,106,5.361659079413252,70.75471698113208,75,31,8.918284905660377,19.492914433818022,19.671187999999997,-17.09680322580645,61.491071950226804,78.56666259955358
6,3,10,2,5,3,0.26971488186432285,5.062719664459385,106,5.361659079413252,70.75471698113208,75,31,8.994166037735848,19.43664931357836,19.720805333333335,-16.95738064516129,61.491071950226804,78.56666259955358
6,3,10,2,5,4,0.26971488186432285,5.062719664459385,106,5.361659079413252,72.64150943396226,77,29,9.478281132075471,19.216099586669078,19.55597012987013,-17.279720689655175,63.47527565057559,80.22407113100302
6,3,10,2,7,2,0.26971488186432285,5.062719664459385,106,5.361659079413252,71.69811320754717,76,30,9.164318867924528,19.312608642394927,19.556644736842102,-17.162906666666668,62.481003350766365,79.39753731491312
6,3,10,2,7,3,0.26971488186432285,5.062719664459385,106,5.361659079413252,73.58490566037736,78,28,9.610025471698112,18.90441542929694,19.21944102564103,-17.15906071428571,64.47402066087238,81.04613223660532
6,3,10,2,7,4,0.26971488186432285,5.062719664459385,106,5.361659079413252,72.64150943396226,77,29,9.406104716981131,19.012177823777314,19.32847272727273,-16.939493103448278,63.47527565057559,80.22407113100302
6,3,10,3,3,2,0.26971488186432285,5.062719664459385,106,5.361659079413252,71.69811320754717,76,30,8.718405660377359,19.076311320886862,19.054661842105265,-17.466776666666668,62.481003350766365,79.39753731491312
6,3,10,3,3,3,0.26971488186432285,5.062719664459385,106,5.361659079413252,72.64150943396226,77,29,9.087966981132075,18.961847824567155,19.114136363636366,-17.533241379310347,63.47527565057559,80.22407113100302
6,3,10,3,3,4,0.26971488186432285,5.062719664459385,106,5.361659079413252,72.64150943396226,77,29,9.091982075471698,18.96258480490462,19.119663636363637,-17.533241379310347,63.47527565057559,80.22407113100302
6,3,10,3,5,2,0.26971488186432285,5.062719664459385,106,5.361659079413252,71.69811320754717,76,30,9.1529,19.5410073396191,19.687480263157894,-17.53470333333333,62.481003350766365,79.39753731491312
6,3,10,3,5,3,0.26971488186432285,5.062719664459385,106,5.361659079413252,71.69811320754717,76,30,9.204774528301886,19.553790910979316,19.75983157894737,-17.53470333333333,62.481003350766365,79.39753731491312
6,3,10,3,5,4,0.26971488186432285,5.062719664459385,106,5.361659079413252,71.69811320754717,76,30,9.235459433962264,19.52073621931196,19.76112105263158,-17.429550000000003,62.481003350766365,79.39753731491312
6,3,10,3,7,2,0.26971488186432285,5.062719664459385,106,5.361659079413252,69.81132075471697,74,32,8.426191509433963,19.52755551554737,19.467943243243244,-17.107859375,60.50536120416237,77.73156722971892
6,3,10,3,7,3,0.26971488186432285,5.062719664459385,106,5.361659079413252,70.75471698113208,75,31,8.810966981132076,19.593559513126326,19.608324,-17.311670967741936,61.491071950226804,78.56666259955358
6,3,10,3,7,4,0.26971488186432285,5.062719664459385,106,5.361659079413252,71.69811320754717,76,30,9.165276415094342,19.439609300529888,19.604115789473685,-17.279783333333338,62.481003350766365,79.39753731491312
6,3,10,4,3,2,0.26971488186432285,5.062719664459385,106,5.361659079413252,71.69811320754717,76,30,8.858227358490566,18.831551828250944,19.055127631578944,-16.973920000000003,62.481003350766365,79.39753731491312
6,3,10,4,3,3,0.26971488186432285,5.062719664459385,106,5.361659079413252,72.64150943396226,77,29,9.157766981132076,18.70984386824332,19.032706493506495,-17.0619,63.47527565057559,80.22407113100302
6,3,10,4,3,4,0.26971488186432285,5.062719664459385,106,5.361659079413252,73.58490566037736,78,28,9.392727358490568,18.589785499495264,18.94624230769231,-17.220635714285716,64.47402066087238,81.04613223660532
6,3,10,4,5,2,0.26971488186432285,5.062719664459385,106,5.361659079413252,72.64150943396226,77,29,9.4617820754717,19.19555772359744,19.498375324675326,-17.187103448275863,63.47527565057559,80.22407113100302
6,3,10,4,5,3,0.26971488186432285,5.062719664459385,106,5.361659079413252,72.64150943396226,77,29,9.487150943396225,19.199035480333233,19.5332987012987,-17.187103448275863,63.47527565057559,80.22407113100302
6,3,10,4,5,4,0.26971488186432285,5.062719664459385,106,5.361659079413252,72.64150943396226,77,29,9.577976415094339,19.202517469260325,19.643827272727275,-17.148593103448277,63.47527565057559,80.22407113100302
6,3,10,4,7,2,0.26971488186432285,5.062719664459385,106,5.361659079413252,69.81132075471697,74,32,8.558431132075473,19.52163196784708,19.55193243243243,-16.864040625,60.50536120416237,77.73156722971892
6,3,10,4,7,3,0.26971488186432285,5.062719664459385,106,5.361659079413252,71.69811320754717,76,30,9.262550000000001,19.400499463355747,19.628378947368418,-16.997550000000004,62.481003350766365,79.39753731491312
6,3,10,4,7,4,0.26971488186432285,5.062719664459385,106,5.361659079413252,71.69811320754717,76,30,9.309409433962266,19.41227207150171,19.693735526315788,-16.997550000000004,62.481003350766365,79.39753731491312
6,3,12,2,3,2,0.26971488186432285,5.062719664459385,106,5.361659079413252,72.64150943396226,77,29,9.22351320754717,19.120066284015785,19.33868051948052,-17.634000000000004,63.47527565057559,80.22407113100302
6,3,12,2,3,3,0.26971488186432285,5.062719664459385,106,5.361659079413252,73.58490566037736,78,28,9.762458490566038,19.268714562784673,19.638257692307697,-17.74869642857143,64.47402066087238,81.04613223660532
6,3,12,2,3,4,0.26971488186432285,5.062719664459385,106,5.361659079413252,74.52830188679245,79,27,9.881445283018868,18.70454268240552,19.193312658227846,-17.36438888888889,65.47738306120156,81.86357595217527
6,3,12,2,5,2,0.26971488186432285,5.062719664459385,106,5.361659079413252,70.75471698113208,75,31,8.918284905660377,19.492914433818022,19.671187999999997,-17.09680322580645,61.491071950226804,78.56666259955358
6,3,12,2,5,3,0.26971488186432285,5.062719664459385,106,5.361659079413252,70.75471698113208,75,31,8.994166037735848,19.43664931357836,19.720805333333335,-16.95738064516129,61.491071950226804,78.56666259955358
6,3,12,2,5,4,0.26971488186432285,5.062719664459385,106,5.361659079413252,72.64150943396226,77,29,9.478281132075471,19.216099586669078,19.55597012987013,-17.279720689655175,63.47527565057559,80.22407113100302
6,3,12,2,7,2,0.26971488186432285,5.062719664459385,106,5.361659079413252,71.69811320754717,76,30,9.164318867924528,19.312608642394927,19.556644736842102,-17.162906666666668,62.481003350766365,79.39753731491312
6,3,12,2,7,3,0.26971488186432285,5.062719664459385,106,5.361659079413252,73.58490566037736,78,28,9.610025471698112,18.90441542929694,19.21944102564103,-17.15906071428571,64.47402066087238,81.04613223660532
6,3,12,2,7,4,0.26971488186432285,5.062719664459385,106,5.361659079413252,72.64150943396226,77,29,9.406104716981131,19.012177823777314,19.32847272727273,-16.939493103448278,63.47527565057559,80.22407113100302
6,3,12,3,3,2,0.26971488186432285,5.062719664459385,106,5.361659079413252,71.69811320754717,76,30,8.887799056603773,18.808342048212822,19.096372368421054,-16.973920000000003,62.481003350766365,79.39753731491312
6,3,12,3,3,3,0.26971488186432285,5.062719664459385,106,5.361659079413252,73.58490566037736,78,28,9.485428301886794,18.580321933608275,19.072220512820515,-17.220635714285716,64.47402066087238,81.04613223660532
6,3,12,3,3,4,0.26971488186432285,5.062719664459385,106,5.361659079413252,73.58490566037736,78,28,9.489443396226417,18.580987342744777,19.077676923076925,-17.220635714285716,64.47402066087238,81.04613223660532
6,3,12,3,5,2,0.26971488186432285,5.062719664459385,106,5.361659079413252,71.69811320754717,76,30,9.292387735849058,19.2987213569471,19.687480263157894,-17.041846666666668,62.481003350766365,79.39753731491312
6,3,12,3,5,3,0.26971488186432285,5.062719664459385,106,5.361659079413252,71.69811320754717,76,30,9.344262264150943,19.311287052121088,19.75983157894737,-17.041846666666668,62.481003350766365,79.39753731491312
6,3,12,3,5,4,0.26971488186432285,5.062719664459385,106,5.361659079413252,71.69811320754717,76,30,9.37494716981132,19.27759241451171,19.76112105263158,-16.936693333333338,62.481003350766365,79.39753731491312
6,3,12,3,7,2,0.26971488186432285,5.062719664459385,106,5.361659079413252,69.81132075471697,74,32,8.565679245283018,19.290406092700053,19.467943243243244,-16.64580625,60.50536120416237,77.73156722971892
6,3,12,3,7,3,0.26971488186432285,5.062719664459385,106,5.361659079413252,70.75471698113208,75,31,8.950454716981133,19.354419442873812,19.608324,-16.834712903225803,61.491071950226804,78.56666259955358
6,3,12,3,7,4,0.26971488186432285,5.062719664459385,106,5.361659079413252,71.69811320754717,76,30,9.304764150943397,19.1959527589551,19.604115789473685,-16.78692666666667,62.481003350766365,79.39753731491312
6,3,12,4,3,2,0.26971488186432285,5.062719664459385,106,5.361659079413252,71.69811320754717,76,30,8.858227358490566,18.831551828250944,19.055127631578944,-16.973920000000003,62.481003350766365,79.39753731491312
6,3,12,4,3,3,0.26971488186432285,5.062719664459385,106,5.361659079413252,72.64150943396226,77,29,9.157766981132076,18.70984386824332,19.032706493506495,-17.0619,63.47527565057559,80.22407113100302
6,3,12,4,3,4,0.26971488186432285,5.062719664459385,106,5.361659079413252,73.58490566037736,78,28,9.392727358490568,18.589785499495264,18.94624230769231,-17.220635714285716,64.47402066087238,81.04613223660532
6,3,12,4,5,2,0.26971488186432285,5.062719664459385,106,5.361659079413252,72.64150943396226,77,29,9.4617820754717,19.19555772359744,19.498375324675326,-17.187103448275863,63.47527565057559,80.22407113100302
6,3,12,4,5,3,0.26971488186432285,5.062719664459385,106,5.361659079413252,72.64150943396226,77,29,9.487150943396225,19.199035480333233,19.5332987012987,-17.187103448275863,63.47527565057559,80.22407113100302
6,3,12,4,5,4,0.26971488186432285,5.062719664459385,106,5.361659079413252,72.64150943396226,77,29,9.577976415094339,19.202517469260325,19.643827272727275,-17.148593103448277,63.47527565057559,80.22407113100302
6,3,12,4,7,2,0.26971488186432285,5.062719664459385,106,5.361659079413252,69.81132075471697,74,32,8.558431132075473,19.52163196784708,19.55193243243243,-16.864040625,60.50536120416237,77.73156722971892
6,3,12,4,7,3,0.26971488186432285,5.062719664459385,106,5.361659079413252,71.69811320754717,76,30,9.389443396226417,19.466904999535906,19.805361842105263,-16.997550000000004,62.481003350766365,79.39753731491312
6,3,12,4,7,4,0.26971488186432285,5.062719664459385,106,5.361659079413252,71.69811320754717,76,30,9.441317924528303,19.479101276104178,19.87771315789474,-16.997550000000004,62.481003350766365,79.39753731491312
6,4,8,2,3,2,0.26971488186432285,5.062719664459385,106,5.361659079413252,71.69811320754717,76,30,8.917985849056604,19.190565262631576,19.31832894736842,-17.429550000000003,62.481003350766365,79.39753731491312
6,4,8,2,3,3,0.26971488186432285,5.062719664459385,106,5.361659079413252,72.64150943396226,77,29,9.456931132075471,19.347265511765116,19.62206103896104,-17.533241379310347,63.47527565057559,80.22407113100302
6,4,8,2,3,4,0.26971488186432285,5.062719664459385,106,5.361659079413252,74.52830188679245,79,27,9.798970754716981,18.674810721590507,19.082650632911392,-17.36438888888889,65.47738306120156,81.86357595217527
6,4,8,2,5,2,0.26971488186432285,5.062719664459385,106,5.361659079413252,70.75471698113208,75,31,8.918284905660377,19.492914433818022,19.671187999999997,-17.09680322580645,61.491071950226804,78.56666259955358
6,4,8,2,5,3,0.26971488186432285,5.062719664459385,106,5.361659079413252,70.75471698113208,75,31,8.994166037735848,19.43664931357836,19.720805333333335,-16.95738064516129,61.491071950226804,78.56666259955358
6,4,8,2,5,4,0.26971488186432285,5.062719664459385,106,5.361659079413252,72.64150943396226,77,29,9.478281132075471,19.216099586669078,19.55597012987013,-17.279720689655175,63.47527565057559,80.22407113100302
6,4,8,2,7,2,0.26971488186432285,5.062719664459385,106,5.361659079413252,71.69811320754717,76,30,9.164318867924528,19.312608642394927,19.556644736842102,-17.162906666666668,62.481003350766365,79.39753731491312
6,4,8,2,7,3,0.26971488186432285,5.062719664459385,106,5.361659079413252,73.58490566037736,78,28,9.610025471698112,18.90441542929694,19.21944102564103,-17.15906071428571,64.47402066087238,81.04613223660532
6,4,8,2,7,4,0.26971488186432285,5.062719664459385,106,5.361659079413252,72.64150943396226,77,29,9.406104716981131,19.012177823777314,19.32847272727273,-16.939493103448278,63.47527565057559,80.22407113100302
6,4,8,3,3,2,0.26971488186432285,5.062719664459385,106,5.361659079413252,71.69811320754717,76,30,8.71873962264151,19.07656657979292,19.055127631578944,-17.466776666666668,62.481003350766365,79.39753731491312
6,4,8,3,3,3,0.26971488186432285,5.062719664459385,106,5.361659079413252,72.64150943396226,77,29,9.088300943396225,18.962098053590985,19.114596103896105,-17.533241379310347,63.47527565057559,80.22407113100302
6,4,8,3,3,4,0.26971488186432285,5.062719664459385,106,5.361659079413252,72.64150943396226,77,29,9.092316037735849,18.962834952818515,19.12012337662338,-17.533241379310347,63.47527565057559,80.22407113100302
6,4,8,3,5,2,0.26971488186432285,5.062719664459385,106,5.361659079413252,71.69811320754717,76,30,9.123328301886794,19.56375244676335,19.64623552631579,-17.53470333333333,62.481003350766365,79.39753731491312
6,4,8,3,5,3,0.26971488186432285,5.062719664459385,106,5.361659079413252,71.69811320754717,76,30,9.170187735849057,19.57576331365713,19.711592105263158,-17.53470333333333,62.481003350766365,79.39753731491312
6,4,8,3,5,4,0.26971488186432285,5.062719664459385,106,5.361659079413252,71.69811320754717,76,30,9.200872641509434,19.542800609585267,19.71288157894737,-17.429550000000003,62.481003350766365,79.39753731491312
6,4,8,3,7,2,0.26971488186432285,5.062719664459385,106,5.361659079413252,69.81132075471697,74,32,8.610529245283018,19.746806878147435,19.731994594594596,-17.107859375,60.50536120416237,77.73156722971892
6,4,8,3,7,3,0.26971488186432285,5.062719664459385,106,5.361659079413252,70.75471698113208,75,31,8.995304716981133,19.808465956864588,19.868854666666667,-17.311670967741936,61.491071950226804,78.56666259955358
6,4,8,3,7,4,0.26971488186432285,5.062719664459385,106,5.361659079413252,71.69811320754717,76,30,9.349614150943395,19.652844315261166,19.861218421052634,-17.279783333333338,62.481003350766365,79.39753731491312
6,4,8,4,3,2,0.26971488186432285,5.062719664459385,106,5.361659079413252,72.64150943396226,77,29,9.194228301886794,18.686603595923774,19.05204935064935,-16.979986206896555,63.47527565057559,80.22407113100302
6,4,8,4,3,3,0.26971488186432285,5.062719664459385,106,5.361659079413252,73.58490566037736,78,28,9.493767924528303,18.558471354467223,19.02995512820513,-17.071325,64.47402066087238,81.04613223660532
6,4,8,4,3,4,0.26971488186432285,5.062719664459385,106,5.361659079413252,73.58490566037736,78,28,9.253239622641509,18.841940070970242,18.94624230769231,-17.74869642857143,64.47402066087238,81.04613223660532
6,4,8,4,5,2,0.26971488186432285,5.062719664459385,106,5.361659079413252,72.64150943396226,77,29,9.32229433962264,19.44035660900053,19.498375324675326,-17.696955172413794,63.47527565057559,80.22407113100302
6,4,8,4,5,3,0.26971488186432285,5.062719664459385,106,5.361659079413252,72.64150943396226,77,29,9.34766320754717,19.44397430657938,19.5332987012987,-17.696955172413794,63.47527565057559,80.22407113100302
6,4,8,4,5,4,0.26971488186432285,5.062719664459385,106,5.361659079413252,72.64150943396226,77,29,9.438488679245284,19.44807008448186,19.643827272727275,-17.65844482758621,63.47527565057559,80.22407113100302
6,4,8,4,7,2,0.26971488186432285,5.062719664459385,106,5.361659079413252,69.81132075471697,74,32,8.418943396226416,19.755954306896797,19.55193243243243,-17.32609375,60.50536120416237,77.73156722971892
6,4,8,4,7,3,0.26971488186432285,5.062719664459385,106,5.361659079413252,71.69811320754717,76,30,9.123062264150942,19.64131609615401,19.628378947368418,-17.49040666666667,62.481003350766365,79.39753731491312
6,4,8,4,7,4,0.26971488186432285,5.062719664459385,106,5.361659079413252,71.69811320754717,76,30,9.169921698113209,19.653280201364204,19.693735526315788,-17.49040666666667,62.481003350766365,79.39753731491312
6,4,10,2,3,2,0.26971488186432285,5.062719664459385,106,5.361659079413252,71.69811320754717,76,30,8.917985849056604,19.190565262631576,19.31832894736842,-17.429550000000003,62.481003350766365,79.39753731491312
6,4,10,2,3,3,0.26971488186432285,5.062719664459385,106,5.361659079413252,72.64150943396226,77,29,9.456931132075471,19.347265511765116,19.62206103896104,-17.533241379310347,63.47527565057559,80.22407113100302
6,4,10,2,3,4,0.26971488186432285,5.062719664459385,106,5.361659079413252,74.52830188679245,79,27,9.798970754716981,18.674810721590507,19.082650632911392,-17.36438888888889,65.47738306120156,81.86357595217527
6,4,10,2,5,2,0.26971488186432285,5.062719664459385,106,5.361659079413252,70.75471698113208,75,31,8.918284905660377,19.492914433818022,19.671187999999997,-17.09680322580645,61.491071950226804,78.56666259955358
6,4,10,2,5,3,0.26971488186432285,5.062719664459385,106,5.361659079413252,70.75471698113208,75,31,8.994166037735848,19.43664931357836,19.720805333333335,-16.95738064516129,61.491071950226804,78.56666259955358
6,4,10,2,5,4,0.26971488186432285,5.062719664459385,106,5.361659079413252,72.64150943396226,77,29,9.478281132075471,19.216099586669078,19.55597012987013,-17.279720689655175,63.47527565057559,80.22407113100302
6,4,10,2,7,2,0.26971488186432285,5.062719664459385,106,5.361659079413252,71.69811320754717,76,30,9.164318867924528,19.312608642394927,19.556644736842102,-17.162906666666668,62.481003350766365,79.39753731491312
6,4,10,2,7,3,0.26971488186432285,5.062719664459385,106,5.361659079413252,73.58490566037736,78,28,9.610025471698112,18.90441542929694,19.21944102564103,-17.15906071428571,64.47402066087238,81.04613223660532
6,4,10,2,7,4,0.26971488186432285,5.062719664459385,106,5.361659079413252,72.64150943396226,77,29,9.406104716981131,19.012177823777314,19.32847272727273,-16.939493103448278,63.47527565057559,80.22407113100302
6,4,10,3,3,2,0.26971488186432285,5.062719664459385,106,5.361659079413252,71.69811320754717,76,30,8.718405660377359,19.076311320886862,19.054661842105265,-17.466776666666668,62.481003350766365,79.39753731491312
6,4,10,3,3,3,0.26971488186432285,5.062719664459385,106,5.361659079413252,72.64150943396226,77,29,9.087966981132075,18.961847824567155,19.114136363636366,-17.533241379310347,63.47527565057559,80.22407113100302
6,4,10,3,3,4,0.26971488186432285,5.062719664459385,106,5.361659079413252,72.64150943396226,77,29,9.091982075471698,18.96258480490462,19.119663636363637,-17.533241379310347,63.47527565057559,80.22407113100302
6,4,10,3,5,2,0.26971488186432285,5.062719664459385,106,5.361659079413252,71.69811320754717,76,30,9.1529,19.5410073396191,19.687480263157894,-17.53470333333333,62.481003350766365,79.39753731491312
6,4,10,3,5,3,0.26971488186432285,5.062719664459385,106,5.361659079413252,71.69811320754717,76,30,9.204774528301886,19.553790910979316,19.75983157894737,-17.53470333333333,62.481003350766365,79.39753731491312
6,4,10,3,5,4,0.26971488186432285,5.062719664459385,106,5.361659079413252,71.69811320754717,76,30,9.235459433962264,19.52073621931196,19.76112105263158,-17.429550000000003,62.481003350766365,79.39753731491312
6,4,10,3,7,2,0.26971488186432285,5.062719664459385,106,5.361659079413252,69.81132075471697,74,32,8.426191509433963,19.52755551554737,19.467943243243244,-17.107859375,60.50536120416237,77.73156722971892
6,4,10,3,7,3,0.26971488186432285,5.062719664459385,106,5.361659079413252,70.75471698113208,75,31,8.810966981132076,19.593559513126326,19.608324,-17.311670967741936,61.491071950226804,78.56666259955358
6,4,10,3,7,4,0.26971488186432285,5.062719664459385,106,5.361659079413252,71.69811320754717,76,30,9.165276415094342,19.439609300529888,19.604115789473685,-17.279783333333338,62.481003350766365,79.39753731491312
6,4,10,4,3,2,0.26971488186432285,5.062719664459385,106,5.361659079413252,71.69811320754717,76,30,8.858227358490566,18.831551828250944,19.055127631578944,-16.973920000000003,62.481003350766365,79.39753731491312
6,4,10,4,3,3,0.26971488186432285,5.062719664459385,106,5.361659079413252,72.64150943396226,77,29,9.157766981132076,18.70984386824332,19.032706493506495,-17.0619,63.47527565057559,80.22407113100302
6,4,10,4,3,4,0.26971488186432285,5.062719664459385,106,5.361659079413252,73.58490566037736,78,28,9.392727358490568,18.589785499495264,18.94624230769231,-17.220635714285716,64.47402066087238,81.04613223660532
6,4,10,4,5,2,0.26971488186432285,5.062719664459385,106,5.361659079413252,72.64150943396226,77,29,9.4617820754717,19.19555772359744,19.498375324675326,-17.187103448275863,63.47527565057559,80.22407113100302
6,4,10,4,5,3,0.26971488186432285,5.062719664459385,106,5.361659079413252,72.64150943396226,77,29,9.487150943396225,19.199035480333233,19.5332987012987,-17.187103448275863,63.47527565057559,80.22407113100302
6,4,10,4,5,4,0.26971488186432285,5.062719664459385,106,5.361659079413252,72.64150943396226,77,29,9.577976415094339,19.202517469260325,19.643827272727275,-17.148593103448277,63.47527565057559,80.22407113100302
6,4,10,4,7,2,0.26971488186432285,5.062719664459385,106,5.361659079413252,69.81132075471697,74,32,8.558431132075473,19.52163196784708,19.55193243243243,-16.864040625,60.50536120416237,77.73156722971892
6,4,10,4,7,3,0.26971488186432285,5.062719664459385,106,5.361659079413252,71.69811320754717,76,30,9.262550000000001,19.400499463355747,19.628378947368418,-16.997550000000004,62.481003350766365,79.39753731491312
6,4,10,4,7,4,0.26971488186432285,5.062719664459385,106,5.361659079413252,71.69811320754717,76,30,9.309409433962266,19.41227207150171,19.693735526315788,-16.997550000000004,62.481003350766365,79.39753731491312
6,4,12,2,3,2,0.26971488186432285,5.062719664459385,106,5.361659079413252,72.64150943396226,77,29,9.22351320754717,19.120066284015785,19.33868051948052,-17.634000000000004,63.47527565057559,80.22407113100302
6,4,12,2,3,3,0.26971488186432285,5.062719664459385,106,5.361659079413252,73.58490566037736,78,28,9.762458490566038,19.268714562784673,19.638257692307697,-17.74869642857143,64.47402066087238,81.04613223660532
6,4,12,2,3,4,0.26971488186432285,5.062719664459385,106,5.361659079413252,74.52830188679245,79,27,9.881445283018868,18.70454268240552,19.193312658227846,-17.36438888888889,65.47738306120156,81.86357595217527
6,4,12,2,5,2,0.26971488186432285,5.062719664459385,106,5.361659079413252,70.75471698113208,75,31,8.918284905660377,19.492914433818022,19.671187999999997,-17.09680322580645,61.491071950226804,78.56666259955358
6,4,12,2,5,3,0.26971488186432285,5.062719664459385,106,5.361659079413252,70.75471698113208,75,31,8.994166037735848,19.43664931357836,19.720805333333335,-16.95738064516129,61.491071950226804,78.56666259955358
6,4,12,2,5,4,0.26971488186432285,5.062719664459385,106,5.361659079413252,72.64150943396226,77,29,9.478281132075471,19.216099586669078,19.55597012987013,-17.279720689655175,63.47527565057559,80.22407113100302
6,4,12,2,7,2,0.26971488186432285,5.062719664459385,106,5.361659079413252,71.69811320754717,76,30,9.164318867924528,19.312608642394927,19.556644736842102,-17.162906666666668,62.481003350766365,79.39753731491312
6,4,12,2,7,3,0.26971488186432285,5.062719664459385,106,5.361659079413252,73.58490566037736,78,28,9.610025471698112,18.90441542929694,19.21944102564103,-17.15906071428571,64.47402066087238,81.04613223660532
6,4,12,2,7,4,0.26971488186432285,5.062719664459385,106,5.361659079413252,72.64150943396226,77,29,9.406104716981131,19.012177823777314,19.32847272727273,-16.939493103448278,63.47527565057559,80.22407113100302
6,4,12,3,3,2,0.26971488186432285,5.062719664459385,106,5.361659079413252,71.69811320754717,76,30,8.887799056603773,18.808342048212822,19.096372368421054,-16.973920000000003,62.481003350766365,79.39753731491312
6,4,12,3,3,3,0.26971488186432285,5.062719664459385,106,5.361659079413252,73.58490566037736,78,28,9.485428301886794,18.580321933608275,19.072220512820515,-17.220635714285716,64.47402066087238,81.04613223660532
6,4,12,3,3,4,0.26971488186432285,5.062719664459385,106,5.361659079413252,73.58490566037736,78,28,9.489443396226417,18.580987342744777,19.077676923076925,-17.220635714285716,64.47402066087238,81.04613223660532
6,4,12,3,5,2,0.26971488186432285,5.062719664459385,106,5.361659079413252,71.69811320754717,76,30,9.292387735849058,19.2987213569471,19.687480263157894,-17.041846666666668,62.481003350766365,79.39753731491312
6,4,12,3,5,3,0.26971488186432285,5.062719664459385,106,5.361659079413252,71.69811320754717,76,30,9.344262264150943,19.311287052121088,19.75983157894737,-17.041846666666668,62.481003350766365,79.39753731491312
6,4,12,3,5,4,0.26971488186432285,5.062719664459385,106,5.361659079413252,71.69811320754717,76,30,9.37494716981132,19.27759241451171,19.76112105263158,-16.936693333333338,62.481003350766365,79.39753731491312
6,4,12,3,7,2,0.26971488186432285,5.062719664459385,106,5.361659079413252,69.81132075471697,74,32,8.565679245283018,19.290406092700053,19.467943243243244,-16.64580625,60.50536120416237,77.73156722971892
6,4,12,3,7,3,0.26971488186432285,5.062719664459385,106,5.361659079413252,70.75471698113208,75,31,8.950454716981133,19.354419442873812,19.608324,-16.834712903225803,61.491071950226804,78.56666259955358
6,4,12,3,7,4,0.26971488186432285,5.062719664459385,106,5.361659079413252,71.69811320754717,76,30,9.304764150943397,19.1959527589551,19.604115789473685,-16.78692666666667,62.481003350766365,79.39753731491312
6,4,12,4,3,2,0.26971488186432285,5.062719664459385,106,5.361659079413252,71.69811320754717,76,30,8.858227358490566,18.831551828250944,19.055127631578944,-16.973920000000003,62.481003350766365,79.39753731491312
6,4,12,4,3,3,0.26971488186432285,5.062719664459385,106,5.361659079413252,72.64150943396226,77,29,9.157766981132076,18.70984386824332,19.032706493506495,-17.0619,63.47527565057559,80.22407113100302
6,4,12,4,3,4,0.26971488186432285,5.062719664459385,106,5.361659079413252,73.58490566037736,78,28,9.392727358490568,18.589785499495264,18.94624230769231,-17.220635714285716,64.47402066087238,81.04613223660532
6,4,12,4,5,2,0.26971488186432285,5.062719664459385,106,5.361659079413252,72.64150943396226,77,29,9.4617820754717,19.19555772359744,19.498375324675326,-17.187103448275863,63.47527565057559,80.22407113100302
6,4,12,4,5,3,0.26971488186432285,5.062719664459385,106,5.361659079413252,72.64150943396226,77,29,9.487150943396225,19.199035480333233,19.5332987012987,-17.187103448275863,63.47527565057559,80.22407113100302
6,4,12,4,5,4,0.26971488186432285,5.062719664459385,106,5.361659079413252,72.64150943396226,77,29,9.577976415094339,19.202517469260325,19.643827272727275,-17.148593103448277,63.47527565057559,80.22407113100302
6,4,12,4,7,2,0.26971488186432285,5.062719664459385,106,5.361659079413252,69.81132075471697,74,32,8.558431132075473,19.52163196784708,19.55193243243243,-16.864040625,60.50536120416237,77.73156722971892
6,4,12,4,7,3,0.26971488186432285,5.062719664459385,106,5.361659079413252,71.69811320754717,76,30,9.389443396226417,19.466904999535906,19.805361842105263,-16.997550000000004,62.481003350766365,79.39753731491312
6,4,12,4,7,4,0.26971488186432285,5.062719664459385,106,5.361659079413252,71.69811320754717,76,30,9.441317924528303,19.479101276104178,19.87771315789474,-16.997550000000004,62.481003350766365,79.39753731491312
6,5,8,2,3,2,0.5468366033079772,9.571674939459612,112,5.665149215983814,72.32142857142857,81,31,9.17304464285714,18.965063704093676,19.270224691358028,-17.209909677419354,63.40021985730062,79.76222000578224
6,5,8,2,3,3,0.5468366033079772,9.571674939459612,112,5.665149215983814,74.10714285714286,83,29,10.048410714285714,19.073097212265573,19.685373493975902,-17.533241379310347,65.29082362210106,81.32461143002845
6,5,8,2,3,4,0.5468366033079772,9.571674939459612,112,5.665149215983814,75.89285714285714,85,27,10.372126785714284,18.417832748308946,19.182549411764704,-17.36438888888889,67.19789337053857,82.87053687063755
6,5,8,2,5,2,0.5468366033079772,9.571674939459612,112,5.665149215983814,72.32142857142857,81,31,9.41121517857143,19.11994293554288,19.55625925925926,-17.09680322580645,63.40021985730062,79.76222000578224
6,5,8,2,5,3,0.5468366033079772,9.571674939459612,112,5.665149215983814,72.32142857142857,81,31,9.549895535714285,19.099869276093326,19.694655555555556,-16.95738064516129,63.40021985730062,79.76222000578224
6,5,8,2,5,4,0.5468366033079772,9.571674939459612,112,5.665149215983814,73.21428571428571,82,30,9.784133928571427,18.969545051797414,19.604336585365857,-17.057753333333338,64.34352838771962,80.54540906988655
6,5,8,2,7,2,0.5468366033079772,9.571674939459612,112,5.665149215983814,72.32142857142857,81,31,9.363382142857144,19.00832553638894,19.436737037037037,-16.957319354838706,63.40021985730062,79.76222000578224
6,5,8,2,7,3,0.5468366033079772,9.571674939459612,112,5.665149215983814,75.0,84,28,10.1327625,18.570605169131408,19.230036904761906,-17.15906071428571,66.24223233941834,82.09970030723447
6,5,8,2,7,4,0.5468366033079772,9.571674939459612,112,5.665149215983814,74.10714285714286,83,29,9.981862500000002,18.685487607617763,19.388119277108434,-16.939493103448278,65.29082362210106,81.32461143002845
6,5,8,3,3,2,0.5468366033079772,9.571674939459612,112,5.665149215983814,72.32142857142857,81,31,8.877573214285714,18.75948287948211,18.875459259259262,-17.24593548387097,63.40021985730062,79.76222000578224
6,5,8,3,3,3,0.5468366033079772,9.571674939459612,112,5.665149215983814,74.10714285714286,83,29,9.431293749999998,18.552196796102397,18.85263734939759,-17.533241379310347,65.29082362210106,81.32461143002845
6,5,8,3,3,4,0.5468366033079772,9.571674939459612,112,5.665149215983814,74.10714285714286,83,29,9.460382142857144,18.556978928034976,18.891889156626508,-17.533241379310347,65.29082362210106,81.32461143002845
6,5,8,3,5,2,0.5468366033079772,9.571674939459612,112,5.665149215983814,72.32142857142857,81,31,9.449741071428573,19.437350193041915,19.69176296296296,-17.311670967741936,63.40021985730062,79.76222000578224
6,5,8,3,5,3,0.5468366033079772,9.571674939459612,112,5.665149215983814,72.32142857142857,81,31,9.494090178571428,19.448037703828692,19.753085185185185,-17.311670967741936,63.40021985730062,79.76222000578224
6,5,8,3,5,4,0.5468366033079772,9.571674939459612,112,5.665149215983814,72.32142857142857,81,31,9.548419642857143,19.42000628767417,19.78926172839506,-17.209909677419354,63.40021985730062,79.76222000578224
6,5,8,3,7,2,0.5468366033079772,9.571674939459612,112,5.665149215983814,71.42857142857143,80,32,9.14809732142857,19.426767665387562,19.650479999999998,-17.107859375,62.460782067641276,78.97516020091828
6,5,8,3,7,3,0.5468366033079772,9.571674939459612,112,5.665149215983814,72.32142857142857,81,31,9.512259821428573,19.476111816872642,19.77820864197531,-17.311670967741936,63.40021985730062,79.76222000578224
6,5,8,3,7,4,0.5468366033079772,9.571674939459612,112,5.665149215983814,73.21428571428571,82,30,9.925251785714286,19.342312649490168,19.878313414634146,-17.279783333333338,64.34352838771962,80.54540906988655
6,5,8,4,3,2,0.5468366033079772,9.571674939459612,112,5.665149215983814,72.32142857142857,81,31,9.182482142857141,18.53232088653442,19.073955555555557,-16.66298064516129,63.40021985730062,79.76222000578224
6,5,8,4,3,3,0.5468366033079772,9.571674939459612,112,5.665149215983814,75.0,84,28,9.815039285714287,18.15491967773775,18.777160714285714,-17.071325,66.24223233941834,82.09970030723447
6,5,8,4,3,4,0.5468366033079772,9.571674939459612,112,5.665149215983814,75.0,84,28,9.587396428571427,18.433134026929928,18.69942738095238,-17.74869642857143,66.24223233941834,82.09970030723447
6,5,8,4,5,2,0.5468366033079772,9.571674939459612,112,5.665149215983814,72.32142857142857,81,31,9.404725,19.437822189864143,19.637946913580247,-17.3336935483871,63.40021985730062,79.76222000578224
6,5,8,4,5,3,0.5468366033079772,9.571674939459612,112,5.665149215983814,73.21428571428571,82,30,9.662058035714285,19.319771862536975,19.585157317073172,-17.461080000000003,64.34352838771962,80.54540906988655
6,5,8,4,5,4,0.5468366033079772,9.571674939459612,112,5.665149215983814,73.21428571428571,82,30,9.748017857142857,19.322270880609302,19.688946341463417,-17.423853333333334,64.34352838771962,80.54540906988655
6,5,8,4,7,2,0.5468366033079772,9.571674939459612,112,5.665149215983814,69.64285714285714,78,34,8.467413392857143,19.621696377015954,19.575873076923077,-17.016699999999997,60.59310267363951,77.3898444058734
6,5,8,4,7,3,0.5468366033079772,9.571674939459612,112,5.665149215983814,71.42857142857143,80,32,9.180919642857143,19.487283244609717,19.67982,-17.066331249999998,62.460782067641276,78.97516020091828
6,5,8,4,7,4,0.5468366033079772,9.571674939459612,112,5.665149215983814,72.32142857142857,81,31,9.505955357142858,19.43400834821601,19.753085185185185,-17.26880322580645,63.40021985730062,79.76222000578224
6,5,10,2,3,2,0.5468366033079772,9.571674939459612,112,5.665149215983814,71.42857142857143,80,32,8.553305357142857,19.336330942693767,19.108622500000003,-17.8349875,62.460782067641276,78.97516020091828
6,5,10,2,3,3,0.5468366033079772,9.571674939459612,112,5.665149215983814,73.21428571428571,82,30,9.428671428571429,19.47043560204575,19.532775609756097,-18.18921333333333,64.34352838771962,80.54540906988655
6,5,10,2,3,4,0.5468366033079772,9.571674939459612,112,5.665149215983814,75.0,84,28,9.752387500000001,18.839751652033335,19.02759880952381,-18.07324642857143,66.24223233941834,82.09970030723447
6,5,10,2,5,2,0.5468366033079772,9.571674939459612,112,5.665149215983814,71.42857142857143,80,32,8.872001785714287,19.574332312058043,19.51096875,-17.725415625,62.460782067641276,78.97516020091828
6,5,10,2,5,3,0.5468366033079772,9.571674939459612,112,5.665149215983814,71.42857142857143,80,32,9.010682142857144,19.558583229287738,19.651095,-17.59035,62.460782067641276,78.97516020091828
6,5,10,2,5,4,0.5468366033079772,9.571674939459612,112,5.665149215983814,72.32142857142857,81,31,9.244920535714286,19.437893295281867,19.5601987654321,-17.707903225806454,63.40021985730062,79.76222000578224
6,5,10,2,7,2,0.5468366033079772,9.571674939459612,112,5.665149215983814,71.42857142857143,80,32,8.82416875,19.463983614622055,19.3899525,-17.590290625,62.460782067641276,78.97516020091828
6,5,10,2,7,3,0.5468366033079772,9.571674939459612,112,5.665149215983814,74.10714285714286,83,29,9.593549107142858,19.058719530563533,19.182453012048192,-17.850555172413795,65.29082362210106,81.32461143002845
6,5,10,2,7,4,0.5468366033079772,9.571674939459612,112,5.665149215983814,73.21428571428571,82,30,9.442649107142858,19.166394033617568,19.341882926829268,-17.615256666666667,64.34352838771962,80.54540906988655
6,5,10,3,3,2,0.5468366033079772,9.571674939459612,112,5.665149215983814,72.32142857142857,81,31,8.892364285714285,18.76914015665007,18.89591111111111,-17.24593548387097,63.40021985730062,79.76222000578224
6,5,10,3,3,3,0.5468366033079772,9.571674939459612,112,5.665149215983814,74.10714285714286,83,29,9.446084821428572,18.56151670704697,18.872596385542167,-17.533241379310347,65.29082362210106,81.32461143002845
6,5,10,3,3,4,0.5468366033079772,9.571674939459612,112,5.665149215983814,74.10714285714286,83,29,9.475173214285714,18.566273056027907,18.91184819277108,-17.533241379310347,65.29082362210106,81.32461143002845
6,5,10,3,5,2,0.5468366033079772,9.571674939459612,112,5.665149215983814,72.32142857142857,81,31,9.314848214285714,19.220359463508565,19.505244444444443,-17.311670967741936,63.40021985730062,79.76222000578224
6,5,10,3,5,3,0.5468366033079772,9.571674939459612,112,5.665149215983814,72.32142857142857,81,31,9.36394375,19.23224029929614,19.57312962962963,-17.311670967741936,63.40021985730062,79.76222000578224
6,5,10,3,5,4,0.5468366033079772,9.571674939459612,112,5.665149215983814,72.32142857142857,81,31,9.418273214285714,19.204265400859867,19.609306172839506,-17.209909677419354,63.40021985730062,79.76222000578224
6,5,10,3,7,2,0.5468366033079772,9.571674939459612,112,5.665149215983814,71.42857142857143,80,32,8.89310892857143,19.14149859933145,19.293496249999997,-17.107859375,62.460782067641276,78.97516020091828
6,5,10,3,7,3,0.5468366033079772,9.571674939459612,112,5.665149215983814,72.32142857142857,81,31,9.257271428571428,19.196457634957234,19.425632098765433,-17.311670967741936,63.40021985730062,79.76222000578224
6,5,10,3,7,4,0.5468366033079772,9.571674939459612,112,5.665149215983814,73.21428571428571,82,30,9.670263392857143,19.06626934187063,19.530036585365853,-17.279783333333338,64.34352838771962,80.54540906988655
6,5,10,4,3,2,0.5468366033079772,9.571674939459612,112,5.665149215983814,71.42857142857143,80,32,8.864481249999999,18.67054871279504,19.07715375,-16.6672,62.460782067641276,78.97516020091828
6,5,10,4,3,3,0.5468366033079772,9.571674939459612,112,5.665149215983814,74.10714285714286,83,29,9.497038392857144,18.30708912319347,18.776667469879516,-17.0619,65.29082362210106,81.32461143002845
6,5,10,4,3,4,0.5468366033079772,9.571674939459612,112,5.665149215983814,75.0,84,28,9.719411607142858,18.186918812190683,18.69942738095238,-17.220635714285716,66.24223233941834,82.09970030723447
6,5,10,4,5,2,0.5468366033079772,9.571674939459612,112,5.665149215983814,72.32142857142857,81,31,9.53674017857143,19.20575910047526,19.637946913580247,-16.856735483870967,63.40021985730062,79.76222000578224
6,5,10,4,5,3,0.5468366033079772,9.571674939459612,112,5.665149215983814,73.21428571428571,82,30,9.794073214285715,19.084477465263724,19.585157317073172,-16.968223333333334,64.34352838771962,80.54540906988655
6,5,10,4,5,4,0.5468366033079772,9.571674939459612,112,5.665149215983814,73.21428571428571,82,30,9.880033035714286,19.086407383645685,19.688946341463417,-16.93099666666667,64.34352838771962,80.54540906988655
6,5,10,4,7,2,0.5468366033079772,9.571674939459612,112,5.665149215983814,69.64285714285714,78,34,8.599428571428572,19.398271265989298,19.575873076923077,-16.58182647058823,60.59310267363951,77.3898444058734
6,5,10,4,7,3,0.5468366033079772,9.571674939459612,112,5.665149215983814,71.42857142857143,80,32,9.312934821428572,19.257364387676926,19.67982,-16.604278125,62.460782067641276,78.97516020091828
6,5,10,4,7,4,0.5468366033079772,9.571674939459612,112,5.665149215983814,72.32142857142857,81,31,9.637970535714286,19.201196914258105,19.753085185185185,-16.791845161290325,63.40021985730062,79.76222000578224
6,5,12,2,3,2,0.5468366033079772,9.571674939459612,112,5.665149215983814,72.32142857142857,81,31,8.842465178571429,19.275798395036038,19.130558024691357,-18.03932580645161,63.40021985730062,79.76222000578224
6,5,12,2,3,3,0.5468366033079772,9.571674939459612,112,5.665149215983814,74.10714285714286,83,29,9.71783125,19.397158808625367,19.549072289156626,-18.41985862068966,65.29082362210106,81.32461143002845
6,5,12,2,3,4,0.5468366033079772,9.571674939459612,112,5.665149215983814,75.0,84,28,9.83044375,18.867835485638352,19.131673809523807,-18.07324642857143,66.24223233941834,82.09970030723447
6,5,12,2,5,2,0.5468366033079772,9.571674939459612,112,5.665149215983814,71.42857142857143,80,32,8.872001785714287,19.574332312058043,19.51096875,-17.725415625,62.460782067641276,78.97516020091828
6,5,12,2,5,3,0.5468366033079772,9.571674939459612,112,5.665149215983814,71.42857142857143,80,32,9.010682142857144,19.558583229287738,19.651095,-17.59035,62.460782067641276,78.97516020091828
6,5,12,2,5,4,0.5468366033079772,9.571674939459612,112,5.665149215983814,72.32142857142857,81,31,9.244920535714286,19.437893295281867,19.5601987654321,-17.707903225806454,63.40021985730062,79.76222000578224
6,5,12,2,7,2,0.5468366033079772,9.571674939459612,112,5.665149215983814,71.42857142857143,80,32,8.82416875,19.463983614622055,19.3899525,-17.590290625,62.460782067641276,78.97516020091828
6,5,12,2,7,3,0.5468366033079772,9.571674939459612,112,5.665149215983814,74.10714285714286,83,29,9.593549107142858,19.058719530563533,19.182453012048192,-17.850555172413795,65.29082362210106,81.32461143002845
6,5,12,2,7,4,0.5468366033079772,9.571674939459612,112,5.665149215983814,73.21428571428571,82,30,9.442649107142858,19.166394033617568,19.341882926829268,-17.615256666666667,64.34352838771962,80.54540906988655
6,5,12,3,3,2,0.5468366033079772,9.571674939459612,112,5.665149215983814,72.32142857142857,81,31,9.144475,18.599715405405323,19.06196913580247,-16.768977419354844,63.40021985730062,79.76222000578224
6,5,12,3,3,3,0.5468366033079772,9.571674939459612,112,5.665149215983814,75.0,84,28,9.914045535714285,18.272965678103077,18.958939285714287,-17.220635714285716,66.24223233941834,82.09970030723447
6,5,12,3,3,4,0.5468366033079772,9.571674939459612,112,5.665149215983814,75.0,84,28,9.943133928571427,18.277045649738422,18.99772380952381,-17.220635714285716,66.24223233941834,82.09970030723447
6,5,12,3,5,2,0.5468366033079772,9.571674939459612,112,5.665149215983814,72.32142857142857,81,31,9.446863392857143,18.98626906563298,19.505244444444443,-16.834712903225803,63.40021985730062,79.76222000578224
6,5,12,3,5,3,0.5468366033079772,9.571674939459612,112,5.665149215983814,72.32142857142857,81,31,9.49595892857143,18.997952062340367,19.57312962962963,-16.834712903225803,63.40021985730062,79.76222000578224
6,5,12,3,5,4,0.5468366033079772,9.571674939459612,112,5.665149215983814,72.32142857142857,81,31,9.550288392857142,18.96925015284039,19.609306172839506,-16.73295161290323,63.40021985730062,79.76222000578224
6,5,12,3,7,2,0.5468366033079772,9.571674939459612,112,5.665149215983814,71.42857142857143,80,32,9.025124107142858,18.909402922871564,19.293496249999997,-16.64580625,62.460782067641276,78.97516020091828
6,5,12,3,7,3,0.5468366033079772,9.571674939459612,112,5.665149215983814,72.32142857142857,81,31,9.389286607142859,18.96247662704586,19.425632098765433,-16.834712903225803,63.40021985730062,79.76222000578224
6,5,12,3,7,4,0.5468366033079772,9.571674939459612,112,5.665149215983814,73.21428571428571,82,30,9.802278571428571,18.82774909375453,19.530036585365853,-16.78692666666667,64.34352838771962,80.54540906988655
6,5,12,4,3,2,0.5468366033079772,9.571674939459612,112,5.665149215983814,71.42857142857143,80,32,8.864481249999999,18.67054871279504,19.07715375,-16.6672,62.460782067641276,78.97516020091828
6,5,12,4,3,3,0.5468366033079772,9.571674939459612,112,5.665149215983814,74.10714285714286,83,29,9.497038392857144,18.30708912319347,18.776667469879516,-17.0619,65.29082362210106,81.32461143002845
6,5,12,4,3,4,0.5468366033079772,9.571674939459612,112,5.665149215983814,75.0,84,28,9.719411607142858,18.186918812190683,18.69942738095238,-17.220635714285716,66.24223233941834,82.09970030723447
6,5,12,4,5,2,0.5468366033079772,9.571674939459612,112,5.665149215983814,72.32142857142857,81,31,9.53674017857143,19.20575910047526,19.637946913580247,-16.856735483870967,63.40021985730062,79.76222000578224
6,5,12,4,5,3,0.5468366033079772,9.571674939459612,112,5.665149215983814,73.21428571428571,82,30,9.794073214285715,19.084477465263724,19.585157317073172,-16.968223333333334,64.34352838771962,80.54540906988655
6,5,12,4,5,4,0.5468366033079772,9.571674939459612,112,5.665149215983814,73.21428571428571,82,30,9.880033035714286,19.086407383645685,19.688946341463417,-16.93099666666667,64.34352838771962,80.54540906988655
6,5,12,4,7,2,0.5468366033079772,9.571674939459612,112,5.665149215983814,69.64285714285714,78,34,8.599428571428572,19.398271265989298,19.575873076923077,-16.58182647058823,60.59310267363951,77.3898444058734
6,5,12,4,7,3,0.5468366033079772,9.571674939459612,112,5.665149215983814,71.42857142857143,80,32,9.433030357142858,19.320356948835638,19.84795375,-16.604278125,62.460782067641276,78.97516020091828
6,5,12,4,7,4,0.5468366033079772,9.571674939459612,112,5.665149215983814,72.32142857142857,81,31,9.762812499999999,19.262986953058867,19.925706172839504,-16.791845161290325,63.40021985730062,79.76222000578224
7,2,8,2,3,2,0.29210398569527274,4.518727905095032,128,6.474456246838645,73.4375,94,34,9.122525,18.474207027351643,18.719264893617023,-17.409638235294114,65.18470619103658,80.32449898364271
7,2,8,2,3,3,0.29210398569527274,4.518727905095032,128,6.474456246838645,74.21875,95,33,9.831559375000001,18.82300227620006,19.365753684210528,-17.615363636363632,66.01308077044308,81.01309791005885
7,2,8,2,3,4,0.29210398569527274,4.518727905095032,128,6.474456246838645,75.0,96,32,10.078892968749999,18.5944172783004,19.273685416666666,-17.505484375,66.84443704768313,81.69871513864145
7,2,8,2,5,2,0.29210398569527274,4.518727905095032,128,6.474456246838645,71.875,92,36,8.840199218750001,19.142868451199277,19.183202173913045,-17.591919444444443,63.53658087171574,78.93867729131827
7,2,8,2,5,3,0.29210398569527274,4.518727905095032,128,6.474456246838645,73.4375,94,34,9.418240625,18.87610110382858,19.189498936170217,-17.596414705882353,65.18470619103658,80.32449898364271
7,2,8,2,5,4,0.29210398569527274,4.518727905095032,128,6.474456246838645,75.0,96,32,9.93116796875,18.462014422860545,19.036773958333335,-17.38565,66.84443704768313,81.69871513864145
7,2,8,2,7,2,0.29210398569527274,4.518727905095032,128,6.474456246838645,71.875,92,36,8.9269984375,18.666387833679025,19.002196739130433,-16.820730555555556,63.53658087171574,78.93867729131827
7,2,8,2,7,3,0.29210398569527274,4.518727905095032,128,6.474456246838645,72.65625,93,35,9.304527343750001,18.732553622469503,19.203707526881722,-16.99900857142857,64.35923144931466,79.63300021954198
7,2,8,2,7,4,0.29210398569527274,4.518727905095032,128,6.474456246838645,74.21875,95,33,9.80215625,18.4594804320069,19.123446315789476,-17.031860606060604,66.01308077044308,81.01309791005885
7,2,8,3,3,2,0.29210398569527274,4.518727905095032,128,6.474456246838645,73.4375,94,34,9.15475546875,18.130001121266794,18.54555531914894,-16.808044117647057,65.18470619103658,80.32449898364271
7,2,8,3,3,3,0.29210398569527274,4.518727905095032,128,6.474456246838645,74.21875,95,33,9.663490625,18.37049588834474,18.923995789473686,-16.995539393939396,66.01308077044308,81.01309791005885
7,2,8,3,3,4,0.29210398569527274,4.518727905095032,128,6.474456246838645,74.21875,95,33,9.549236718749999,18.5062573611805,18.909726315789477,-17.397627272727274,66.01308077044308,81.01309791005885
7,2,8,3,5,2,0.29210398569527274,4.518727905095032,128,6.474456246838645,71.09375,91,37,8.61127890625,19.278210067166597,19.20601868131868,-17.446054054054052,62.716684425013945,78.24160023219741
7,2,8,3,5,3,0.29210398569527274,4.518727905095032,128,6.474456246838645,72.65625,93,35,9.194821875,19.02945556643984,19.199833333333334,-17.389922857142853,64.35923144931466,79.63300021954198
7,2,8,3,5,4,0.29210398569527274,4.518727905095032,128,6.474456246838645,73.4375,94,34,9.56021484375,18.94012710263453,19.315268085106386,-17.409638235294114,65.18470619103658,80.32449898364271
7,2,8,3,7,2,0.29210398569527274,4.518727905095032,128,6.474456246838645,70.3125,90,38,8.72023125,19.326675920418236,19.576909999999998,-16.992955263157892,61.89947723495539,77.54183391643332
7,2,8,3,7,3,0.29210398569527274,4.518727905095032,128,6.474456246838645,71.09375,91,37,8.817380468749999,19.219618291485475,19.379860439560442,-17.160610810810812,62.716684425013945,78.24160023219741
7,2,8,3,7,4,0.29210398569527274,4.518727905095032,128,6.474456246838645,73.4375,94,34,9.7072359375,19.010415194261956,19.493191489361703,-17.34805294117647,65.18470619103658,80.32449898364271
7,2,8,4,3,2,0.29210398569527274,4.518727905095032,128,6.474456246838645,72.65625,93,35,9.09972890625,18.21516376152241,18.7804688172043,-16.62338,64.35923144931466,79.63300021954198
7,2,8,4,3,3,0.29210398569527274,4.518727905095032,128,6.474456246838645,74.21875,95,33,9.621230468750001,18.333521390493388,18.867055789473685,-16.995539393939396,66.01308077044308,81.01309791005885
7,2,8,4,3,4,0.29210398569527274,4.518727905095032,128,6.474456246838645,73.4375,94,34,9.38523984375,18.500017778660705,18.92512234042553,-16.989729411764703,65.18470619103658,80.32449898364271
7,2,8,4,5,2,0.29210398569527274,4.518727905095032,128,6.474456246838645,70.3125,90,38,8.54810078125,19.194724244997516,19.311993333333334,-16.94532894736842,61.89947723495539,77.54183391643332
7,2,8,4,5,3,0.29210398569527274,4.518727905095032,128,6.474456246838645,71.875,92,36,9.104602343749999,18.84599659742075,19.213117391304348,-16.72826944444444,63.53658087171574,78.93867729131827
7,2,8,4,5,4,0.29210398569527274,4.518727905095032,128,6.474456246838645,72.65625,93,35,9.351821093749999,18.772558600051998,19.196823655913978,-16.80775714285714,64.35923144931466,79.63300021954198
7,2,8,4,7,2,0.29210398569527274,4.518727905095032,128,6.474456246838645,68.75,88,40,8.040532031249999,19.414159771870274,19.377619318181818,-16.90106,60.27289441827964,76.13446972146379
7,2,8,4,7,3,0.29210398569527274,4.518727905095032,128,6.474456246838645,69.53125,89,39,8.296968750000001,19.337984105519247,19.376879775280898,-16.98795641025641,61.08489916080531,76.83943848476078
7,2,8,4,7,4,0.29210398569527274,4.518727905095032,128,6.474456246838645,71.09375,91,37,8.78011875,19.094875010709192,19.268939560439563,-17.016710810810807,62.716684425013945,78.24160023219741
7,2,10,2,3,2,0.29210398569527274,4.518727905095032,128,6.474456246838645,72.65625,93,35,8.580253125,18.80723245344156,18.574327956989247,-17.975431428571426,64.35923144931466,79.63300021954198
7,2,10,2,3,3,0.29210398569527274,4.518727905095032,128,6.474456246838645,73.4375,94,34,9.2892875,19.170188202239732,19.22923617021277,-18.191747058823527,65.18470619103658,80.32449898364271
7,2,10,2,3,4,0.29210398569527274,4.518727905095032,128,6.474456246838645,74.21875,95,33,9.53662109375,18.952926190975766,19.137635789473688,-18.102663636363634,66.01308077044308,81.01309791005885
7,2,10,2,5,2,0.29210398569527274,4.518727905095032,128,6.474456246838645,71.09375,91,37,8.3683875,19.527047289873217,19.139286813186814,-18.122202702702705,62.716684425013945,78.24160023219741
7,2,10,2,5,3,0.29210398569527274,4.518727905095032,128,6.474456246838645,72.65625,93,35,8.94642890625,19.279862668872283,19.146595698924735,-18.156871428571424,64.35923144931466,79.63300021954198
7,2,10,2,5,4,0.29210398569527274,4.518727905095032,128,6.474456246838645,74.21875,95,33,9.459356249999999,18.887554356407815,18.993166315789477,-17.986460606060604,66.01308077044308,81.01309791005885
7,2,10,2,7,2,0.29210398569527274,4.518727905095032,128,6.474456246838645,71.09375,91,37,8.45518671875,19.062338491981855,18.95629230769231,-17.37185675675676,62.716684425013945,78.24160023219741
7,2,10,2,7,3,0.29210398569527274,4.518727905095032,128,6.474456246838645,71.875,92,36,8.832715624999999,19.13651821644308,19.16049239130435,-17.560491666666664,63.53658087171574,78.93867729131827
7,2,10,2,7,4,0.29210398569527274,4.518727905095032,128,6.474456246838645,73.4375,94,34,9.330344531249999,18.88182866630638,19.080296808510642,-17.62540588235294,65.18470619103658,80.32449898364271
7,2,10,3,3,2,0.29210398569527274,4.518727905095032,128,6.474456246838645,73.4375,94,34,9.16769765625,18.138536273618236,18.563178723404256,-16.808044117647057,65.18470619103658,80.32449898364271
7,2,10,3,3,3,0.29210398569527274,4.518727905095032,128,6.474456246838645,73.4375,94,34,9.503265625000001,18.56506636189287,19.085838297872343,-16.989729411764703,65.18470619103658,80.32449898364271
7,2,10,3,3,4,0.29210398569527274,4.518727905095032,128,6.474456246838645,73.4375,94,34,9.437553125,18.714900179895558,19.13751595744681,-17.379991176470586,65.18470619103658,80.32449898364271
7,2,10,3,5,2,0.29210398569527274,4.518727905095032,128,6.474456246838645,70.3125,90,38,8.26769140625,19.20951133708535,19.117405555555557,-17.429,61.89947723495539,77.54183391643332
7,2,10,3,5,3,0.29210398569527274,4.518727905095032,128,6.474456246838645,71.875,92,36,8.847081249999999,18.969725201807393,19.107301086956518,-17.373480555555552,63.53658087171574,78.93867729131827
7,2,10,3,5,4,0.29210398569527274,4.518727905095032,128,6.474456246838645,72.65625,93,35,9.107390625,18.82938533267113,19.080340860215053,-17.392162857142853,64.35923144931466,79.63300021954198
7,2,10,3,7,2,0.29210398569527274,4.518727905095032,128,6.474456246838645,69.53125,89,39,8.26740703125,19.198203552605463,19.33436404494382,-16.98795641025641,61.08489916080531,76.83943848476078
7,2,10,3,7,3,0.29210398569527274,4.518727905095032,128,6.474456246838645,70.3125,90,38,8.364556250000001,19.092747853643154,19.13782,-17.151068421052628,61.89947723495539,77.54183391643332
7,2,10,3,7,4,0.29210398569527274,4.518727905095032,128,6.474456246838645,72.65625,93,35,9.25441171875,18.903635127799618,19.260177419354843,-17.33233714285714,64.35923144931466,79.63300021954198
7,2,10,4,3,2,0.29210398569527274,4.518727905095032,128,6.474456246838645,72.65625,93,35,9.1596125,18.116286252652102,18.7804688172043,-16.404377142857147,64.35923144931466,79.63300021954198
7,2,10,4,3,3,0.29210398569527274,4.518727905095032,128,6.474456246838645,74.21875,95,33,9.736743749999999,18.1171620759201,18.867055789473685,-16.547487878787877,66.01308077044308,81.01309791005885
7,2,10,4,3,4,0.29210398569527274,4.518727905095032,128,6.474456246838645,73.4375,94,34,9.38523984375,18.500017778660705,18.92512234042553,-16.989729411764703,65.18470619103658,80.32449898364271
7,2,10,4,5,2,0.29210398569527274,4.518727905095032,128,6.474456246838645,70.3125,90,38,8.54810078125,19.194724244997516,19.311993333333334,-16.94532894736842,61.89947723495539,77.54183391643332
7,2,10,4,5,3,0.29210398569527274,4.518727905095032,128,6.474456246838645,71.875,92,36,9.104602343749999,18.84599659742075,19.213117391304348,-16.72826944444444,63.53658087171574,78.93867729131827
7,2,10,4,5,4,0.29210398569527274,4.518727905095032,128,6.474456246838645,72.65625,93,35,9.351821093749999,18.772558600051998,19.196823655913978,-16.80775714285714,64.35923144931466,79.63300021954198
7,2,10,4,7,2,0.29210398569527274,4.518727905095032,128,6.474456246838645,68.75,88,40,8.040532031249999,19.414159771870274,19.377619318181818,-16.90106,60.27289441827964,76.13446972146379
7,2,10,4,7,3,0.29210398569527274,4.518727905095032,128,6.474456246838645,69.53125,89,39,8.296968750000001,19.337984105519247,19.376879775280898,-16.98795641025641,61.08489916080531,76.83943848476078
7,2,10,4,7,4,0.29210398569527274,4.518727905095032,128,6.474456246838645,71.09375,91,37,8.78011875,19.094875010709192,19.268939560439563,-17.016710810810807,62.716684425013945,78.24160023219741
7,2,12,2,3,2,0.29210398569527274,4.518727905095032,128,6.474456246838645,72.65625,93,35,8.64855234375,18.83612476744195,18.6683311827957,-17.975431428571426,64.35923144931466,79.63300021954198
7,2,12,2,3,3,0.29210398569527274,4.518727905095032,128,6.474456246838645,73.4375,94,34,9.35758671875,19.195991868002977,19.322239361702128,-18.191747058823527,65.18470619103658,80.32449898364271
7,2,12,2,3,4,0.29210398569527274,4.518727905095032,128,6.474456246838645,74.21875,95,33,9.5599265625,19.02968393302382,19.224800000000005,-18.26319393939394,66.01308077044308,81.01309791005885
7,2,12,2,5,2,0.29210398569527274,4.518727905095032,128,6.474456246838645,71.09375,91,37,8.43668671875,19.55562190136617,19.235356043956045,-18.122202702702705,62.716684425013945,78.24160023219741
7,2,12,2,5,3,0.29210398569527274,4.518727905095032,128,6.474456246838645,72.65625,93,35,9.014728125,19.306742224859054,19.240598924731184,-18.156871428571424,64.35923144931466,79.63300021954198
7,2,12,2,5,4,0.29210398569527274,4.518727905095032,128,6.474456246838645,73.4375,94,34,9.29794609375,19.05349188582743,19.154130851063833,-17.951505882352944,65.18470619103658,80.32449898364271
7,2,12,2,7,2,0.29210398569527274,4.518727905095032,128,6.474456246838645,71.09375,91,37,8.513559375,19.08906317964417,19.0383989010989,-17.37185675675676,62.716684425013945,78.24160023219741
7,2,12,2,7,3,0.29210398569527274,4.518727905095032,128,6.474456246838645,71.875,92,36,8.89108828125,19.16198037694837,19.24170652173913,-17.560491666666664,63.53658087171574,78.93867729131827
7,2,12,2,7,4,0.29210398569527274,4.518727905095032,128,6.474456246838645,72.65625,93,35,9.1590078125,19.044815541068502,19.23026666666667,-17.601765714285712,64.35923144931466,79.63300021954198
7,2,12,3,3,2,0.29210398569527274,4.518727905095032,128,6.474456246838645,73.4375,94,34,9.18339921875,18.23410108278993,18.64091595744681,-16.963852941176466,65.18470619103658,80.32449898364271
7,2,12,3,3,3,0.29210398569527274,4.518727905095032,128,6.474456246838645,73.4375,94,34,9.503265625000001,18.56506636189287,19.085838297872343,-16.989729411764703,65.18470619103658,80.32449898364271
7,2,12,3,3,4,0.29210398569527274,4.518727905095032,128,6.474456246838645,73.4375,94,34,9.437553125,18.714900179895558,19.13751595744681,-17.379991176470586,65.18470619103658,80.32449898364271
7,2,12,3,5,2,0.29210398569527274,4.518727905095032,128,6.474456246838645,70.3125,90,38,8.26769140625,19.20951133708535,19.117405555555557,-17.429,61.89947723495539,77.54183391643332
7,2,12,3,5,3,0.29210398569527274,4.518727905095032,128,6.474456246838645,71.875,92,36,8.847081249999999,18.969725201807393,19.107301086956518,-17.373480555555552,63.53658087171574,78.93867729131827
7,2,12,3,5,4,0.29210398569527274,4.518727905095032,128,6.474456246838645,72.65625,93,35,9.107390625,18.82938533267113,19.080340860215053,-17.392162857142853,64.35923144931466,79.63300021954198
7,2,12,3,7,2,0.29210398569527274,4.518727905095032,128,6.474456246838645,69.53125,89,39,8.26740703125,19.198203552605463,19.33436404494382,-16.98795641025641,61.08489916080531,76.83943848476078
7,2,12,3,7,3,0.29210398569527274,4.518727905095032,128,6.474456246838645,70.3125,90,38,8.364556250000001,19.092747853643154,19.13782,-17.151068421052628,61.89947723495539,77.54183391643332
7,2,12,3,7,4,0.29210398569527274,4.518727905095032,128,6.474456246838645,72.65625,93,35,9.25441171875,18.903635127799618,19.260177419354843,-17.33233714285714,64.35923144931466,79.63300021954198
7,2,12,4,3,2,0.29210398569527274,4.518727905095032,128,6.474456246838645,72.65625,93,35,9.1596125,18.116286252652102,18.7804688172043,-16.404377142857147,64.35923144931466,79.63300021954198
7,2,12,4,3,3,0.29210398569527274,4.518727905095032,128,6.474456246838645,74.21875,95,33,9.736743749999999,18.1171620759201,18.867055789473685,-16.547487878787877,66.01308077044308,81.01309791005885
7,2,12,4,3,4,0.29210398569527274,4.518727905095032,128,6.474456246838645,73.4375,94,34,9.38523984375,18.500017778660705,18.92512234042553,-16.989729411764703,65.18470619103658,80.32449898364271
7,2,12,4,5,2,0.29210398569527274,4.518727905095032,128,6.474456246838645,70.3125,90,38,8.54810078125,19.194724244997516,19.311993333333334,-16.94532894736842,61.89947723495539,77.54183391643332
7,2,12,4,5,3,0.29210398569527274,4.518727905095032,128,6.474456246838645,71.875,92,36,9.104602343749999,18.84599659742075,19.213117391304348,-16.72826944444444,63.53658087171574,78.93867729131827
7,2,12,4,5,4,0.29210398569527274,4.518727905095032,128,6.474456246838645,72.65625,93,35,9.351821093749999,18.772558600051998,19.196823655913978,-16.80775714285714,64.35923144931466,79.63300021954198
7,2,12,4,7,2,0.29210398569527274,4.518727905095032,128,6.474456246838645,68.75,88,40,8.149768750000002,19.476661414217148,19.53650909090909,-16.90106,60.27289441827964,76.13446972146379
7,2,12,4,7,3,0.29210398569527274,4.518727905095032,128,6.474456246838645,69.53125,89,39,8.406205468749999,19.399275855339155,19.533984269662923,-16.98795641025641,61.08489916080531,76.83943848476078
7,2,12,4,7,4,0.29210398569527274,4.518727905095032,128,6.474456246838645,71.09375,91,37,8.885202343749999,19.15339807299459,19.41674945054945,-17.016710810810807,62.716684425013945,78.24160023219741
7,3,8,2,3,2,0.29210398569527274,4.518727905095032,128,6.474456246838645,73.4375,94,34,9.122525,18.474207027351643,18.719264893617023,-17.409638235294114,65.18470619103658,80.32449898364271
7,3,8,2,3,3,0.29210398569527274,4.518727905095032,128,6.474456246838645,74.21875,95,33,9.831559375000001,18.82300227620006,19.365753684210528,-17.615363636363632,66.01308077044308,81.01309791005885
7,3,8,2,3,4,0.29210398569527274,4.518727905095032,128,6.474456246838645,75.0,96,32,10.078892968749999,18.5944172783004,19.273685416666666,-17.505484375,66.84443704768313,81.69871513864145
7,3,8,2,5,2,0.29210398569527274,4.518727905095032,128,6.474456246838645,71.875,92,36,8.840199218750001,19.142868451199277,19.183202173913045,-17.591919444444443,63.53658087171574,78.93867729131827
7,3,8,2,5,3,0.29210398569527274,4.518727905095032,128,6.474456246838645,73.4375,94,34,9.418240625,18.87610110382858,19.189498936170217,-17.596414705882353,65.18470619103658,80.32449898364271
7,3,8,2,5,4,0.29210398569527274,4.518727905095032,128,6.474456246838645,75.0,96,32,9.93116796875,18.462014422860545,19.036773958333335,-17.38565,66.84443704768313,81.69871513864145
7,3,8,2,7,2,0.29210398569527274,4.518727905095032,128,6.474456246838645,71.875,92,36,8.9269984375,18.666387833679025,19.002196739130433,-16.820730555555556,63.53658087171574,78.93867729131827
7,3,8,2,7,3,0.29210398569527274,4.518727905095032,128,6.474456246838645,72.65625,93,35,9.304527343750001,18.732553622469503,19.203707526881722,-16.99900857142857,64.35923144931466,79.63300021954198
7,3,8,2,7,4,0.29210398569527274,4.518727905095032,128,6.474456246838645,74.21875,95,33,9.80215625,18.4594804320069,19.123446315789476,-17.031860606060604,66.01308077044308,81.01309791005885
7,3,8,3,3,2,0.29210398569527274,4.518727905095032,128,6.474456246838645,73.4375,94,34,9.15475546875,18.130001121266794,18.54555531914894,-16.808044117647057,65.18470619103658,80.32449898364271
7,3,8,3,3,3,0.29210398569527274,4.518727905095032,128,6.474456246838645,74.21875,95,33,9.663490625,18.37049588834474,18.923995789473686,-16.995539393939396,66.01308077044308,81.01309791005885
7,3,8,3,3,4,0.29210398569527274,4.518727905095032,128,6.474456246838645,74.21875,95,33,9.549236718749999,18.5062573611805,18.909726315789477,-17.397627272727274,66.01308077044308,81.01309791005885
7,3,8,3,5,2,0.29210398569527274,4.518727905095032,128,6.474456246838645,71.09375,91,37,8.61127890625,19.278210067166597,19.20601868131868,-17.446054054054052,62.716684425013945,78.24160023219741
7,3,8,3,5,3,0.29210398569527274,4.518727905095032,128,6.474456246838645,72.65625,93,35,9.194821875,19.02945556643984,19.199833333333334,-17.389922857142853,64.35923144931466,79.63300021954198
7,3,8,3,5,4,0.29210398569527274,4.518727905095032,128,6.474456246838645,73.4375,94,34,9.56021484375,18.94012710263453,19.315268085106386,-17.409638235294114,65.18470619103658,80.32449898364271
7,3,8,3,7,2,0.29210398569527274,4.518727905095032,128,6.474456246838645,70.3125,90,38,8.72023125,19.326675920418236,19.576909999999998,-16.992955263157892,61.89947723495539,77.54183391643332
7,3,8,3,7,3,0.29210398569527274,4.518727905095032,128,6.474456246838645,71.09375,91,37,8.817380468749999,19.219618291485475,19.379860439560442,-17.160610810810812,62.716684425013945,78.24160023219741
7,3,8,3,7,4,0.29210398569527274,4.518727905095032,128,6.474456246838645,73.4375,94,34,9.7072359375,19.010415194261956,19.493191489361703,-17.34805294117647,65.18470619103658,80.32449898364271
7,3,8,4,3,2,0.29210398569527274,4.518727905095032,128,6.474456246838645,72.65625,93,35,9.09972890625,18.21516376152241,18.7804688172043,-16.62338,64.35923144931466,79.63300021954198
7,3,8,4,3,3,0.29210398569527274,4.518727905095032,128,6.474456246838645,74.21875,95,33,9.621230468750001,18.333521390493388,18.867055789473685,-16.995539393939396,66.01308077044308,81.01309791005885
7,3,8,4,3,4,0.29210398569527274,4.518727905095032,128,6.474456246838645,73.4375,94,34,9.38523984375,18.500017778660705,18.92512234042553,-16.989729411764703,65.18470619103658,80.32449898364271
7,3,8,4,5,2,0.29210398569527274,4.518727905095032,128,6.474456246838645,70.3125,90,38,8.54810078125,19.194724244997516,19.311993333333334,-16.94532894736842,61.89947723495539,77.54183391643332
7,3,8,4,5,3,0.29210398569527274,4.518727905095032,128,6.474456246838645,71.875,92,36,9.104602343749999,18.84599659742075,19.213117391304348,-16.72826944444444,63.53658087171574,78.93867729131827
7,3,8,4,5,4,0.29210398569527274,4.518727905095032,128,6.474456246838645,72.65625,93,35,9.351821093749999,18.772558600051998,19.196823655913978,-16.80775714285714,64.35923144931466,79.63300021954198
7,3,8,4,7,2,0.29210398569527274,4.518727905095032,128,6.474456246838645,68.75,88,40,8.040532031249999,19.414159771870274,19.377619318181818,-16.90106,60.27289441827964,76.13446972146379
7,3,8,4,7,3,0.29210398569527274,4.518727905095032,128,6.474456246838645,69.53125,89,39,8.296968750000001,19.337984105519247,19.376879775280898,-16.98795641025641,61.08489916080531,76.83943848476078
7,3,8,4,7,4,0.29210398569527274,4.518727905095032,128,6.474456246838645,71.09375,91,37,8.78011875,19.094875010709192,19.268939560439563,-17.016710810810807,62.716684425013945,78.24160023219741
7,3,10,2,3,2,0.29210398569527274,4.518727905095032,128,6.474456246838645,72.65625,93,35,8.580253125,18.80723245344156,18.574327956989247,-17.975431428571426,64.35923144931466,79.63300021954198
7,3,10,2,3,3,0.29210398569527274,4.518727905095032,128,6.474456246838645,73.4375,94,34,9.2892875,19.170188202239732,19.22923617021277,-18.191747058823527,65.18470619103658,80.32449898364271
7,3,10,2,3,4,0.29210398569527274,4.518727905095032,128,6.474456246838645,74.21875,95,33,9.53662109375,18.952926190975766,19.137635789473688,-18.102663636363634,66.01308077044308,81.01309791005885
7,3,10,2,5,2,0.29210398569527274,4.518727905095032,128,6.474456246838645,71.09375,91,37,8.3683875,19.527047289873217,19.139286813186814,-18.122202702702705,62.716684425013945,78.24160023219741
7,3,10,2,5,3,0.29210398569527274,4.518727905095032,128,6.474456246838645,72.65625,93,35,8.94642890625,19.279862668872283,19.146595698924735,-18.156871428571424,64.35923144931466,79.63300021954198
7,3,10,2,5,4,0.29210398569527274,4.518727905095032,128,6.474456246838645,74.21875,95,33,9.459356249999999,18.887554356407815,18.993166315789477,-17.986460606060604,66.01308077044308,81.01309791005885
7,3,10,2,7,2,0.29210398569527274,4.518727905095032,128,6.474456246838645,71.09375,91,37,8.45518671875,19.062338491981855,18.95629230769231,-17.37185675675676,62.716684425013945,78.24160023219741
7,3,10,2,7,3,0.29210398569527274,4.518727905095032,128,6.474456246838645,71.875,92,36,8.832715624999999,19.13651821644308,19.16049239130435,-17.560491666666664,63.53658087171574,78.93867729131827
7,3,10,2,7,4,0.29210398569527274,4.518727905095032,128,6.474456246838645,73.4375,94,34,9.330344531249999,18.88182866630638,19.080296808510642,-17.62540588235294,65.18470619103658,80.32449898364271
7,3,10,3,3,2,0.29210398569527274,4.518727905095032,128,6.474456246838645,73.4375,94,34,9.16769765625,18.138536273618236,18.563178723404256,-16.808044117647057,65.18470619103658,80.32449898364271
7,3,10,3,3,3,0.29210398569527274,4.518727905095032,128,6.474456246838645,73.4375,94,34,9.503265625000001,18.56506636189287,19.085838297872343,-16.989729411764703,65.18470619103658,80.32449898364271
7,3,10,3,3,4,0.29210398569527274,4.518727905095032,128,6.474456246838645,73.4375,94,34,9.437553125,18.714900179895558,19.13751595744681,-17.379991176470586,65.18470619103658,80.32449898364271
7,3,10,3,5,2,0.29210398569527274,4.518727905095032,128,6.474456246838645,70.3125,90,38,8.26769140625,19.20951133708535,19.117405555555557,-17.429,61.89947723495539,77.54183391643332
7,3,10,3,5,3,0.29210398569527274,4.518727905095032,128,6.474456246838645,71.875,92,36,8.847081249999999,18.969725201807393,19.107301086956518,-17.373480555555552,63.53658087171574,78.93867729131827
7,3,10,3,5,4,0.29210398569527274,4.518727905095032,128,6.474456246838645,72.65625,93,35,9.107390625,18.82938533267113,19.080340860215053,-17.392162857142853,64.35923144931466,79.63300021954198
7,3,10,3,7,2,0.29210398569527274,4.518727905095032,128,6.474456246838645,69.53125,89,39,8.26740703125,19.198203552605463,19.33436404494382,-16.98795641025641,61.08489916080531,76.83943848476078
7,3,10,3,7,3,0.29210398569527274,4.518727905095032,128,6.474456246838645,70.3125,90,38,8.364556250000001,19.092747853643154,19.13782,-17.151068421052628,61.89947723495539,77.54183391643332
7,3,10,3,7,4,0.29210398569527274,4.518727905095032,128,6.474456246838645,72.65625,93,35,9.25441171875,18.903635127799618,19.260177419354843,-17.33233714285714,64.35923144931466,79.63300021954198
7,3,10,4,3,2,0.29210398569527274,4.518727905095032,128,6.474456246838645,72.65625,93,35,9.1596125,18.116286252652102,18.7804688172043,-16.404377142857147,64.35923144931466,79.63300021954198
7,3,10,4,3,3,0.29210398569527274,4.518727905095032,128,6.474456246838645,74.21875,95,33,9.736743749999999,18.1171620759201,18.867055789473685,-16.547487878787877,66.01308077044308,81.01309791005885
7,3,10,4,3,4,0.29210398569527274,4.518727905095032,128,6.474456246838645,73.4375,94,34,9.38523984375,18.500017778660705,18.92512234042553,-16.989729411764703,65.18470619103658,80.32449898364271
7,3,10,4,5,2,0.29210398569527274,4.518727905095032,128,6.474456246838645,70.3125,90,38,8.54810078125,19.194724244997516,19.311993333333334,-16.94532894736842,61.89947723495539,77.54183391643332
7,3,10,4,5,3,0.29210398569527274,4.518727905095032,128,6.474456246838645,71.875,92,36,9.104602343749999,18.84599659742075,19.213117391304348,-16.72826944444444,63.53658087171574,78.93867729131827
7,3,10,4,5,4,0.29210398569527274,4.518727905095032,128,6.474456246838645,72.65625,93,35,9.351821093749999,18.772558600051998,19.196823655913978,-16.80775714285714,64.35923144931466,79.63300021954198
7,3,10,4,7,2,0.29210398569527274,4.518727905095032,128,6.474456246838645,68.75,88,40,8.040532031249999,19.414159771870274,19.377619318181818,-16.90106,60.27289441827964,76.13446972146379
7,3,10,4,7,3,0.29210398569527274,4.518727905095032,128,6.474456246838645,69.53125,89,39,8.296968750000001,19.337984105519247,19.376879775280898,-16.98795641025641,61.08489916080531,76.83943848476078
7,3,10,4,7,4,0.29210398569527274,4.518727905095032,128,6.474456246838645,71.09375,91,37,8.78011875,19.094875010709192,19.268939560439563,-17.016710810810807,62.716684425013945,78.24160023219741
7,3,12,2,3,2,0.29210398569527274,4.518727905095032,128,6.474456246838645,72.65625,93,35,8.64855234375,18.83612476744195,18.6683311827957,-17.975431428571426,64.35923144931466,79.63300021954198
7,3,12,2,3,3,0.29210398569527274,4.518727905095032,128,6.474456246838645,73.4375,94,34,9.35758671875,19.195991868002977,19.322239361702128,-18.191747058823527,65.18470619103658,80.32449898364271
7,3,12,2,3,4,0.29210398569527274,4.518727905095032,128,6.474456246838645,74.21875,95,33,9.5599265625,19.02968393302382,19.224800000000005,-18.26319393939394,66.01308077044308,81.01309791005885
7,3,12,2,5,2,0.29210398569527274,4.518727905095032,128,6.474456246838645,71.09375,91,37,8.43668671875,19.55562190136617,19.235356043956045,-18.122202702702705,62.716684425013945,78.24160023219741
7,3,12,2,5,3,0.29210398569527274,4.518727905095032,128,6.474456246838645,72.65625,93,35,9.014728125,19.306742224859054,19.240598924731184,-18.156871428571424,64.35923144931466,79.63300021954198
7,3,12,2,5,4,0.29210398569527274,4.518727905095032,128,6.474456246838645,73.4375,94,34,9.29794609375,19.05349188582743,19.154130851063833,-17.951505882352944,65.18470619103658,80.32449898364271
7,3,12,2,7,2,0.29210398569527274,4.518727905095032,128,6.474456246838645,71.09375,91,37,8.513559375,19.08906317964417,19.0383989010989,-17.37185675675676,62.716684425013945,78.24160023219741
7,3,12,2,7,3,0.29210398569527274,4.518727905095032,128,6.474456246838645,71.875,92,36,8.89108828125,19.16198037694837,19.24170652173913,-17.560491666666664,63.53658087171574,78.93867729131827
7,3,12,2,7,4,0.29210398569527274,4.518727905095032,128,6.474456246838645,72.65625,93,35,9.1590078125,19.044815541068502,19.23026666666667,-17.601765714285712,64.35923144931466,79.63300021954198
7,3,12,3,3,2,0.29210398569527274,4.518727905095032,128,6.474456246838645,73.4375,94,34,9.18339921875,18.23410108278993,18.64091595744681,-16.963852941176466,65.18470619103658,80.32449898364271
7,3,12,3,3,3,0.29210398569527274,4.518727905095032,128,6.474456246838645,73.4375,94,34,9.503265625000001,18.56506636189287,19.085838297872343,-16.989729411764703,65.18470619103658,80.32449898364271
7,3,12,3,3,4,0.29210398569527274,4.518727905095032,128,6.474456246838645,73.4375,94,34,9.437553125,18.714900179895558,19.13751595744681,-17.379991176470586,65.18470619103658,80.32449898364271
7,3,12,3,5,2,0.29210398569527274,4.518727905095032,128,6.474456246838645,70.3125,90,38,8.26769140625,19.20951133708535,19.117405555555557,-17.429,61.89947723495539,77.54183391643332
7,3,12,3,5,3,0.29210398569527274,4.518727905095032,128,6.474456246838645,71.875,92,36,8.847081249999999,18.969725201807393,19.107301086956518,-17.373480555555552,63.53658087171574,78.93867729131827
7,3,12,3,5,4,0.29210398569527274,4.518727905095032,128,6.474456246838645,72.65625,93,35,9.107390625,18.82938533267113,19.080340860215053,-17.392162857142853,64.35923144931466,79.63300021954198
7,3,12,3,7,2,0.29210398569527274,4.518727905095032,128,6.474456246838645,69.53125,89,39,8.26740703125,19.198203552605463,19.33436404494382,-16.98795641025641,61.08489916080531,76.83943848476078
7,3,12,3,7,3,0.29210398569527274,4.518727905095032,128,6.474456246838645,70.3125,90,38,8.364556250000001,19.092747853643154,19.13782,-17.151068421052628,61.89947723495539,77.54183391643332
7,3,12,3,7,4,0.29210398569527274,4.518727905095032,128,6.474456246838645,72.65625,93,35,9.25441171875,18.903635127799618,19.260177419354843,-17.33233714285714,64.35923144931466,79.63300021954198
7,3,12,4,3,2,0.29210398569527274,4.518727905095032,128,6.474456246838645,72.65625,93,35,9.1596125,18.116286252652102,18.7804688172043,-16.404377142857147,64.35923144931466,79.63300021954198
7,3,12,4,3,3,0.29210398569527274,4.518727905095032,128,6.474456246838645,74.21875,95,33,9.736743749999999,18.1171620759201,18.867055789473685,-16.547487878787877,66.01308077044308,81.01309791005885
7,3,12,4,3,4,0.29210398569527274,4.518727905095032,128,6.474456246838645,73.4375,94,34,9.38523984375,18.500017778660705,18.92512234042553,-16.989729411764703,65.18470619103658,80.32449898364271
7,3,12,4,5,2,0.29210398569527274,4.518727905095032,128,6.474456246838645,70.3125,90,38,8.54810078125,19.194724244997516,19.311993333333334,-16.94532894736842,61.89947723495539,77.54183391643332
7,3,12,4,5,3,0.29210398569527274,4.518727905095032,128,6.474456246838645,71.875,92,36,9.104602343749999,18.84599659742075,19.213117391304348,-16.72826944444444,63.53658087171574,78.93867729131827
7,3,12,4,5,4,0.29210398569527274,4.518727905095032,128,6.474456246838645,72.65625,93,35,9.351821093749999,18.772558600051998,19.196823655913978,-16.80775714285714,64.35923144931466,79.63300021954198
7,3,12,4,7,2,0.29210398569527274,4.518727905095032,128,6.474456246838645,68.75,88,40,8.149768750000002,19.476661414217148,19.53650909090909,-16.90106,60.27289441827964,76.13446972146379
7,3,12,4,7,3,0.29210398569527274,4.518727905095032,128,6.474456246838645,69.53125,89,39,8.406205468749999,19.399275855339155,19.533984269662923,-16.98795641025641,61.08489916080531,76.83943848476078
7,3,12,4,7,4,0.29210398569527274,4.518727905095032,128,6.474456246838645,71.09375,91,37,8.885202343749999,19.15339807299459,19.41674945054945,-17.016710810810807,62.716684425013945,78.24160023219741
7,4,8,2,3,2,0.29210398569527274,4.518727905095032,128,6.474456246838645,73.4375,94,34,9.122525,18.474207027351643,18.719264893617023,-17.409638235294114,65.18470619103658,80.32449898364271
7,4,8,2,3,3,0.29210398569527274,4.518727905095032,128,6.474456246838645,74.21875,95,33,9.831559375000001,18.82300227620006,19.365753684210528,-17.615363636363632,66.01308077044308,81.01309791005885
7,4,8,2,3,4,0.29210398569527274,4.518727905095032,128,6.474456246838645,75.0,96,32,10.078892968749999,18.5944172783004,19.273685416666666,-17.505484375,66.84443704768313,81.69871513864145
7,4,8,2,5,2,0.29210398569527274,4.518727905095032,128,6.474456246838645,71.875,92,36,8.840199218750001,19.142868451199277,19.183202173913045,-17.591919444444443,63.53658087171574,78.93867729131827
7,4,8,2,5,3,0.29210398569527274,4.518727905095032,128,6.474456246838645,73.4375,94,34,9.418240625,18.87610110382858,19.189498936170217,-17.596414705882353,65.18470619103658,80.32449898364271
7,4,8,2,5,4,0.29210398569527274,4.518727905095032,128,6.474456246838645,75.0,96,32,9.93116796875,18.462014422860545,19.036773958333335,-17.38565,66.84443704768313,81.69871513864145
7,4,8,2,7,2,0.29210398569527274,4.518727905095032,128,6.474456246838645,71.875,92,36,8.9269984375,18.666387833679025,19.002196739130433,-16.820730555555556,63.53658087171574,78.93867729131827
7,4,8,2,7,3,0.29210398569527274,4.518727905095032,128,6.474456246838645,72.65625,93,35,9.304527343750001,18.732553622469503,19.203707526881722,-16.99900857142857,64.35923144931466,79.63300021954198
7,4,8,2,7,4,0.29210398569527274,4.518727905095032,128,6.474456246838645,74.21875,95,33,9.80215625,18.4594804320069,19.123446315789476,-17.031860606060604,66.01308077044308,81.01309791005885
7,4,8,3,3,2,0.29210398569527274,4.518727905095032,128,6.474456246838645,73.4375,94,34,9.15475546875,18.130001121266794,18.54555531914894,-16.808044117647057,65.18470619103658,80.32449898364271
7,4,8,3,3,3,0.29210398569527274,4.518727905095032,128,6.474456246838645,74.21875,95,33,9.663490625,18.37049588834474,18.923995789473686,-16.995539393939396,66.01308077044308,81.01309791005885
7,4,8,3,3,4,0.29210398569527274,4.518727905095032,128,6.474456246838645,74.21875,95,33,9.549236718749999,18.5062573611805,18.909726315789477,-17.397627272727274,66.01308077044308,81.01309791005885
7,4,8,3,5,2,0.29210398569527274,4.518727905095032,128,6.474456246838645,71.09375,91,37,8.61127890625,19.278210067166597,19.20601868131868,-17.446054054054052,62.716684425013945,78.24160023219741
7,4,8,3,5,3,0.29210398569527274,4.518727905095032,128,6.474456246838645,72.65625,93,35,9.194821875,19.02945556643984,19.199833333333334,-17.389922857142853,64.35923144931466,79.63300021954198
7,4,8,3,5,4,0.29210398569527274,4.518727905095032,128,6.474456246838645,73.4375,94,34,9.56021484375,18.94012710263453,19.315268085106386,-17.409638235294114,65.18470619103658,80.32449898364271
7,4,8,3,7,2,0.29210398569527274,4.518727905095032,128,6.474456246838645,70.3125,90,38,8.72023125,19.326675920418236,19.576909999999998,-16.992955263157892,61.89947723495539,77.54183391643332
7,4,8,3,7,3,0.29210398569527274,4.518727905095032,128,6.474456246838645,71.09375,91,37,8.817380468749999,19.219618291485475,19.379860439560442,-17.160610810810812,62.716684425013945,78.24160023219741
7,4,8,3,7,4,0.29210398569527274,4.518727905095032,128,6.474456246838645,73.4375,94,34,9.7072359375,19.010415194261956,19.493191489361703,-17.34805294117647,65.18470619103658,80.32449898364271
7,4,8,4,3,2,0.29210398569527274,4.518727905095032,128,6.474456246838645,72.65625,93,35,9.09972890625,18.21516376152241,18.7804688172043,-16.62338,64.35923144931466,79.63300021954198
7,4,8,4,3,3,0.29210398569527274,4.518727905095032,128,6.474456246838645,74.21875,95,33,9.621230468750001,18.333521390493388,18.867055789473685,-16.995539393939396,66.01308077044308,81.01309791005885
7,4,8,4,3,4,0.29210398569527274,4.518727905095032,128,6.474456246838645,73.4375,94,34,9.38523984375,18.500017778660705,18.92512234042553,-16.989729411764703,65.18470619103658,80.32449898364271
7,4,8,4,5,2,0.29210398569527274,4.518727905095032,128,6.474456246838645,70.3125,90,38,8.54810078125,19.194724244997516,19.311993333333334,-16.94532894736842,61.89947723495539,77.54183391643332
7,4,8,4,5,3,0.29210398569527274,4.518727905095032,128,6.474456246838645,71.875,92,36,9.104602343749999,18.84599659742075,19.213117391304348,-16.72826944444444,63.53658087171574,78.93867729131827
7,4,8,4,5,4,0.29210398569527274,4.518727905095032,128,6.474456246838645,72.65625,93,35,9.351821093749999,18.772558600051998,19.196823655913978,-16.80775714285714,64.35923144931466,79.63300021954198
7,4,8,4,7,2,0.29210398569527274,4.518727905095032,128,6.474456246838645,68.75,88,40,8.040532031249999,19.414159771870274,19.377619318181818,-16.90106,60.27289441827964,76.13446972146379
7,4,8,4,7,3,0.29210398569527274,4.518727905095032,128,6.474456246838645,69.53125,89,39,8.296968750000001,19.337984105519247,19.376879775280898,-16.98795641025641,61.08489916080531,76.83943848476078
7,4,8,4,7,4,0.29210398569527274,4.518727905095032,128,6.474456246838645,71.09375,91,37,8.78011875,19.094875010709192,19.268939560439563,-17.016710810810807,62.716684425013945,78.24160023219741
7,4,10,2,3,2,0.29210398569527274,4.518727905095032,128,6.474456246838645,72.65625,93,35,8.580253125,18.80723245344156,18.574327956989247,-17.975431428571426,64.35923144931466,79.63300021954198
7,4,10,2,3,3,0.29210398569527274,4.518727905095032,128,6.474456246838645,73.4375,94,34,9.2892875,19.170188202239732,19.22923617021277,-18.191747058823527,65.18470619103658,80.32449898364271
7,4,10,2,3,4,0.29210398569527274,4.518727905095032,128,6.474456246838645,74.21875,95,33,9.53662109375,18.952926190975766,19.137635789473688,-18.102663636363634,66.01308077044308,81.01309791005885
7,4,10,2,5,2,0.29210398569527274,4.518727905095032,128,6.474456246838645,71.09375,91,37,8.3683875,19.527047289873217,19.139286813186814,-18.122202702702705,62.716684425013945,78.24160023219741
7,4,10,2,5,3,0.29210398569527274,4.518727905095032,128,6.474456246838645,72.65625,93,35,8.94642890625,19.279862668872283,19.146595698924735,-18.156871428571424,64.35923144931466,79.63300021954198
7,4,10,2,5,4,0.29210398569527274,4.518727905095032,128,6.474456246838645,74.21875,95,33,9.459356249999999,18.887554356407815,18.993166315789477,-17.986460606060604,66.01308077044308,81.01309791005885
7,4,10,2,7,2,0.29210398569527274,4.518727905095032,128,6.474456246838645,71.09375,91,37,8.45518671875,19.062338491981855,18.95629230769231,-17.37185675675676,62.716684425013945,78.24160023219741
7,4,10,2,7,3,0.29210398569527274,4.518727905095032,128,6.474456246838645,71.875,92,36,8.832715624999999,19.13651821644308,19.16049239130435,-17.560491666666664,63.53658087171574,78.93867729131827
7,4,10,2,7,4,0.29210398569527274,4.518727905095032,128,6.474456246838645,73.4375,94,34,9.330344531249999,18.88182866630638,19.080296808510642,-17.62540588235294,65.18470619103658,80.32449898364271
7,4,10,3,3,2,0.29210398569527274,4.518727905095032,128,6.474456246838645,73.4375,94,34,9.16769765625,18.138536273618236,18.563178723404256,-16.808044117647057,65.18470619103658,80.32449898364271
7,4,10,3,3,3,0.29210398569527274,4.518727905095032,128,6.474456246838645,73.4375,94,34,9.503265625000001,18.56506636189287,19.085838297872343,-16.989729411764703,65.18470619103658,80.32449898364271
7,4,10,3,3,4,0.29210398569527274,4.518727905095032,128,6.474456246838645,73.4375,94,34,9.437553125,18.714900179895558,19.13751595744681,-17.379991176470586,65.18470619103658,80.32449898364271
7,4,10,3,5,2,0.29210398569527274,4.518727905095032,128,6.474456246838645,70.3125,90,38,8.26769140625,19.20951133708535,19.117405555555557,-17.429,61.89947723495539,77.54183391643332
7,4,10,3,5,3,0.29210398569527274,4.518727905095032,128,6.474456246838645,71.875,92,36,8.847081249999999,18.969725201807393,19.107301086956518,-17.373480555555552,63.53658087171574,78.93867729131827
7,4,10,3,5,4,0.29210398569527274,4.518727905095032,128,6.474456246838645,72.65625,93,35,9.107390625,18.82938533267113,19.080340860215053,-17.392162857142853,64.35923144931466,79.63300021954198
7,4,10,3,7,2,0.29210398569527274,4.518727905095032,128,6.474456246838645,69.53125,89,39,8.26740703125,19.198203552605463,19.33436404494382,-16.98795641025641,61.08489916080531,76.83943848476078
7,4,10,3,7,3,0.29210398569527274,4.518727905095032,128,6.474456246838645,70.3125,90,38,8.364556250000001,19.092747853643154,19.13782,-17.151068421052628,61.89947723495539,77.54183391643332
7,4,10,3,7,4,0.29210398569527274,4.518727905095032,128,6.474456246838645,72.65625,93,35,9.25441171875,18.903635127799618,19.260177419354843,-17.33233714285714,64.35923144931466,79.63300021954198
7,4,10,4,3,2,0.29210398569527274,4.518727905095032,128,6.474456246838645,72.65625,93,35,9.1596125,18.116286252652102,18.7804688172043,-16.404377142857147,64.35923144931466,79.63300021954198
7,4,10,4,3,3,0.29210398569527274,4.518727905095032,128,6.474456246838645,74.21875,95,33,9.736743749999999,18.1171620759201,18.867055789473685,-16.547487878787877,66.01308077044308,81.01309791005885
7,4,10,4,3,4,0.29210398569527274,4.518727905095032,128,6.474456246838645,73.4375,94,34,9.38523984375,18.500017778660705,18.92512234042553,-16.989729411764703,65.18470619103658,80.32449898364271
7,4,10,4,5,2,0.29210398569527274,4.518727905095032,128,6.474456246838645,70.3125,90,38,8.54810078125,19.194724244997516,19.311993333333334,-16.94532894736842,61.89947723495539,77.54183391643332
7,4,10,4,5,3,0.29210398569527274,4.518727905095032,128,6.474456246838645,71.875,92,36,9.104602343749999,18.84599659742075,19.213117391304348,-16.72826944444444,63.53658087171574,78.93867729131827
7,4,10,4,5,4,0.29210398569527274,4.518727905095032,128,6.474456246838645,72.65625,93,35,9.351821093749999,18.772558600051998,19.196823655913978,-16.80775714285714,64.35923144931466,79.63300021954198
7,4,10,4,7,2,0.29210398569527274,4.518727905095032,128,6.474456246838645,68.75,88,40,8.040532031249999,19.414159771870274,19.377619318181818,-16.90106,60.27289441827964,76.13446972146379
7,4,10,4,7,3,0.29210398569527274,4.518727905095032,128,6.474456246838645,69.53125,89,39,8.296968750000001,19.337984105519247,19.376879775280898,-16.98795641025641,61.08489916080531,76.83943848476078
7,4,10,4,7,4,0.29210398569527274,4.518727905095032,128,6.474456246838645,71.09375,91,37,8.78011875,19.094875010709192,19.268939560439563,-17.016710810810807,62.716684425013945,78.24160023219741
7,4,12,2,3,2,0.29210398569527274,4.518727905095032,128,6.474456246838645,72.65625,93,35,8.64855234375,18.83612476744195,18.6683311827957,-17.975431428571426,64.35923144931466,79.63300021954198
7,4,12,2,3,3,0.29210398569527274,4.518727905095032,128,6.474456246838645,73.4375,94,34,9.35758671875,19.195991868002977,19.322239361702128,-18.191747058823527,65.18470619103658,80.32449898364271
7,4,12,2,3,4,0.29210398569527274,4.518727905095032,128,6.474456246838645,74.21875,95,33,9.5599265625,19.02968393302382,19.224800000000005,-18.26319393939394,66.01308077044308,81.01309791005885
7,4,12,2,5,2,0.29210398569527274,4.518727905095032,128,6.474456246838645,71.09375,91,37,8.43668671875,19.55562190136617,19.235356043956045,-18.122202702702705,62.716684425013945,78.24160023219741
7,4,12,2,5,3,0.29210398569527274,4.518727905095032,128,6.474456246838645,72.65625,93,35,9.014728125,19.306742224859054,19.240598924731184,-18.156871428571424,64.35923144931466,79.63300021954198
7,4,12,2,5,4,0.29210398569527274,4.518727905095032,128,6.474456246838645,73.4375,94,34,9.29794609375,19.05349188582743,19.154130851063833,-17.951505882352944,65.18470619103658,80.32449898364271
7,4,12,2,7,2,0.29210398569527274,4.518727905095032,128,6.474456246838645,71.09375,91,37,8.513559375,19.08906317964417,19.0383989010989,-17.37185675675676,62.716684425013945,78.24160023219741
7,4,12,2,7,3,0.29210398569527274,4.518727905095032,128,6.474456246838645,71.875,92,36,8.89108828125,19.16198037694837,19.24170652173913,-17.560491666666664,63.53658087171574,78.93867729131827
7,4,12,2,7,4,0.29210398569527274,4.518727905095032,128,6.474456246838645,72.65625,93,35,9.1590078125,19.044815541068502,19.23026666666667,-17.601765714285712,64.35923144931466,79.63300021954198
7,4,12,3,3,2,0.29210398569527274,4.518727905095032,128,6.474456246838645,73.4375,94,34,9.18339921875,18.23410108278993,18.64091595744681,-16.963852941176466,65.18470619103658,80.32449898364271
7,4,12,3,3,3,0.29210398569527274,4.518727905095032,128,6.474456246838645,73.4375,94,34,9.503265625000001,18.56506636189287,19.085838297872343,-16.989729411764703,65.18470619103658,80.32449898364271
7,4,12,3,3,4,0.29210398569527274,4.518727905095032,128,6.474456246838645,73.4375,94,34,9.437553125,18.714900179895558,19.13751595744681,-17.379991176470586,65.18470619103658,80.32449898364271
7,4,12,3,5,2,0.29210398569527274,4.518727905095032,128,6.474456246838645,70.3125,90,38,8.26769140625,19.20951133708535,19.117405555555557,-17.429,61.89947723495539,77.54183391643332
7,4,12,3,5,3,0.29210398569527274,4.518727905095032,128,6.474456246838645,71.875,92,36,8.847081249999999,18.969725201807393,19.107301086956518,-17.373480555555552,63.53658087171574,78.93867729131827
7,4,12,3,5,4,0.29210398569527274,4.518727905095032,128,6.474456246838645,72.65625,93,35,9.107390625,18.82938533267113,19.080340860215053,-17.392162857142853,64.35923144931466,79.63300021954198
7,4,12,3,7,2,0.29210398569527274,4.518727905095032,128,6.474456246838645,69.53125,89,39,8.26740703125,19.198203552605463,19.33436404494382,-16.98795641025641,61.08489916080531,76.83943848476078
7,4,12,3,7,3,0.29210398569527274,4.518727905095032,128,6.474456246838645,70.3125,90,38,8.364556250000001,19.092747853643154,19.13782,-17.151068421052628,61.89947723495539,77.54183391643332
7,4,12,3,7,4,0.29210398569527274,4.518727905095032,128,6.474456246838645,72.65625,93,35,9.25441171875,18.903635127799618,19.260177419354843,-17.33233714285714,64.35923144931466,79.63300021954198
7,4,12,4,3,2,0.29210398569527274,4.518727905095032,128,6.474456246838645,72.65625,93,35,9.1596125,18.116286252652102,18.7804688172043,-16.404377142857147,64.35923144931466,79.63300021954198
7,4,12,4,3,3,0.29210398569527274,4.518727905095032,128,6.474456246838645,74.21875,95,33,9.736743749999999,18.1171620759201,18.867055789473685,-16.547487878787877,66.01308077044308,81.01309791005885
7,4,12,4,3,4,0.29210398569527274,4.518727905095032,128,6.474456246838645,73.4375,94,34,9.38523984375,18.500017778660705,18.92512234042553,-16.989729411764703,65.18470619103658,80.32449898364271
7,4,12,4,5,2,0.29210398569527274,4.518727905095032,128,6.474456246838645,70.3125,90,38,8.54810078125,19.194724244997516,19.311993333333334,-16.94532894736842,61.89947723495539,77.54183391643332
7,4,12,4,5,3,0.29210398569527274,4.518727905095032,128,6.474456246838645,71.875,92,36,9.104602343749999,18.84599659742075,19.213117391304348,-16.72826944444444,63.53658087171574,78.93867729131827
7,4,12,4,5,4,0.29210398569527274,4.518727905095032,128,6.474456246838645,72.65625,93,35,9.351821093749999,18.772558600051998,19.196823655913978,-16.80775714285714,64.35923144931466,79.63300021954198
7,4,12,4,7,2,0.29210398569527274,4.518727905095032,128,6.474456246838645,68.75,88,40,8.149768750000002,19.476661414217148,19.53650909090909,-16.90106,60.27289441827964,76.13446972146379
7,4,12,4,7,3,0.29210398569527274,4.518727905095032,128,6.474456246838645,69.53125,89,39,8.406205468749999,19.399275855339155,19.533984269662923,-16.98795641025641,61.08489916080531,76.83943848476078
7,4,12,4,7,4,0.29210398569527274,4.518727905095032,128,6.474456246838645,71.09375,91,37,8.885202343749999,19.15339807299459,19.41674945054945,-17.016710810810807,62.716684425013945,78.24160023219741
7,5,8,2,3,2,0.29210398569527274,4.518727905095032,128,6.474456246838645,73.4375,94,34,9.122525,18.474207027351643,18.719264893617023,-17.409638235294114,65.18470619103658,80.32449898364271
7,5,8,2,3,3,0.29210398569527274,4.518727905095032,128,6.474456246838645,74.21875,95,33,9.831559375000001,18.82300227620006,19.365753684210528,-17.615363636363632,66.01308077044308,81.01309791005885
7,5,8,2,3,4,0.29210398569527274,4.518727905095032,128,6.474456246838645,75.0,96,32,10.078892968749999,18.5944172783004,19.273685416666666,-17.505484375,66.84443704768313,81.69871513864145
7,5,8,2,5,2,0.29210398569527274,4.518727905095032,128,6.474456246838645,71.875,92,36,8.840199218750001,19.142868451199277,19.183202173913045,-17.591919444444443,63.53658087171574,78.93867729131827
7,5,8,2,5,3,0.29210398569527274,4.518727905095032,128,6.474456246838645,73.4375,94,34,9.418240625,18.87610110382858,19.189498936170217,-17.596414705882353,65.18470619103658,80.32449898364271
7,5,8,2,5,4,0.29210398569527274,4.518727905095032,128,6.474456246838645,75.0,96,32,9.93116796875,18.462014422860545,19.036773958333335,-17.38565,66.84443704768313,81.69871513864145
7,5,8,2,7,2,0.29210398569527274,4.518727905095032,128,6.474456246838645,71.875,92,36,8.9269984375,18.666387833679025,19.002196739130433,-16.820730555555556,63.53658087171574,78.93867729131827
7,5,8,2,7,3,0.29210398569527274,4.518727905095032,128,6.474456246838645,72.65625,93,35,9.304527343750001,18.732553622469503,19.203707526881722,-16.99900857142857,64.35923144931466,79.63300021954198
7,5,8,2,7,4,0.29210398569527274,4.518727905095032,128,6.474456246838645,74.21875,95,33,9.80215625,18.4594804320069,19.123446315789476,-17.031860606060604,66.01308077044308,81.01309791005885
7,5,8,3,3,2,0.29210398569527274,4.518727905095032,128,6.474456246838645,73.4375,94,34,9.15475546875,18.130001121266794,18.54555531914894,-16.808044117647057,65.18470619103658,80.32449898364271
7,5,8,3,3,3,0.29210398569527274,4.518727905095032,128,6.474456246838645,74.21875,95,33,9.663490625,18.37049588834474,18.923995789473686,-16.995539393939396,66.01308077044308,81.01309791005885
7,5,8,3,3,4,0.29210398569527274,4.518727905095032,128,6.474456246838645,74.21875,95,33,9.549236718749999,18.5062573611805,18.909726315789477,-17.397627272727274,66.01308077044308,81.01309791005885
7,5,8,3,5,2,0.29210398569527274,4.518727905095032,128,6.474456246838645,71.09375,91,37,8.61127890625,19.278210067166597,19.20601868131868,-17.446054054054052,62.716684425013945,78.24160023219741
7,5,8,3,5,3,0.29210398569527274,4.518727905095032,128,6.474456246838645,72.65625,93,35,9.194821875,19.02945556643984,19.199833333333334,-17.389922857142853,64.35923144931466,79.63300021954198
7,5,8,3,5,4,0.29210398569527274,4.518727905095032,128,6.474456246838645,73.4375,94,34,9.56021484375,18.94012710263453,19.315268085106386,-17.409638235294114,65.18470619103658,80.32449898364271
7,5,8,3,7,2,0.29210398569527274,4.518727905095032,128,6.474456246838645,70.3125,90,38,8.72023125,19.326675920418236,19.576909999999998,-16.992955263157892,61.89947723495539,77.54183391643332
7,5,8,3,7,3,0.29210398569527274,4.518727905095032,128,6.474456246838645,71.09375,91,37,8.817380468749999,19.219618291485475,19.379860439560442,-17.160610810810812,62.716684425013945,78.24160023219741
7,5,8,3,7,4,0.29210398569527274,4.518727905095032,128,6.474456246838645,73.4375,94,34,9.7072359375,19.010415194261956,19.493191489361703,-17.34805294117647,65.18470619103658,80.32449898364271
7,5,8,4,3,2,0.29210398569527274,4.518727905095032,128,6.474456246838645,72.65625,93,35,9.09972890625,18.21516376152241,18.7804688172043,-16.62338,64.35923144931466,79.63300021954198
7,5,8,4,3,3,0.29210398569527274,4.518727905095032,128,6.474456246838645,74.21875,95,33,9.621230468750001,18.333521390493388,18.867055789473685,-16.995539393939396,66.01308077044308,81.01309791005885
7,5,8,4,3,4,0.29210398569527274,4.518727905095032,128,6.474456246838645,73.4375,94,34,9.38523984375,18.500017778660705,18.92512234042553,-16.989729411764703,65.18470619103658,80.32449898364271
7,5,8,4,5,2,0.29210398569527274,4.518727905095032,128,6.474456246838645,70.3125,90,38,8.54810078125,19.194724244997516,19.311993333333334,-16.94532894736842,61.89947723495539,77.54183391643332
7,5,8,4,5,3,0.29210398569527274,4.518727905095032,128,6.474456246838645,71.875,92,36,9.104602343749999,18.84599659742075,19.213117391304348,-16.72826944444444,63.53658087171574,78.93867729131827
7,5,8,4,5,4,0.29210398569527274,4.518727905095032,128,6.474456246838645,72.65625,93,35,9.351821093749999,18.772558600051998,19.196823655913978,-16.80775714285714,64.35923144931466,79.63300021954198
7,5,8,4,7,2,0.29210398569527274,4.518727905095032,128,6.474456246838645,68.75,88,40,8.040532031249999,19.414159771870274,19.377619318181818,-16.90106,60.27289441827964,76.13446972146379
7,5,8,4,7,3,0.29210398569527274,4.518727905095032,128,6.474456246838645,69.53125,89,39,8.296968750000001,19.337984105519247,19.376879775280898,-16.98795641025641,61.08489916080531,76.83943848476078
7,5,8,4,7,4,0.29210398569527274,4.518727905095032,128,6.474456246838645,71.09375,91,37,8.78011875,19.094875010709192,19.268939560439563,-17.016710810810807,62.716684425013945,78.24160023219741
7,5,10,2,3,2,0.29210398569527274,4.518727905095032,128,6.474456246838645,72.65625,93,35,8.580253125,18.80723245344156,18.574327956989247,-17.975431428571426,64.35923144931466,79.63300021954198
7,5,10,2,3,3,0.29210398569527274,4.518727905095032,128,6.474456246838645,73.4375,94,34,9.2892875,19.170188202239732,19.22923617021277,-18.191747058823527,65.18470619103658,80.32449898364271
7,5,10,2,3,4,0.29210398569527274,4.518727905095032,128,6.474456246838645,74.21875,95,33,9.53662109375,18.952926190975766,19.137635789473688,-18.102663636363634,66.01308077044308,81.01309791005885
7,5,10,2,5,2,0.29210398569527274,4.518727905095032,128,6.474456246838645,71.09375,91,37,8.3683875,19.527047289873217,19.139286813186814,-18.122202702702705,62.716684425013945,78.24160023219741
7,5,10,2,5,3,0.29210398569527274,4.518727905095032,128,6.474456246838645,72.65625,93,35,8.94642890625,19.279862668872283,19.146595698924735,-18.156871428571424,64.35923144931466,79.63300021954198
7,5,10,2,5,4,0.29210398569527274,4.518727905095032,128,6.474456246838645,74.21875,95,33,9.459356249999999,18.887554356407815,18.993166315789477,-17.986460606060604,66.01308077044308,81.01309791005885
7,5,10,2,7,2,0.29210398569527274,4.518727905095032,128,6.474456246838645,71.09375,91,37,8.45518671875,19.062338491981855,18.95629230769231,-17.37185675675676,62.716684425013945,78.24160023219741
7,5,10,2,7,3,0.29210398569527274,4.518727905095032,128,6.474456246838645,71.875,92,36,8.832715624999999,19.13651821644308,19.16049239130435,-17.560491666666664,63.53658087171574,78.93867729131827
7,5,10,2,7,4,0.29210398569527274,4.518727905095032,128,6.474456246838645,73.4375,94,34,9.330344531249999,18.88182866630638,19.080296808510642,-17.62540588235294,65.18470619103658,80.32449898364271
7,5,10,3,3,2,0.29210398569527274,4.518727905095032,128,6.474456246838645,73.4375,94,34,9.16769765625,18.138536273618236,18.563178723404256,-16.808044117647057,65.18470619103658,80.32449898364271
7,5,10,3,3,3,0.29210398569527274,4.518727905095032,128,6.474456246838645,73.4375,94,34,9.503265625000001,18.56506636189287,19.085838297872343,-16.989729411764703,65.18470619103658,80.32449898364271
7,5,10,3,3,4,0.29210398569527274,4.518727905095032,128,6.474456246838645,73.4375,94,34,9.437553125,18.714900179895558,19.13751595744681,-17.379991176470586,65.18470619103658,80.32449898364271
7,5,10,3,5,2,0.29210398569527274,4.518727905095032,128,6.474456246838645,70.3125,90,38,8.26769140625,19.20951133708535,19.117405555555557,-17.429,61.89947723495539,77.54183391643332
7,5,10,3,5,3,0.29210398569527274,4.518727905095032,128,6.474456246838645,71.875,92,36,8.847081249999999,18.969725201807393,19.107301086956518,-17.373480555555552,63.53658087171574,78.93867729131827
7,5,10,3,5,4,0.29210398569527274,4.518727905095032,128,6.474456246838645,72.65625,93,35,9.107390625,18.82938533267113,19.080340860215053,-17.392162857142853,64.35923144931466,79.63300021954198
7,5,10,3,7,2,0.29210398569527274,4.518727905095032,128,6.474456246838645,69.53125,89,39,8.26740703125,19.198203552605463,19.33436404494382,-16.98795641025641,61.08489916080531,76.83943848476078
7,5,10,3,7,3,0.29210398569527274,4.518727905095032,128,6.474456246838645,70.3125,90,38,8.364556250000001,19.092747853643154,19.13782,-17.151068421052628,61.89947723495539,77.54183391643332
7,5,10,3,7,4,0.29210398569527274,4.518727905095032,128,6.474456246838645,72.65625,93,35,9.25441171875,18.903635127799618,19.260177419354843,-17.33233714285714,64.35923144931466,79.63300021954198
7,5,10,4,3,2,0.29210398569527274,4.518727905095032,128,6.474456246838645,72.65625,93,35,9.1596125,18.116286252652102,18.7804688172043,-16.404377142857147,64.35923144931466,79.63300021954198
7,5,10,4,3,3,0.29210398569527274,4.518727905095032,128,6.474456246838645,74.21875,95,33,9.736743749999999,18.1171620759201,18.867055789473685,-16.547487878787877,66.01308077044308,81.01309791005885
7,5,10,4,3,4,0.29210398569527274,4.518727905095032,128,6.474456246838645,73.4375,94,34,9.38523984375,18.500017778660705,18.92512234042553,-16.989729411764703,65.18470619103658,80.32449898364271
7,5,10,4,5,2,0.29210398569527274,4.518727905095032,128,6.474456246838645,70.3125,90,38,8.54810078125,19.194724244997516,19.311993333333334,-16.94532894736842,61.89947723495539,77.54183391643332
7,5,10,4,5,3,0.29210398569527274,4.518727905095032,128,6.474456246838645,71.875,92,36,9.104602343749999,18.84599659742075,19.213117391304348,-16.72826944444444,63.53658087171574,78.93867729131827
7,5,10,4,5,4,0.29210398569527274,4.518727905095032,128,6.474456246838645,72.65625,93,35,9.351821093749999,18.772558600051998,19.196823655913978,-16.80775714285714,64.35923144931466,79.63300021954198
7,5,10,4,7,2,0.29210398569527274,4.518727905095032,128,6.474456246838645,68.75,88,40,8.040532031249999,19.414159771870274,19.377619318181818,-16.90106,60.27289441827964,76.13446972146379
7,5,10,4,7,3,0.29210398569527274,4.518727905095032,128,6.474456246838645,69.53125,89,39,8.296968750000001,19.337984105519247,19.376879775280898,-16.98795641025641,61.08489916080531,76.83943848476078
7,5,10,4,7,4,0.29210398569527274,4.518727905095032,128,6.474456246838645,71.09375,91,37,8.78011875,19.094875010709192,19.268939560439563,-17.016710810810807,62.716684425013945,78.24160023219741
7,5,12,2,3,2,0.29210398569527274,4.518727905095032,128,6.474456246838645,72.65625,93,35,8.64855234375,18.83612476744195,18.6683311827957,-17.975431428571426,64.35923144931466,79.63300021954198
7,5,12,2,3,3,0.29210398569527274,4.518727905095032,128,6.474456246838645,73.4375,94,34,9.35758671875,19.195991868002977,19.322239361702128,-18.191747058823527,65.18470619103658,80.32449898364271
7,5,12,2,3,4,0.29210398569527274,4.518727905095032,128,6.474456246838645,74.21875,95,33,9.5599265625,19.02968393302382,19.224800000000005,-18.26319393939394,66.01308077044308,81.01309791005885
7,5,12,2,5,2,0.29210398569527274,4.518727905095032,128,6.474456246838645,71.09375,91,37,8.43668671875,19.55562190136617,19.235356043956045,-18.122202702702705,62.716684425013945,78.24160023219741
7,5,12,2,5,3,0.29210398569527274,4.518727905095032,128,6.474456246838645,72.65625,93,35,9.014728125,19.306742224859054,19.240598924731184,-18.156871428571424,64.35923144931466,79.63300021954198
7,5,12,2,5,4,0.29210398569527274,4.518727905095032,128,6.474456246838645,73.4375,94,34,9.29794609375,19.05349188582743,19.154130851063833,-17.951505882352944,65.18470619103658,80.32449898364271
7,5,12,2,7,2,0.29210398569527274,4.518727905095032,128,6.474456246838645,71.09375,91,37,8.513559375,19.08906317964417,19.0383989010989,-17.37185675675676,62.716684425013945,78.24160023219741
7,5,12,2,7,3,0.29210398569527274,4.518727905095032,128,6.474456246838645,71.875,92,36,8.89108828125,19.16198037694837,19.24170652173913,-17.560491666666664,63.53658087171574,78.93867729131827
7,5,12,2,7,4,0.29210398569527274,4.518727905095032,128,6.474456246838645,72.65625,93,35,9.1590078125,19.044815541068502,19.23026666666667,-17.601765714285712,64.35923144931466,79.63300021954198
7,5,12,3,3,2,0.29210398569527274,4.518727905095032,128,6.474456246838645,73.4375,94,34,9.18339921875,18.23410108278993,18.64091595744681,-16.963852941176466,65.18470619103658,80.32449898364271
7,5,12,3,3,3,0.29210398569527274,4.518727905095032,128,6.474456246838645,73.4375,94,34,9.503265625000001,18.56506636189287,19.085838297872343,-16.989729411764703,65.18470619103658,80.32449898364271
7,5,12,3,3,4,0.29210398569527274,4.518727905095032,128,6.474456246838645,73.4375,94,34,9.437553125,18.714900179895558,19.13751595744681,-17.379991176470586,65.18470619103658,80.32449898364271
7,5,12,3,5,2,0.29210398569527274,4.518727905095032,128,6.474456246838645,70.3125,90,38,8.26769140625,19.20951133708535,19.117405555555557,-17.429,61.89947723495539,77.54183391643332
7,5,12,3,5,3,0.29210398569527274,4.518727905095032,128,6.474456246838645,71.875,92,36,8.847081249999999,18.969725201807393,19.107301086956518,-17.373480555555552,63.53658087171574,78.93867729131827
7,5,12,3,5,4,0.29210398569527274,4.518727905095032,128,6.474456246838645,72.65625,93,35,9.107390625,18.82938533267113,19.080340860215053,-17.392162857142853,64.35923144931466,79.63300021954198
7,5,12,3,7,2,0.29210398569527274,4.518727905095032,128,6.474456246838645,69.53125,89,39,8.26740703125,19.198203552605463,19.33436404494382,-16.98795641025641,61.08489916080531,76.83943848476078
7,5,12,3,7,3,0.29210398569527274,4.518727905095032,128,6.474456246838645,70.3125,90,38,8.364556250000001,19.092747853643154,19.13782,-17.151068421052628,61.89947723495539,77.54183391643332
7,5,12,3,7,4,0.29210398569527274,4.518727905095032,128,6.474456246838645,72.65625,93,35,9.25441171875,18.903635127799618,19.260177419354843,-17.33233714285714,64.35923144931466,79.63300021954198
7,5,12,4,3,2,0.29210398569527274,4.518727905095032,128,6.474456246838645,72.65625,93,35,9.1596125,18.116286252652102,18.7804688172043,-16.404377142857147,64.35923144931466,79.63300021954198
7,5,12,4,3,3,0.29210398569527274,4.518727905095032,128,6.474456246838645,74.21875,95,33,9.736743749999999,18.1171620759201,18.867055789473685,-16.547487878787877,66.01308077044308,81.01309791005885
7,5,12,4,3,4,0.29210398569527274,4.518727905095032,128,6.474456246838645,73.4375,94,34,9.38523984375,18.500017778660705,18.92512234042553,-16.989729411764703,65.18470619103658,80.32449898364271
7,5,12,4,5,2,0.29210398569527274,4.518727905095032,128,6.474456246838645,70.3125,90,38,8.54810078125,19.194724244997516,19.311993333333334,-16.94532894736842,61.89947723495539,77.54183391643332
7,5,12,4,5,3,0.29210398569527274,4.518727905095032,128,6.474456246838645,71.875,92,36,9.104602343749999,18.84599659742075,19.213117391304348,-16.72826944444444,63.53658087171574,78.93867729131827
7,5,12,4,5,4,0.29210398569527274,4.518727905095032,128,6.474456246838645,72.65625,93,35,9.351821093749999,18.772558600051998,19.196823655913978,-16.80775714285714,64.35923144931466,79.63300021954198
7,5,12,4,7,2,0.29210398569527274,4.518727905095032,128,6.474456246838645,68.75,88,40,8.149768750000002,19.476661414217148,19.53650909090909,-16.90106,60.27289441827964,76.13446972146379
7,5,12,4,7,3,0.29210398569527274,4.518727905095032,128,6.474456246838645,69.53125,89,39,8.406205468749999,19.399275855339155,19.533984269662923,-16.98795641025641,61.08489916080531,76.83943848476078
7,5,12,4,7,4,0.29210398569527274,4.518727905095032,128,6.474456246838645,71.09375,91,37,8.885202343749999,19.15339807299459,19.41674945054945,-17.016710810810807,62.716684425013945,78.24160023219741
8,2,8,2,3,2,0.3199138473885012,4.291247706050355,148,7.486090035407182,71.62162162162163,106,42,8.450981756756757,18.84689933421099,18.762615094339623,-17.573616666666663,63.882960624541866,78.26626561252692
8,2,8,2,3,3,0.3199138473885012,4.291247706050355,148,7.486090035407182,72.2972972972973,107,41,8.833232432432434,19.04870479853678,19.107303738317757,-17.979587804878047,64.59259898729894,78.87379056967825
8,2,8,2,3,4,0.3199138473885012,4.291247706050355,148,7.486090035407182,72.2972972972973,107,41,8.833232432432434,19.04870479853678,19.107303738317757,-17.979587804878047,64.59259898729894,78.87379056967825
8,2,8,2,5,2,0.3199138473885012,4.291247706050355,148,7.486090035407182,72.2972972972973,107,41,8.824390540540541,18.5191889687035,18.755974766355138,-17.09462195121951,64.59259898729894,78.87379056967825
8,2,8,2,5,3,0.3199138473885012,4.291247706050355,148,7.486090035407182,73.64864864864865,109,39,9.328842567567568,18.44976190105419,18.883118348623853,-17.37413333333333,66.01778767647633,80.08292852031765
8,2,8,2,5,4,0.3199138473885012,4.291247706050355,148,7.486090035407182,73.64864864864865,109,39,9.545558108108109,18.481086152737337,19.110446788990828,-17.18707948717948,66.01778767647633,80.08292852031765
8,2,8,2,7,2,0.3199138473885012,4.291247706050355,148,7.486090035407182,72.2972972972973,107,41,8.750968243243245,18.71840228104704,18.779392523364486,-17.420773170731707,64.59259898729894,78.87379056967825
8,2,8,2,7,3,0.3199138473885012,4.291247706050355,148,7.486090035407182,72.2972972972973,107,41,8.78705810810811,19.160136092223322,19.02228785046729,-17.924395121951218,64.59259898729894,78.87379056967825
8,2,8,2,7,4,0.3199138473885012,4.291247706050355,148,7.486090035407182,73.64864864864865,109,39,9.265381081081081,18.97643595852696,19.038828440366974,-18.05015128205128,66.01778767647633,80.08292852031765
8,2,8,3,3,2,0.3199138473885012,4.291247706050355,148,7.486090035407182,72.2972972972973,107,41,8.755535135135137,18.54077629842982,18.68728785046729,-17.163917073170733,64.59259898729894,78.87379056967825
8,2,8,3,3,3,0.3199138473885012,4.291247706050355,148,7.486090035407182,73.64864864864865,109,39,9.55218445945946,18.90239004670531,19.20468899082569,-17.425328205128203,66.01778767647633,80.08292852031765
8,2,8,3,3,4,0.3199138473885012,4.291247706050355,148,7.486090035407182,72.97297297297297,108,40,9.553849324324325,19.060829070716224,19.49266203703704,-17.280945,65.30419326069712,79.47935961618846
8,2,8,3,5,2,0.3199138473885012,4.291247706050355,148,7.486090035407182,71.62162162162163,106,42,8.695706756756758,18.674967190101903,18.88183867924528,-17.01215,63.882960624541866,78.26626561252692
8,2,8,3,5,3,0.3199138473885012,4.291247706050355,148,7.486090035407182,72.97297297297297,108,40,9.041680405405407,18.52272691625721,18.78127037037037,-17.255212500000003,65.30419326069712,79.47935961618846
8,2,8,3,5,4,0.3199138473885012,4.291247706050355,148,7.486090035407182,72.97297297297297,108,40,9.287063513513514,18.693302669709833,19.09951481481481,-17.206555,65.30419326069712,79.47935961618846
8,2,8,3,7,2,0.3199138473885012,4.291247706050355,148,7.486090035407182,70.27027027027027,104,44,8.330621621621622,18.949440764194595,19.021806730769235,-16.939452272727273,62.46938877766566,77.04551081958633
8,2,8,3,7,3,0.3199138473885012,4.291247706050355,148,7.486090035407182,71.62162162162163,106,42,8.743765540540542,18.726517359375215,18.922136792452832,-16.944504761904764,63.882960624541866,78.26626561252692
8,2,8,3,7,4,0.3199138473885012,4.291247706050355,148,7.486090035407182,73.64864864864865,109,39,9.375972297297299,18.570905472943686,18.94711100917431,-17.37413333333333,66.01778767647633,80.08292852031765
8,2,8,4,3,2,0.3199138473885012,4.291247706050355,148,7.486090035407182,72.2972972972973,107,41,8.73984256756757,18.386657968951923,18.588489719626168,-16.962724390243903,64.59259898729894,78.87379056967825
8,2,8,4,3,3,0.3199138473885012,4.291247706050355,148,7.486090035407182,72.2972972972973,107,41,8.896413513513512,18.720171673978246,18.939879439252337,-17.31458292682927,64.59259898729894,78.87379056967825
8,2,8,4,3,4,0.3199138473885012,4.291247706050355,148,7.486090035407182,72.2972972972973,107,41,9.308356081081081,18.93702256203432,19.34289813084112,-16.87935121951219,64.59259898729894,78.87379056967825
8,2,8,4,5,2,0.3199138473885012,4.291247706050355,148,7.486090035407182,70.27027027027027,104,44,8.022594594594596,18.693200139156367,18.572161538461536,-16.91274545454545,62.46938877766566,77.04551081958633
8,2,8,4,5,3,0.3199138473885012,4.291247706050355,148,7.486090035407182,70.27027027027027,104,44,8.135199324324326,18.760288502896334,18.73240673076923,-16.91274545454545,62.46938877766566,77.04551081958633
8,2,8,4,5,4,0.3199138473885012,4.291247706050355,148,7.486090035407182,70.27027027027027,104,44,8.30262364864865,18.89097181900507,18.970664423076922,-16.91274545454545,62.46938877766566,77.04551081958633
8,2,8,4,7,2,0.3199138473885012,4.291247706050355,148,7.486090035407182,69.5945945945946,103,45,7.9315858108108115,18.90475221982723,18.817379611650487,-16.984786666666665,61.76538029488693,76.43235598245664
8,2,8,4,7,3,0.3199138473885012,4.291247706050355,148,7.486090035407182,69.5945945945946,103,45,7.971220945945946,18.92534862670919,18.87433106796117,-16.984786666666665,61.76538029488693,76.43235598245664
8,2,8,4,7,4,0.3199138473885012,4.291247706050355,148,7.486090035407182,70.27027027027027,104,44,8.24905337837838,18.827304985988587,18.89442980769231,-16.91274545454545,62.46938877766566,77.04551081958633
8,2,10,2,3,2,0.3199138473885012,4.291247706050355,148,7.486090035407182,71.62162162162163,106,42,8.474198648648649,18.86017121855821,18.79503113207547,-17.573616666666663,63.882960624541866,78.26626561252692
8,2,10,2,3,3,0.3199138473885012,4.291247706050355,148,7.486090035407182,72.2972972972973,107,41,8.851247972972972,19.058900095682507,19.132222429906545,-17.979587804878047,64.59259898729894,78.87379056967825
8,2,10,2,3,4,0.3199138473885012,4.291247706050355,148,7.486090035407182,72.2972972972973,107,41,8.856449324324325,19.061367429756352,19.139416822429908,-17.979587804878047,64.59259898729894,78.87379056967825
8,2,10,2,5,2,0.3199138473885012,4.291247706050355,148,7.486090035407182,71.62162162162163,106,42,8.35539864864865,18.799996669427216,18.629159433962265,-17.573616666666663,63.882960624541866,78.26626561252692
8,2,10,2,5,3,0.3199138473885012,4.291247706050355,148,7.486090035407182,72.97297297297297,108,40,8.883067567567569,18.757157166368227,18.791644444444447,-17.870089999999998,65.30419326069712,79.47935961618846
8,2,10,2,5,4,0.3199138473885012,4.291247706050355,148,7.486090035407182,72.97297297297297,108,40,9.099783108108108,18.793145113463556,19.02107777777778,-17.6877125,65.30419326069712,79.47935961618846
8,2,10,2,7,2,0.3199138473885012,4.291247706050355,148,7.486090035407182,71.62162162162163,106,42,8.219654054054056,18.899861530966604,18.565782075471695,-17.89200238095238,63.882960624541866,78.26626561252692
8,2,10,2,7,3,0.3199138473885012,4.291247706050355,148,7.486090035407182,71.62162162162163,106,42,8.25574391891892,19.338448955560878,18.81096886792453,-18.383633333333332,63.882960624541866,78.26626561252692
8,2,10,2,7,4,0.3199138473885012,4.291247706050355,148,7.486090035407182,72.97297297297297,108,40,8.734066891891892,19.169810950335883,18.83157592592593,-18.529207500000002,65.30419326069712,79.47935961618846
8,2,10,3,3,2,0.3199138473885012,4.291247706050355,148,7.486090035407182,71.62162162162163,106,42,8.503422297297298,18.547470060683438,18.670048113207546,-17.15520476190476,63.882960624541866,78.26626561252692
8,2,10,3,3,3,0.3199138473885012,4.291247706050355,148,7.486090035407182,72.97297297297297,108,40,9.300071621621623,18.919646746630455,19.192559259259255,-17.409645,65.30419326069712,79.47935961618846
8,2,10,3,3,4,0.3199138473885012,4.291247706050355,148,7.486090035407182,72.2972972972973,107,41,9.167137162162163,19.002925907130063,19.296935514018692,-17.269165853658535,64.59259898729894,78.87379056967825
8,2,10,3,5,2,0.3199138473885012,4.291247706050355,148,7.486090035407182,70.94594594594594,105,43,8.308994594594596,18.59790752643994,18.676566666666666,-17.00716976744186,63.17523679742286,77.65682611973752
8,2,10,3,5,3,0.3199138473885012,4.291247706050355,148,7.486090035407182,72.2972972972973,107,41,8.635249324324326,18.438297709274842,18.551620560747665,-17.244060975609756,64.59259898729894,78.87379056967825
8,2,10,3,5,4,0.3199138473885012,4.291247706050355,148,7.486090035407182,72.2972972972973,107,41,8.880632432432433,18.615042149711602,18.872839252336448,-17.19659024390244,64.59259898729894,78.87379056967825
8,2,10,3,7,2,0.3199138473885012,4.291247706050355,148,7.486090035407182,69.5945945945946,103,45,7.9865128378378385,18.94729174289144,18.87512427184466,-16.936308888888888,61.76538029488693,76.43235598245664
8,2,10,3,7,3,0.3199138473885012,4.291247706050355,148,7.486090035407182,70.94594594594594,105,43,8.399656756756757,18.731985443776974,18.77729904761905,-16.9410976744186,63.17523679742286,77.65682611973752
8,2,10,3,7,4,0.3199138473885012,4.291247706050355,148,7.486090035407182,72.97297297297297,108,40,9.031863513513514,18.588206260195868,18.806527777777777,-17.359730000000003,65.30419326069712,79.47935961618846
8,2,10,4,3,2,0.3199138473885012,4.291247706050355,148,7.486090035407182,72.2972972972973,107,41,8.713183783783785,18.421005844500908,18.588489719626168,-17.058956097560976,64.59259898729894,78.87379056967825
8,2,10,4,3,3,0.3199138473885012,4.291247706050355,148,7.486090035407182,72.2972972972973,107,41,8.896413513513512,18.720171673978246,18.939879439252337,-17.31458292682927,64.59259898729894,78.87379056967825
8,2,10,4,3,4,0.3199138473885012,4.291247706050355,148,7.486090035407182,72.2972972972973,107,41,9.308356081081081,18.93702256203432,19.34289813084112,-16.87935121951219,64.59259898729894,78.87379056967825
8,2,10,4,5,2,0.3199138473885012,4.291247706050355,148,7.486090035407182,70.94594594594594,105,43,8.295207432432433,18.676566066445353,18.65713333333333,-17.00716976744186,63.17523679742286,77.65682611973752
8,2,10,4,5,3,0.3199138473885012,4.291247706050355,148,7.486090035407182,70.94594594594594,105,43,8.407812162162163,18.74206500524431,18.81585238095238,-17.00716976744186,63.17523679742286,77.65682611973752
8,2,10,4,5,4,0.3199138473885012,4.291247706050355,148,7.486090035407182,70.94594594594594,105,43,8.53325472972973,18.854401478509857,18.992666666666665,-17.00716976744186,63.17523679742286,77.65682611973752
8,2,10,4,7,2,0.3199138473885012,4.291247706050355,148,7.486090035407182,70.27027027027027,104,44,8.162216891891893,18.872774181644452,18.841067307692306,-17.078702272727273,62.46938877766566,77.04551081958633
8,2,10,4,7,3,0.3199138473885012,4.291247706050355,148,7.486090035407182,70.27027027027027,104,44,8.201852027027028,18.892918326823132,18.897471153846155,-17.078702272727273,62.46938877766566,77.04551081958633
8,2,10,4,7,4,0.3199138473885012,4.291247706050355,148,7.486090035407182,70.94594594594594,105,43,8.421062162162164,18.749336099021445,18.83452857142857,-17.00716976744186,63.17523679742286,77.65682611973752
8,2,12,2,3,2,0.3199138473885012,4.291247706050355,148,7.486090035407182,71.62162162162163,106,42,8.474198648648649,18.86017121855821,18.79503113207547,-17.573616666666663,63.882960624541866,78.26626561252692
8,2,12,2,3,3,0.3199138473885012,4.291247706050355,148,7.486090035407182,72.2972972972973,107,41,8.851247972972972,19.058900095682507,19.132222429906545,-17.979587804878047,64.59259898729894,78.87379056967825
8,2,12,2,3,4,0.3199138473885012,4.291247706050355,148,7.486090035407182,71.62162162162163,106,42,8.58180472972973,19.13655736254506,19.094983018867925,-17.95145476190476,63.882960624541866,78.26626561252692
8,2,12,2,5,2,0.3199138473885012,4.291247706050355,148,7.486090035407182,71.62162162162163,106,42,8.425316891891892,18.82738948740353,18.72678113207547,-17.573616666666663,63.882960624541866,78.26626561252692
8,2,12,2,5,3,0.3199138473885012,4.291247706050355,148,7.486090035407182,72.97297297297297,108,40,8.883067567567569,18.757157166368227,18.791644444444447,-17.870089999999998,65.30419326069712,79.47935961618846
8,2,12,2,5,4,0.3199138473885012,4.291247706050355,148,7.486090035407182,72.2972972972973,107,41,8.825138513513513,18.87296936166097,18.97595327102804,-17.66601219512195,64.59259898729894,78.87379056967825
8,2,12,2,7,2,0.3199138473885012,4.291247706050355,148,7.486090035407182,71.62162162162163,106,42,8.289572297297298,18.92761467291561,18.663403773584907,-17.89200238095238,63.882960624541866,78.26626561252692
8,2,12,2,7,3,0.3199138473885012,4.291247706050355,148,7.486090035407182,71.62162162162163,106,42,8.325662162162164,19.365442373269868,18.908590566037738,-18.383633333333332,63.882960624541866,78.26626561252692
8,2,12,2,7,4,0.3199138473885012,4.291247706050355,148,7.486090035407182,72.2972972972973,107,41,8.48263918918919,19.255807433283742,18.816793457943927,-18.486982926829267,64.59259898729894,78.87379056967825
8,2,12,3,3,2,0.3199138473885012,4.291247706050355,148,7.486090035407182,70.94594594594594,105,43,8.09536891891892,18.883671264683485,18.62710095238095,-17.621651162790698,63.17523679742286,77.65682611973752
8,2,12,3,3,3,0.3199138473885012,4.291247706050355,148,7.486090035407182,72.2972972972973,107,41,8.961936486486488,19.291116405262315,19.252007476635512,-17.892639024390245,64.59259898729894,78.87379056967825
8,2,12,3,3,4,0.3199138473885012,4.291247706050355,148,7.486090035407182,71.62162162162163,106,42,8.777099324324325,19.355416372711282,19.28546132075472,-17.744004761904762,63.882960624541866,78.26626561252692
8,2,12,3,5,2,0.3199138473885012,4.291247706050355,148,7.486090035407182,70.94594594594594,105,43,8.308994594594596,18.59790752643994,18.676566666666666,-17.00716976744186,63.17523679742286,77.65682611973752
8,2,12,3,5,3,0.3199138473885012,4.291247706050355,148,7.486090035407182,72.2972972972973,107,41,8.635249324324326,18.438297709274842,18.551620560747665,-17.244060975609756,64.59259898729894,78.87379056967825
8,2,12,3,5,4,0.3199138473885012,4.291247706050355,148,7.486090035407182,72.2972972972973,107,41,8.880632432432433,18.615042149711602,18.872839252336448,-17.19659024390244,64.59259898729894,78.87379056967825
8,2,12,3,7,2,0.3199138473885012,4.291247706050355,148,7.486090035407182,69.5945945945946,103,45,7.9865128378378385,18.94729174289144,18.87512427184466,-16.936308888888888,61.76538029488693,76.43235598245664
8,2,12,3,7,3,0.3199138473885012,4.291247706050355,148,7.486090035407182,70.94594594594594,105,43,8.399656756756757,18.731985443776974,18.77729904761905,-16.9410976744186,63.17523679742286,77.65682611973752
8,2,12,3,7,4,0.3199138473885012,4.291247706050355,148,7.486090035407182,72.97297297297297,108,40,9.031863513513514,18.588206260195868,18.806527777777777,-17.359730000000003,65.30419326069712,79.47935961618846
8,2,12,4,3,2,0.3199138473885012,4.291247706050355,148,7.486090035407182,72.2972972972973,107,41,8.771806081081083,18.46275438314326,18.66957476635514,-17.058956097560976,64.59259898729894,78.87379056967825
8,2,12,4,3,3,0.3199138473885012,4.291247706050355,148,7.486090035407182,72.2972972972973,107,41,8.955035810810811,18.76067807293201,19.020964485981306,-17.31458292682927,64.59259898729894,78.87379056967825
8,2,12,4,3,4,0.3199138473885012,4.291247706050355,148,7.486090035407182,72.2972972972973,107,41,9.361777027027028,18.973447307908998,19.416788785046727,-16.87935121951219,64.59259898729894,78.87379056967825
8,2,12,4,5,2,0.3199138473885012,4.291247706050355,148,7.486090035407182,70.94594594594594,105,43,8.295207432432433,18.676566066445353,18.65713333333333,-17.00716976744186,63.17523679742286,77.65682611973752
8,2,12,4,5,3,0.3199138473885012,4.291247706050355,148,7.486090035407182,70.94594594594594,105,43,8.427531081081082,18.756113426169986,18.843646666666665,-17.00716976744186,63.17523679742286,77.65682611973752
8,2,12,4,5,4,0.3199138473885012,4.291247706050355,148,7.486090035407182,70.94594594594594,105,43,8.55297364864865,18.868234270048614,19.020460952380954,-17.00716976744186,63.17523679742286,77.65682611973752
8,2,12,4,7,2,0.3199138473885012,4.291247706050355,148,7.486090035407182,70.27027027027027,104,44,8.181935810810812,18.88698353739342,18.869128846153846,-17.078702272727273,62.46938877766566,77.04551081958633
8,2,12,4,7,3,0.3199138473885012,4.291247706050355,148,7.486090035407182,70.27027027027027,104,44,8.221570945945945,18.907070925368245,18.92553269230769,-17.078702272727273,62.46938877766566,77.04551081958633
8,2,12,4,7,4,0.3199138473885012,4.291247706050355,148,7.486090035407182,70.94594594594594,105,43,8.440781081081083,18.763365056473656,18.862322857142857,-17.00716976744186,63.17523679742286,77.65682611973752
8,3,8,2,3,2,0.3199138473885012,4.291247706050355,148,7.486090035407182,71.62162162162163,106,42,8.450981756756757,18.84689933421099,18.762615094339623,-17.573616666666663,63.882960624541866,78.26626561252692
8,3,8,2,3,3,0.3199138473885012,4.291247706050355,148,7.486090035407182,72.2972972972973,107,41,8.833232432432434,19.04870479853678,19.107303738317757,-17.979587804878047,64.59259898729894,78.87379056967825
8,3,8,2,3,4,0.3199138473885012,4.291247706050355,148,7.486090035407182,72.2972972972973,107,41,8.833232432432434,19.04870479853678,19.107303738317757,-17.979587804878047,64.59259898729894,78.87379056967825
8,3,8,2,5,2,0.3199138473885012,4.291247706050355,148,7.486090035407182,72.2972972972973,107,41,8.824390540540541,18.5191889687035,18.755974766355138,-17.09462195121951,64.59259898729894,78.87379056967825
8,3,8,2,5,3,0.3199138473885012,4.291247706050355,148,7.486090035407182,73.64864864864865,109,39,9.328842567567568,18.44976190105419,18.883118348623853,-17.37413333333333,66.01778767647633,80.08292852031765
8,3,8,2,5,4,0.3199138473885012,4.291247706050355,148,7.486090035407182,73.64864864864865,109,39,9.545558108108109,18.481086152737337,19.110446788990828,-17.18707948717948,66.01778767647633,80.08292852031765
8,3,8,2,7,2,0.3199138473885012,4.291247706050355,148,7.486090035407182,72.2972972972973,107,41,8.750968243243245,18.71840228104704,18.779392523364486,-17.420773170731707,64.59259898729894,78.87379056967825
8,3,8,2,7,3,0.3199138473885012,4.291247706050355,148,7.486090035407182,72.2972972972973,107,41,8.78705810810811,19.160136092223322,19.02228785046729,-17.924395121951218,64.59259898729894,78.87379056967825
8,3,8,2,7,4,0.3199138473885012,4.291247706050355,148,7.486090035407182,73.64864864864865,109,39,9.265381081081081,18.97643595852696,19.038828440366974,-18.05015128205128,66.01778767647633,80.08292852031765
8,3,8,3,3,2,0.3199138473885012,4.291247706050355,148,7.486090035407182,72.2972972972973,107,41,8.755535135135137,18.54077629842982,18.68728785046729,-17.163917073170733,64.59259898729894,78.87379056967825
8,3,8,3,3,3,0.3199138473885012,4.291247706050355,148,7.486090035407182,73.64864864864865,109,39,9.55218445945946,18.90239004670531,19.20468899082569,-17.425328205128203,66.01778767647633,80.08292852031765
8,3,8,3,3,4,0.3199138473885012,4.291247706050355,148,7.486090035407182,72.97297297297297,108,40,9.553849324324325,19.060829070716224,19.49266203703704,-17.280945,65.30419326069712,79.47935961618846
8,3,8,3,5,2,0.3199138473885012,4.291247706050355,148,7.486090035407182,71.62162162162163,106,42,8.695706756756758,18.674967190101903,18.88183867924528,-17.01215,63.882960624541866,78.26626561252692
8,3,8,3,5,3,0.3199138473885012,4.291247706050355,148,7.486090035407182,72.97297297297297,108,40,9.041680405405407,18.52272691625721,18.78127037037037,-17.255212500000003,65.30419326069712,79.47935961618846
8,3,8,3,5,4,0.3199138473885012,4.291247706050355,148,7.486090035407182,72.97297297297297,108,40,9.287063513513514,18.693302669709833,19.09951481481481,-17.206555,65.30419326069712,79.47935961618846
8,3,8,3,7,2,0.3199138473885012,4.291247706050355,148,7.486090035407182,70.27027027027027,104,44,8.330621621621622,18.949440764194595,19.021806730769235,-16.939452272727273,62.46938877766566,77.04551081958633
8,3,8,3,7,3,0.3199138473885012,4.291247706050355,148,7.486090035407182,71.62162162162163,106,42,8.743765540540542,18.726517359375215,18.922136792452832,-16.944504761904764,63.882960624541866,78.26626561252692
8,3,8,3,7,4,0.3199138473885012,4.291247706050355,148,7.486090035407182,73.64864864864865,109,39,9.375972297297299,18.570905472943686,18.94711100917431,-17.37413333333333,66.01778767647633,80.08292852031765
8,3,8,4,3,2,0.3199138473885012,4.291247706050355,148,7.486090035407182,72.2972972972973,107,41,8.73984256756757,18.386657968951923,18.588489719626168,-16.962724390243903,64.59259898729894,78.87379056967825
8,3,8,4,3,3,0.3199138473885012,4.291247706050355,148,7.486090035407182,72.2972972972973,107,41,8.896413513513512,18.720171673978246,18.939879439252337,-17.31458292682927,64.59259898729894,78.87379056967825
8,3,8,4,3,4,0.3199138473885012,4.291247706050355,148,7.486090035407182,72.2972972972973,107,41,9.308356081081081,18.93702256203432,19.34289813084112,-16.87935121951219,64.59259898729894,78.87379056967825
8,3,8,4,5,2,0.3199138473885012,4.291247706050355,148,7.486090035407182,70.27027027027027,104,44,8.022594594594596,18.693200139156367,18.572161538461536,-16.91274545454545,62.46938877766566,77.04551081958633
8,3,8,4,5,3,0.3199138473885012,4.291247706050355,148,7.486090035407182,70.27027027027027,104,44,8.135199324324326,18.760288502896334,18.73240673076923,-16.91274545454545,62.46938877766566,77.04551081958633
8,3,8,4,5,4,0.3199138473885012,4.291247706050355,148,7.486090035407182,70.27027027027027,104,44,8.30262364864865,18.89097181900507,18.970664423076922,-16.91274545454545,62.46938877766566,77.04551081958633
8,3,8,4,7,2,0.3199138473885012,4.291247706050355,148,7.486090035407182,69.5945945945946,103,45,7.9315858108108115,18.90475221982723,18.817379611650487,-16.984786666666665,61.76538029488693,76.43235598245664
8,3,8,4,7,3,0.3199138473885012,4.291247706050355,148,7.486090035407182,69.5945945945946,103,45,7.971220945945946,18.92534862670919,18.87433106796117,-16.984786666666665,61.76538029488693,76.43235598245664
8,3,8,4,7,4,0.3199138473885012,4.291247706050355,148,7.486090035407182,70.27027027027027,104,44,8.24905337837838,18.827304985988587,18.89442980769231,-16.91274545454545,62.46938877766566,77.04551081958633
8,3,10,2,3,2,0.3199138473885012,4.291247706050355,148,7.486090035407182,71.62162162162163,106,42,8.474198648648649,18.86017121855821,18.79503113207547,-17.573616666666663,63.882960624541866,78.26626561252692
8,3,10,2,3,3,0.3199138473885012,4.291247706050355,148,7.486090035407182,72.2972972972973,107,41,8.851247972972972,19.058900095682507,19.132222429906545,-17.979587804878047,64.59259898729894,78.87379056967825
8,3,10,2,3,4,0.3199138473885012,4.291247706050355,148,7.486090035407182,72.2972972972973,107,41,8.856449324324325,19.061367429756352,19.139416822429908,-17.979587804878047,64.59259898729894,78.87379056967825
8,3,10,2,5,2,0.3199138473885012,4.291247706050355,148,7.486090035407182,71.62162162162163,106,42,8.35539864864865,18.799996669427216,18.629159433962265,-17.573616666666663,63.882960624541866,78.26626561252692
8,3,10,2,5,3,0.3199138473885012,4.291247706050355,148,7.486090035407182,72.97297297297297,108,40,8.883067567567569,18.757157166368227,18.791644444444447,-17.870089999999998,65.30419326069712,79.47935961618846
8,3,10,2,5,4,0.3199138473885012,4.291247706050355,148,7.486090035407182,72.97297297297297,108,40,9.099783108108108,18.793145113463556,19.02107777777778,-17.6877125,65.30419326069712,79.47935961618846
8,3,10,2,7,2,0.3199138473885012,4.291247706050355,148,7.486090035407182,71.62162162162163,106,42,8.219654054054056,18.899861530966604,18.565782075471695,-17.89200238095238,63.882960624541866,78.26626561252692
8,3,10,2,7,3,0.3199138473885012,4.291247706050355,148,7.486090035407182,71.62162162162163,106,42,8.25574391891892,19.338448955560878,18.81096886792453,-18.383633333333332,63.882960624541866,78.26626561252692
8,3,10,2,7,4,0.3199138473885012,4.291247706050355,148,7.486090035407182,72.97297297297297,108,40,8.734066891891892,19.169810950335883,18.83157592592593,-18.529207500000002,65.30419326069712,79.47935961618846
8,3,10,3,3,2,0.3199138473885012,4.291247706050355,148,7.486090035407182,71.62162162162163,106,42,8.503422297297298,18.547470060683438,18.670048113207546,-17.15520476190476,63.882960624541866,78.26626561252692
8,3,10,3,3,3,0.3199138473885012,4.291247706050355,148,7.486090035407182,72.97297297297297,108,40,9.300071621621623,18.919646746630455,19.192559259259255,-17.409645,65.30419326069712,79.47935961618846
8,3,10,3,3,4,0.3199138473885012,4.291247706050355,148,7.486090035407182,72.2972972972973,107,41,9.167137162162163,19.002925907130063,19.296935514018692,-17.269165853658535,64.59259898729894,78.87379056967825
8,3,10,3,5,2,0.3199138473885012,4.291247706050355,148,7.486090035407182,70.94594594594594,105,43,8.308994594594596,18.59790752643994,18.676566666666666,-17.00716976744186,63.17523679742286,77.65682611973752
8,3,10,3,5,3,0.3199138473885012,4.291247706050355,148,7.486090035407182,72.2972972972973,107,41,8.635249324324326,18.438297709274842,18.551620560747665,-17.244060975609756,64.59259898729894,78.87379056967825
8,3,10,3,5,4,0.3199138473885012,4.291247706050355,148,7.486090035407182,72.2972972972973,107,41,8.880632432432433,18.615042149711602,18.872839252336448,-17.19659024390244,64.59259898729894,78.87379056967825
8,3,10,3,7,2,0.3199138473885012,4.291247706050355,148,7.486090035407182,69.5945945945946,103,45,7.9865128378378385,18.94729174289144,18.87512427184466,-16.936308888888888,61.76538029488693,76.43235598245664
8,3,10,3,7,3,0.3199138473885012,4.291247706050355,148,7.486090035407182,70.94594594594594,105,43,8.399656756756757,18.731985443776974,18.77729904761905,-16.9410976744186,63.17523679742286,77.65682611973752
8,3,10,3,7,4,0.3199138473885012,4.291247706050355,148,7.486090035407182,72.97297297297297,108,40,9.031863513513514,18.588206260195868,18.806527777777777,-17.359730000000003,65.30419326069712,79.47935961618846
8,3,10,4,3,2,0.3199138473885012,4.291247706050355,148,7.486090035407182,72.2972972972973,107,41,8.713183783783785,18.421005844500908,18.588489719626168,-17.058956097560976,64.59259898729894,78.87379056967825
8,3,10,4,3,3,0.3199138473885012,4.291247706050355,148,7.486090035407182,72.2972972972973,107,41,8.896413513513512,18.720171673978246,18.939879439252337,-17.31458292682927,64.59259898729894,78.87379056967825
8,3,10,4,3,4,0.3199138473885012,4.291247706050355,148,7.486090035407182,72.2972972972973,107,41,9.308356081081081,18.93702256203432,19.34289813084112,-16.87935121951219,64.59259898729894,78.87379056967825
8,3,10,4,5,2,0.3199138473885012,4.291247706050355,148,7.486090035407182,70.94594594594594,105,43,8.295207432432433,18.676566066445353,18.65713333333333,-17.00716976744186,63.17523679742286,77.65682611973752
8,3,10,4,5,3,0.3199138473885012,4.291247706050355,148,7.486090035407182,70.94594594594594,105,43,8.407812162162163,18.74206500524431,18.81585238095238,-17.00716976744186,63.17523679742286,77.65682611973752
8,3,10,4,5,4,0.3199138473885012,4.291247706050355,148,7.486090035407182,70.94594594594594,105,43,8.53325472972973,18.854401478509857,18.992666666666665,-17.00716976744186,63.17523679742286,77.65682611973752
8,3,10,4,7,2,0.3199138473885012,4.291247706050355,148,7.486090035407182,70.27027027027027,104,44,8.162216891891893,18.872774181644452,18.841067307692306,-17.078702272727273,62.46938877766566,77.04551081958633
8,3,10,4,7,3,0.3199138473885012,4.291247706050355,148,7.486090035407182,70.27027027027027,104,44,8.201852027027028,18.892918326823132,18.897471153846155,-17.078702272727273,62.46938877766566,77.04551081958633
8,3,10,4,7,4,0.3199138473885012,4.291247706050355,148,7.486090035407182,70.94594594594594,105,43,8.421062162162164,18.749336099021445,18.83452857142857,-17.00716976744186,63.17523679742286,77.65682611973752
8,3,12,2,3,2,0.3199138473885012,4.291247706050355,148,7.486090035407182,71.62162162162163,106,42,8.474198648648649,18.86017121855821,18.79503113207547,-17.573616666666663,63.882960624541866,78.26626561252692
8,3,12,2,3,3,0.3199138473885012,4.291247706050355,148,7.486090035407182,72.2972972972973,107,41,8.851247972972972,19.058900095682507,19.132222429906545,-17.979587804878047,64.59259898729894,78.87379056967825
8,3,12,2,3,4,0.3199138473885012,4.291247706050355,148,7.486090035407182,71.62162162162163,106,42,8.58180472972973,19.13655736254506,19.094983018867925,-17.95145476190476,63.882960624541866,78.26626561252692
8,3,12,2,5,2,0.3199138473885012,4.291247706050355,148,7.486090035407182,71.62162162162163,106,42,8.425316891891892,18.82738948740353,18.72678113207547,-17.573616666666663,63.882960624541866,78.26626561252692
8,3,12,2,5,3,0.3199138473885012,4.291247706050355,148,7.486090035407182,72.97297297297297,108,40,8.883067567567569,18.757157166368227,18.791644444444447,-17.870089999999998,65.30419326069712,79.47935961618846
8,3,12,2,5,4,0.3199138473885012,4.291247706050355,148,7.486090035407182,72.2972972972973,107,41,8.825138513513513,18.87296936166097,18.97595327102804,-17.66601219512195,64.59259898729894,78.87379056967825
8,3,12,2,7,2,0.3199138473885012,4.291247706050355,148,7.486090035407182,71.62162162162163,106,42,8.289572297297298,18.92761467291561,18.663403773584907,-17.89200238095238,63.882960624541866,78.26626561252692
8,3,12,2,7,3,0.3199138473885012,4.291247706050355,148,7.486090035407182,71.62162162162163,106,42,8.325662162162164,19.365442373269868,18.908590566037738,-18.383633333333332,63.882960624541866,78.26626561252692
8,3,12,2,7,4,0.3199138473885012,4.291247706050355,148,7.486090035407182,72.2972972972973,107,41,8.48263918918919,19.255807433283742,18.816793457943927,-18.486982926829267,64.59259898729894,78.87379056967825
8,3,12,3,3,2,0.3199138473885012,4.291247706050355,148,7.486090035407182,70.94594594594594,105,43,8.09536891891892,18.883671264683485,18.62710095238095,-17.621651162790698,63.17523679742286,77.65682611973752
8,3,12,3,3,3,0.3199138473885012,4.291247706050355,148,7.486090035407182,72.2972972972973,107,41,8.961936486486488,19.291116405262315,19.252007476635512,-17.892639024390245,64.59259898729894,78.87379056967825
8,3,12,3,3,4,0.3199138473885012,4.291247706050355,148,7.486090035407182,71.62162162162163,106,42,8.777099324324325,19.355416372711282,19.28546132075472,-17.744004761904762,63.882960624541866,78.26626561252692
8,3,12,3,5,2,0.3199138473885012,4.291247706050355,148,7.486090035407182,70.94594594594594,105,43,8.308994594594596,18.59790752643994,18.676566666666666,-17.00716976744186,63.17523679742286,77.65682611973752
8,3,12,3,5,3,0.3199138473885012,4.291247706050355,148,7.486090035407182,72.2972972972973,107,41,8.635249324324326,18.438297709274842,18.551620560747665,-17.244060975609756,64.59259898729894,78.87379056967825
8,3,12,3,5,4,0.3199138473885012,4.291247706050355,148,7.486090035407182,72.2972972972973,107,41,8.880632432432433,18.615042149711602,18.872839252336448,-17.19659024390244,64.59259898729894,78.87379056967825
8,3,12,3,7,2,0.3199138473885012,4.291247706050355,148,7.486090035407182,69.5945945945946,103,45,7.9865128378378385,18.94729174289144,18.87512427184466,-16.936308888888888,61.76538029488693,76.43235598245664
8,3,12,3,7,3,0.3199138473885012,4.291247706050355,148,7.486090035407182,70.94594594594594,105,43,8.399656756756757,18.731985443776974,18.77729904761905,-16.9410976744186,63.17523679742286,77.65682611973752
8,3,12,3,7,4,0.3199138473885012,4.291247706050355,148,7.486090035407182,72.97297297297297,108,40,9.031863513513514,18.588206260195868,18.806527777777777,-17.359730000000003,65.30419326069712,79.47935961618846
8,3,12,4,3,2,0.3199138473885012,4.291247706050355,148,7.486090035407182,72.2972972972973,107,41,8.771806081081083,18.46275438314326,18.66957476635514,-17.058956097560976,64.59259898729894,78.87379056967825
8,3,12,4,3,3,0.3199138473885012,4.291247706050355,148,7.486090035407182,72.2972972972973,107,41,8.955035810810811,18.76067807293201,19.020964485981306,-17.31458292682927,64.59259898729894,78.87379056967825
8,3,12,4,3,4,0.3199138473885012,4.291247706050355,148,7.486090035407182,72.2972972972973,107,41,9.361777027027028,18.973447307908998,19.416788785046727,-16.87935121951219,64.59259898729894,78.87379056967825
8,3,12,4,5,2,0.3199138473885012,4.291247706050355,148,7.486090035407182,70.94594594594594,105,43,8.295207432432433,18.676566066445353,18.65713333333333,-17.00716976744186,63.17523679742286,77.65682611973752
8,3,12,4,5,3,0.3199138473885012,4.291247706050355,148,7.486090035407182,70.94594594594594,105,43,8.427531081081082,18.756113426169986,18.843646666666665,-17.00716976744186,63.17523679742286,77.65682611973752
8,3,12,4,5,4,0.3199138473885012,4.291247706050355,148,7.486090035407182,70.94594594594594,105,43,8.55297364864865,18.868234270048614,19.020460952380954,-17.00716976744186,63.17523679742286,77.65682611973752
8,3,12,4,7,2,0.3199138473885012,4.291247706050355,148,7.486090035407182,70.27027027027027,104,44,8.181935810810812,18.88698353739342,18.869128846153846,-17.078702272727273,62.46938877766566,77.04551081958633
8,3,12,4,7,3,0.3199138473885012,4.291247706050355,148,7.486090035407182,70.27027027027027,104,44,8.221570945945945,18.907070925368245,18.92553269230769,-17.078702272727273,62.46938877766566,77.04551081958633
8,3,12,4,7,4,0.3199138473885012,4.291247706050355,148,7.486090035407182,70.94594594594594,105,43,8.440781081081083,18.763365056473656,18.862322857142857,-17.00716976744186,63.17523679742286,77.65682611973752
8,4,8,2,3,2,0.3199138473885012,4.291247706050355,148,7.486090035407182,71.62162162162163,106,42,8.450981756756757,18.84689933421099,18.762615094339623,-17.573616666666663,63.882960624541866,78.26626561252692
8,4,8,2,3,3,0.3199138473885012,4.291247706050355,148,7.486090035407182,72.2972972972973,107,41,8.833232432432434,19.04870479853678,19.107303738317757,-17.979587804878047,64.59259898729894,78.87379056967825
8,4,8,2,3,4,0.3199138473885012,4.291247706050355,148,7.486090035407182,72.2972972972973,107,41,8.833232432432434,19.04870479853678,19.107303738317757,-17.979587804878047,64.59259898729894,78.87379056967825
8,4,8,2,5,2,0.3199138473885012,4.291247706050355,148,7.486090035407182,72.2972972972973,107,41,8.824390540540541,18.5191889687035,18.755974766355138,-17.09462195121951,64.59259898729894,78.87379056967825
8,4,8,2,5,3,0.3199138473885012,4.291247706050355,148,7.486090035407182,73.64864864864865,109,39,9.328842567567568,18.44976190105419,18.883118348623853,-17.37413333333333,66.01778767647633,80.08292852031765
8,4,8,2,5,4,0.3199138473885012,4.291247706050355,148,7.486090035407182,73.64864864864865,109,39,9.545558108108109,18.481086152737337,19.110446788990828,-17.18707948717948,66.01778767647633,80.08292852031765
8,4,8,2,7,2,0.3199138473885012,4.291247706050355,148,7.486090035407182,72.2972972972973,107,41,8.750968243243245,18.71840228104704,18.779392523364486,-17.420773170731707,64.59259898729894,78.87379056967825
8,4,8,2,7,3,0.3199138473885012,4.291247706050355,148,7.486090035407182,72.2972972972973,107,41,8.78705810810811,19.160136092223322,19.02228785046729,-17.924395121951218,64.59259898729894,78.87379056967825
8,4,8,2,7,4,0.3199138473885012,4.291247706050355,148,7.486090035407182,73.64864864864865,109,39,9.265381081081081,18.97643595852696,19.038828440366974,-18.05015128205128,66.01778767647633,80.08292852031765
8,4,8,3,3,2,0.3199138473885012,4.291247706050355,148,7.486090035407182,72.2972972972973,107,41,8.755535135135137,18.54077629842982,18.68728785046729,-17.163917073170733,64.59259898729894,78.87379056967825
8,4,8,3,3,3,0.3199138473885012,4.291247706050355,148,7.486090035407182,73.64864864864865,109,39,9.55218445945946,18.90239004670531,19.20468899082569,-17.425328205128203,66.01778767647633,80.08292852031765
8,4,8,3,3,4,0.3199138473885012,4.291247706050355,148,7.486090035407182,72.97297297297297,108,40,9.553849324324325,19.060829070716224,19.49266203703704,-17.280945,65.30419326069712,79.47935961618846
8,4,8,3,5,2,0.3199138473885012,4.291247706050355,148,7.486090035407182,71.62162162162163,106,42,8.695706756756758,18.674967190101903,18.88183867924528,-17.01215,63.882960624541866,78.26626561252692
8,4,8,3,5,3,0.3199138473885012,4.291247706050355,148,7.486090035407182,72.97297297297297,108,40,9.041680405405407,18.52272691625721,18.78127037037037,-17.255212500000003,65.30419326069712,79.47935961618846
8,4,8,3,5,4,0.3199138473885012,4.291247706050355,148,7.486090035407182,72.97297297297297,108,40,9.287063513513514,18.693302669709833,19.09951481481481,-17.206555,65.30419326069712,79.47935961618846
8,4,8,3,7,2,0.3199138473885012,4.291247706050355,148,7.486090035407182,70.27027027027027,104,44,8.330621621621622,18.949440764194595,19.021806730769235,-16.939452272727273,62.46938877766566,77.04551081958633
8,4,8,3,7,3,0.3199138473885012,4.291247706050355,148,7.486090035407182,71.62162162162163,106,42,8.743765540540542,18.726517359375215,18.922136792452832,-16.944504761904764,63.882960624541866,78.26626561252692
8,4,8,3,7,4,0.3199138473885012,4.291247706050355,148,7.486090035407182,73.64864864864865,109,39,9.375972297297299,18.570905472943686,18.94711100917431,-17.37413333333333,66.01778767647633,80.08292852031765
8,4,8,4,3,2,0.3199138473885012,4.291247706050355,148,7.486090035407182,72.2972972972973,107,41,8.73984256756757,18.386657968951923,18.588489719626168,-16.962724390243903,64.59259898729894,78.87379056967825
8,4,8,4,3,3,0.3199138473885012,4.291247706050355,148,7.486090035407182,72.2972972972973,107,41,8.896413513513512,18.720171673978246,18.939879439252337,-17.31458292682927,64.59259898729894,78.87379056967825
8,4,8,4,3,4,0.3199138473885012,4.291247706050355,148,7.486090035407182,72.2972972972973,107,41,9.308356081081081,18.93702256203432,19.34289813084112,-16.87935121951219,64.59259898729894,78.87379056967825
8,4,8,4,5,2,0.3199138473885012,4.291247706050355,148,7.486090035407182,70.27027027027027,104,44,8.022594594594596,18.693200139156367,18.572161538461536,-16.91274545454545,62.46938877766566,77.04551081958633
8,4,8,4,5,3,0.3199138473885012,4.291247706050355,148,7.486090035407182,70.27027027027027,104,44,8.135199324324326,18.760288502896334,18.73240673076923,-16.91274545454545,62.46938877766566,77.04551081958633
8,4,8,4,5,4,0.3199138473885012,4.291247706050355,148,7.486090035407182,70.27027027027027,104,44,8.30262364864865,18.89097181900507,18.970664423076922,-16.91274545454545,62.46938877766566,77.04551081958633
8,4,8,4,7,2,0.3199138473885012,4.291247706050355,148,7.486090035407182,69.5945945945946,103,45,7.9315858108108115,18.90475221982723,18.817379611650487,-16.984786666666665,61.76538029488693,76.43235598245664
8,4,8,4,7,3,0.3199138473885012,4.291247706050355,148,7.486090035407182,69.5945945945946,103,45,7.971220945945946,18.92534862670919,18.87433106796117,-16.984786666666665,61.76538029488693,76.43235598245664
8,4,8,4,7,4,0.3199138473885012,4.291247706050355,148,7.486090035407182,70.27027027027027,104,44,8.24905337837838,18.827304985988587,18.89442980769231,-16.91274545454545,62.46938877766566,77.04551081958633
8,4,10,2,3,2,0.3199138473885012,4.291247706050355,148,7.486090035407182,71.62162162162163,106,42,8.474198648648649,18.86017121855821,18.79503113207547,-17.573616666666663,63.882960624541866,78.26626561252692
8,4,10,2,3,3,0.3199138473885012,4.291247706050355,148,7.486090035407182,72.2972972972973,107,41,8.851247972972972,19.058900095682507,19.132222429906545,-17.979587804878047,64.59259898729894,78.87379056967825
8,4,10,2,3,4,0.3199138473885012,4.291247706050355,148,7.486090035407182,72.2972972972973,107,41,8.856449324324325,19.061367429756352,19.139416822429908,-17.979587804878047,64.59259898729894,78.87379056967825
8,4,10,2,5,2,0.3199138473885012,4.291247706050355,148,7.486090035407182,71.62162162162163,106,42,8.35539864864865,18.799996669427216,18.629159433962265,-17.573616666666663,63.882960624541866,78.26626561252692
8,4,10,2,5,3,0.3199138473885012,4.291247706050355,148,7.486090035407182,72.97297297297297,108,40,8.883067567567569,18.757157166368227,18.791644444444447,-17.870089999999998,65.30419326069712,79.47935961618846
8,4,10,2,5,4,0.3199138473885012,4.291247706050355,148,7.486090035407182,72.97297297297297,108,40,9.099783108108108,18.793145113463556,19.02107777777778,-17.6877125,65.30419326069712,79.47935961618846
8,4,10,2,7,2,0.3199138473885012,4.291247706050355,148,7.486090035407182,71.62162162162163,106,42,8.219654054054056,18.899861530966604,18.565782075471695,-17.89200238095238,63.882960624541866,78.26626561252692
8,4,10,2,7,3,0.3199138473885012,4.291247706050355,148,7.486090035407182,71.62162162162163,106,42,8.25574391891892,19.338448955560878,18.81096886792453,-18.383633333333332,63.882960624541866,78.26626561252692
8,4,10,2,7,4,0.3199138473885012,4.291247706050355,148,7.486090035407182,72.97297297297297,108,40,8.734066891891892,19.169810950335883,18.83157592592593,-18.529207500000002,65.30419326069712,79.47935961618846
8,4,10,3,3,2,0.3199138473885012,4.291247706050355,148,7.486090035407182,71.62162162162163,106,42,8.503422297297298,18.547470060683438,18.670048113207546,-17.15520476190476,63.882960624541866,78.26626561252692
8,4,10,3,3,3,0.3199138473885012,4.291247706050355,148,7.486090035407182,72.97297297297297,108,40,9.300071621621623,18.919646746630455,19.192559259259255,-17.409645,65.30419326069712,79.47935961618846
8,4,10,3,3,4,0.3199138473885012,4.291247706050355,148,7.486090035407182,72.2972972972973,107,41,9.167137162162163,19.002925907130063,19.296935514018692,-17.269165853658535,64.59259898729894,78.87379056967825
8,4,10,3,5,2,0.3199138473885012,4.291247706050355,148,7.486090035407182,70.94594594594594,105,43,8.308994594594596,18.59790752643994,18.676566666666666,-17.00716976744186,63.17523679742286,77.65682611973752
8,4,10,3,5,3,0.3199138473885012,4.291247706050355,148,7.486090035407182,72.2972972972973,107,41,8.635249324324326,18.438297709274842,18.551620560747665,-17.244060975609756,64.59259898729894,78.87379056967825
8,4,10,3,5,4,0.3199138473885012,4.291247706050355,148,7.486090035407182,72.2972972972973,107,41,8.880632432432433,18.615042149711602,18.872839252336448,-17.19659024390244,64.59259898729894,78.87379056967825
8,4,10,3,7,2,0.3199138473885012,4.291247706050355,148,7.486090035407182,69.5945945945946,103,45,7.9865128378378385,18.94729174289144,18.87512427184466,-16.936308888888888,61.76538029488693,76.43235598245664
8,4,10,3,7,3,0.3199138473885012,4.291247706050355,148,7.486090035407182,70.94594594594594,105,43,8.399656756756757,18.731985443776974,18.77729904761905,-16.9410976744186,63.17523679742286,77.65682611973752
8,4,10,3,7,4,0.3199138473885012,4.291247706050355,148,7.486090035407182,72.97297297297297,108,40,9.031863513513514,18.588206260195868,18.806527777777777,-17.359730000000003,65.30419326069712,79.47935961618846
8,4,10,4,3,2,0.3199138473885012,4.291247706050355,148,7.486090035407182,72.2972972972973,107,41,8.713183783783785,18.421005844500908,18.588489719626168,-17.058956097560976,64.59259898729894,78.87379056967825
8,4,10,4,3,3,0.3199138473885012,4.291247706050355,148,7.486090035407182,72.2972972972973,107,41,8.896413513513512,18.720171673978246,18.939879439252337,-17.31458292682927,64.59259898729894,78.87379056967825
8,4,10,4,3,4,0.3199138473885012,4.291247706050355,148,7.486090035407182,72.2972972972973,107,41,9.308356081081081,18.93702256203432,19.34289813084112,-16.87935121951219,64.59259898729894,78.87379056967825
8,4,10,4,5,2,0.3199138473885012,4.291247706050355,148,7.486090035407182,70.94594594594594,105,43,8.295207432432433,18.676566066445353,18.65713333333333,-17.00716976744186,63.17523679742286,77.65682611973752
8,4,10,4,5,3,0.3199138473885012,4.291247706050355,148,7.486090035407182,70.94594594594594,105,43,8.407812162162163,18.74206500524431,18.81585238095238,-17.00716976744186,63.17523679742286,77.65682611973752
8,4,10,4,5,4,0.3199138473885012,4.291247706050355,148,7.486090035407182,70.94594594594594,105,43,8.53325472972973,18.854401478509857,18.992666666666665,-17.00716976744186,63.17523679742286,77.65682611973752
8,4,10,4,7,2,0.3199138473885012,4.291247706050355,148,7.486090035407182,70.27027027027027,104,44,8.162216891891893,18.872774181644452,18.841067307692306,-17.078702272727273,62.46938877766566,77.04551081958633
8,4,10,4,7,3,0.3199138473885012,4.291247706050355,148,7.486090035407182,70.27027027027027,104,44,8.201852027027028,18.892918326823132,18.897471153846155,-17.078702272727273,62.46938877766566,77.04551081958633
8,4,10,4,7,4,0.3199138473885012,4.291247706050355,148,7.486090035407182,70.94594594594594,105,43,8.421062162162164,18.749336099021445,18.83452857142857,-17.00716976744186,63.17523679742286,77.65682611973752
8,4,12,2,3,2,0.3199138473885012,4.291247706050355,148,7.486090035407182,71.62162162162163,106,42,8.474198648648649,18.86017121855821,18.79503113207547,-17.573616666666663,63.882960624541866,78.26626561252692
8,4,12,2,3,3,0.3199138473885012,4.291247706050355,148,7.486090035407182,72.2972972972973,107,41,8.851247972972972,19.058900095682507,19.132222429906545,-17.979587804878047,64.59259898729894,78.87379056967825
8,4,12,2,3,4,0.3199138473885012,4.291247706050355,148,7.486090035407182,71.62162162162163,106,42,8.58180472972973,19.13655736254506,19.094983018867925,-17.95145476190476,63.882960624541866,78.26626561252692
8,4,12,2,5,2,0.3199138473885012,4.291247706050355,148,7.486090035407182,71.62162162162163,106,42,8.425316891891892,18.82738948740353,18.72678113207547,-17.573616666666663,63.882960624541866,78.26626561252692
8,4,12,2,5,3,0.3199138473885012,4.291247706050355,148,7.486090035407182,72.97297297297297,108,40,8.883067567567569,18.757157166368227,18.791644444444447,-17.870089999999998,65.30419326069712,79.47935961618846
8,4,12,2,5,4,0.3199138473885012,4.291247706050355,148,7.486090035407182,72.2972972972973,107,41,8.825138513513513,18.87296936166097,18.97595327102804,-17.66601219512195,64.59259898729894,78.87379056967825
8,4,12,2,7,2,0.3199138473885012,4.291247706050355,148,7.486090035407182,71.62162162162163,106,42,8.289572297297298,18.92761467291561,18.663403773584907,-17.89200238095238,63.882960624541866,78.26626561252692
8,4,12,2,7,3,0.3199138473885012,4.291247706050355,148,7.486090035407182,71.62162162162163,106,42,8.325662162162164,19.365442373269868,18.908590566037738,-18.383633333333332,63.882960624541866,78.26626561252692
8,4,12,2,7,4,0.3199138473885012,4.291247706050355,148,7.486090035407182,72.2972972972973,107,41,8.48263918918919,19.255807433283742,18.816793457943927,-18.486982926829267,64.59259898729894,78.87379056967825
8,4,12,3,3,2,0.3199138473885012,4.291247706050355,148,7.486090035407182,70.94594594594594,105,43,8.09536891891892,18.883671264683485,18.62710095238095,-17.621651162790698,63.17523679742286,77.65682611973752
8,4,12,3,3,3,0.3199138473885012,4.291247706050355,148,7.486090035407182,72.2972972972973,107,41,8.961936486486488,19.291116405262315,19.252007476635512,-17.892639024390245,64.59259898729894,78.87379056967825
8,4,12,3,3,4,0.3199138473885012,4.291247706050355,148,7.486090035407182,71.62162162162163,106,42,8.777099324324325,19.355416372711282,19.28546132075472,-17.744004761904762,63.882960624541866,78.26626561252692
8,4,12,3,5,2,0.3199138473885012,4.291247706050355,148,7.486090035407182,70.94594594594594,105,43,8.308994594594596,18.59790752643994,18.676566666666666,-17.00716976744186,63.17523679742286,77.65682611973752
8,4,12,3,5,3,0.3199138473885012,4.291247706050355,148,7.486090035407182,72.2972972972973,107,41,8.635249324324326,18.438297709274842,18.551620560747665,-17.244060975609756,64.59259898729894,78.87379056967825
8,4,12,3,5,4,0.3199138473885012,4.291247706050355,148,7.486090035407182,72.2972972972973,107,41,8.880632432432433,18.615042149711602,18.872839252336448,-17.19659024390244,64.59259898729894,78.87379056967825
8,4,12,3,7,2,0.3199138473885012,4.291247706050355,148,7.486090035407182,69.5945945945946,103,45,7.9865128378378385,18.94729174289144,18.87512427184466,-16.936308888888888,61.76538029488693,76.43235598245664
8,4,12,3,7,3,0.3199138473885012,4.291247706050355,148,7.486090035407182,70.94594594594594,105,43,8.399656756756757,18.731985443776974,18.77729904761905,-16.9410976744186,63.17523679742286,77.65682611973752
8,4,12,3,7,4,0.3199138473885012,4.291247706050355,148,7.486090035407182,72.97297297297297,108,40,9.031863513513514,18.588206260195868,18.806527777777777,-17.359730000000003,65.30419326069712,79.47935961618846
8,4,12,4,3,2,0.3199138473885012,4.291247706050355,148,7.486090035407182,72.2972972972973,107,41,8.771806081081083,18.46275438314326,18.66957476635514,-17.058956097560976,64.59259898729894,78.87379056967825
8,4,12,4,3,3,0.3199138473885012,4.291247706050355,148,7.486090035407182,72.2972972972973,107,41,8.955035810810811,18.76067807293201,19.020964485981306,-17.31458292682927,64.59259898729894,78.87379056967825
8,4,12,4,3,4,0.3199138473885012,4.291247706050355,148,7.486090035407182,72.2972972972973,107,41,9.361777027027028,18.973447307908998,19.416788785046727,-16.87935121951219,64.59259898729894,78.87379056967825
8,4,12,4,5,2,0.3199138473885012,4.291247706050355,148,7.486090035407182,70.94594594594594,105,43,8.295207432432433,18.676566066445353,18.65713333333333,-17.00716976744186,63.17523679742286,77.65682611973752
8,4,12,4,5,3,0.3199138473885012,4.291247706050355,148,7.486090035407182,70.94594594594594,105,43,8.427531081081082,18.756113426169986,18.843646666666665,-17.00716976744186,63.17523679742286,77.65682611973752
8,4,12,4,5,4,0.3199138473885012,4.291247706050355,148,7.486090035407182,70.94594594594594,105,43,8.55297364864865,18.868234270048614,19.020460952380954,-17.00716976744186,63.17523679742286,77.65682611973752
8,4,12,4,7,2,0.3199138473885012,4.291247706050355,148,7.486090035407182,70.27027027027027,104,44,8.181935810810812,18.88698353739342,18.869128846153846,-17.078702272727273,62.46938877766566,77.04551081958633
8,4,12,4,7,3,0.3199138473885012,4.291247706050355,148,7.486090035407182,70.27027027027027,104,44,8.221570945945945,18.907070925368245,18.92553269230769,-17.078702272727273,62.46938877766566,77.04551081958633
8,4,12,4,7,4,0.3199138473885012,4.291247706050355,148,7.486090035407182,70.94594594594594,105,43,8.440781081081083,18.763365056473656,18.862322857142857,-17.00716976744186,63.17523679742286,77.65682611973752
8,5,8,2,3,2,0.3199138473885012,4.291247706050355,148,7.486090035407182,71.62162162162163,106,42,8.450981756756757,18.84689933421099,18.762615094339623,-17.573616666666663,63.882960624541866,78.26626561252692
8,5,8,2,3,3,0.3199138473885012,4.291247706050355,148,7.486090035407182,72.2972972972973,107,41,8.833232432432434,19.04870479853678,19.107303738317757,-17.979587804878047,64.59259898729894,78.87379056967825
8,5,8,2,3,4,0.3199138473885012,4.291247706050355,148,7.486090035407182,72.2972972972973,107,41,8.833232432432434,19.04870479853678,19.107303738317757,-17.979587804878047,64.59259898729894,78.87379056967825
8,5,8,2,5,2,0.3199138473885012,4.291247706050355,148,7.486090035407182,72.2972972972973,107,41,8.824390540540541,18.5191889687035,18.755974766355138,-17.09462195121951,64.59259898729894,78.87379056967825
8,5,8,2,5,3,0.3199138473885012,4.291247706050355,148,7.486090035407182,73.64864864864865,109,39,9.328842567567568,18.44976190105419,18.883118348623853,-17.37413333333333,66.01778767647633,80.08292852031765
8,5,8,2,5,4,0.3199138473885012,4.291247706050355,148,7.486090035407182,73.64864864864865,109,39,9.545558108108109,18.481086152737337,19.110446788990828,-17.18707948717948,66.01778767647633,80.08292852031765
8,5,8,2,7,2,0.3199138473885012,4.291247706050355,148,7.486090035407182,72.2972972972973,107,41,8.750968243243245,18.71840228104704,18.779392523364486,-17.420773170731707,64.59259898729894,78.87379056967825
8,5,8,2,7,3,0.3199138473885012,4.291247706050355,148,7.486090035407182,72.2972972972973,107,41,8.78705810810811,19.160136092223322,19.02228785046729,-17.924395121951218,64.59259898729894,78.87379056967825
8,5,8,2,7,4,0.3199138473885012,4.291247706050355,148,7.486090035407182,73.64864864864865,109,39,9.265381081081081,18.97643595852696,19.038828440366974,-18.05015128205128,66.01778767647633,80.08292852031765
8,5,8,3,3,2,0.3199138473885012,4.291247706050355,148,7.486090035407182,72.2972972972973,107,41,8.755535135135137,18.54077629842982,18.68728785046729,-17.163917073170733,64.59259898729894,78.87379056967825
8,5,8,3,3,3,0.3199138473885012,4.291247706050355,148,7.486090035407182,73.64864864864865,109,39,9.55218445945946,18.90239004670531,19.20468899082569,-17.425328205128203,66.01778767647633,80.08292852031765
8,5,8,3,3,4,0.3199138473885012,4.291247706050355,148,7.486090035407182,72.97297297297297,108,40,9.553849324324325,19.060829070716224,19.49266203703704,-17.280945,65.30419326069712,79.47935961618846
8,5,8,3,5,2,0.3199138473885012,4.291247706050355,148,7.486090035407182,71.62162162162163,106,42,8.695706756756758,18.674967190101903,18.88183867924528,-17.01215,63.882960624541866,78.26626561252692
8,5,8,3,5,3,0.3199138473885012,4.291247706050355,148,7.486090035407182,72.97297297297297,108,40,9.041680405405407,18.52272691625721,18.78127037037037,-17.255212500000003,65.30419326069712,79.47935961618846
8,5,8,3,5,4,0.3199138473885012,4.291247706050355,148,7.486090035407182,72.97297297297297,108,40,9.287063513513514,18.693302669709833,19.09951481481481,-17.206555,65.30419326069712,79.47935961618846
8,5,8,3,7,2,0.3199138473885012,4.291247706050355,148,7.486090035407182,70.27027027027027,104,44,8.330621621621622,18.949440764194595,19.021806730769235,-16.939452272727273,62.46938877766566,77.04551081958633
8,5,8,3,7,3,0.3199138473885012,4.291247706050355,148,7.486090035407182,71.62162162162163,106,42,8.743765540540542,18.726517359375215,18.922136792452832,-16.944504761904764,63.882960624541866,78.26626561252692
8,5,8,3,7,4,0.3199138473885012,4.291247706050355,148,7.486090035407182,73.64864864864865,109,39,9.375972297297299,18.570905472943686,18.94711100917431,-17.37413333333333,66.01778767647633,80.08292852031765
8,5,8,4,3,2,0.3199138473885012,4.291247706050355,148,7.486090035407182,72.2972972972973,107,41,8.73984256756757,18.386657968951923,18.588489719626168,-16.962724390243903,64.59259898729894,78.87379056967825
8,5,8,4,3,3,0.3199138473885012,4.291247706050355,148,7.486090035407182,72.2972972972973,107,41,8.896413513513512,18.720171673978246,18.939879439252337,-17.31458292682927,64.59259898729894,78.87379056967825
8,5,8,4,3,4,0.3199138473885012,4.291247706050355,148,7.486090035407182,72.2972972972973,107,41,9.308356081081081,18.93702256203432,19.34289813084112,-16.87935121951219,64.59259898729894,78.87379056967825
8,5,8,4,5,2,0.3199138473885012,4.291247706050355,148,7.486090035407182,70.27027027027027,104,44,8.022594594594596,18.693200139156367,18.572161538461536,-16.91274545454545,62.46938877766566,77.04551081958633
8,5,8,4,5,3,0.3199138473885012,4.291247706050355,148,7.486090035407182,70.27027027027027,104,44,8.135199324324326,18.760288502896334,18.73240673076923,-16.91274545454545,62.46938877766566,77.04551081958633
8,5,8,4,5,4,0.3199138473885012,4.291247706050355,148,7.486090035407182,70.27027027027027,104,44,8.30262364864865,18.89097181900507,18.970664423076922,-16.91274545454545,62.46938877766566,77.04551081958633
8,5,8,4,7,2,0.3199138473885012,4.291247706050355,148,7.486090035407182,69.5945945945946,103,45,7.9315858108108115,18.90475221982723,18.817379611650487,-16.984786666666665,61.76538029488693,76.43235598245664
8,5,8,4,7,3,0.3199138473885012,4.291247706050355,148,7.486090035407182,69.5945945945946,103,45,7.971220945945946,18.92534862670919,18.87433106796117,-16.984786666666665,61.76538029488693,76.43235598245664
8,5,8,4,7,4,0.3199138473885012,4.291247706050355,148,7.486090035407182,70.27027027027027,104,44,8.24905337837838,18.827304985988587,18.89442980769231,-16.91274545454545,62.46938877766566,77.04551081958633
8,5,10,2,3,2,0.3199138473885012,4.291247706050355,148,7.486090035407182,71.62162162162163,106,42,8.474198648648649,18.86017121855821,18.79503113207547,-17.573616666666663,63.882960624541866,78.26626561252692
8,5,10,2,3,3,0.3199138473885012,4.291247706050355,148,7.486090035407182,72.2972972972973,107,41,8.851247972972972,19.058900095682507,19.132222429906545,-17.979587804878047,64.59259898729894,78.87379056967825
8,5,10,2,3,4,0.3199138473885012,4.291247706050355,148,7.486090035407182,72.2972972972973,107,41,8.856449324324325,19.061367429756352,19.139416822429908,-17.979587804878047,64.59259898729894,78.87379056967825
8,5,10,2,5,2,0.3199138473885012,4.291247706050355,148,7.486090035407182,71.62162162162163,106,42,8.35539864864865,18.799996669427216,18.629159433962265,-17.573616666666663,63.882960624541866,78.26626561252692
8,5,10,2,5,3,0.3199138473885012,4.291247706050355,148,7.486090035407182,72.97297297297297,108,40,8.883067567567569,18.757157166368227,18.791644444444447,-17.870089999999998,65.30419326069712,79.47935961618846
8,5,10,2,5,4,0.3199138473885012,4.291247706050355,148,7.486090035407182,72.97297297297297,108,40,9.099783108108108,18.793145113463556,19.02107777777778,-17.6877125,65.30419326069712,79.47935961618846
8,5,10,2,7,2,0.3199138473885012,4.291247706050355,148,7.486090035407182,71.62162162162163,106,42,8.219654054054056,18.899861530966604,18.565782075471695,-17.89200238095238,63.882960624541866,78.26626561252692
8,5,10,2,7,3,0.3199138473885012,4.291247706050355,148,7.486090035407182,71.62162162162163,106,42,8.25574391891892,19.338448955560878,18.81096886792453,-18.383633333333332,63.882960624541866,78.26626561252692
8,5,10,2,7,4,0.3199138473885012,4.291247706050355,148,7.486090035407182,72.97297297297297,108,40,8.734066891891892,19.169810950335883,18.83157592592593,-18.529207500000002,65.30419326069712,79.47935961618846
8,5,10,3,3,2,0.3199138473885012,4.291247706050355,148,7.486090035407182,71.62162162162163,106,42,8.503422297297298,18.547470060683438,18.670048113207546,-17.15520476190476,63.882960624541866,78.26626561252692
8,5,10,3,3,3,0.3199138473885012,4.291247706050355,148,7.486090035407182,72.97297297297297,108,40,9.300071621621623,18.919646746630455,19.192559259259255,-17.409645,65.30419326069712,79.47935961618846
8,5,10,3,3,4,0.3199138473885012,4.291247706050355,148,7.486090035407182,72.2972972972973,107,41,9.167137162162163,19.002925907130063,19.296935514018692,-17.269165853658535,64.59259898729894,78.87379056967825
8,5,10,3,5,2,0.3199138473885012,4.291247706050355,148,7.486090035407182,70.94594594594594,105,43,8.308994594594596,18.59790752643994,18.676566666666666,-17.00716976744186,63.17523679742286,77.65682611973752
8,5,10,3,5,3,0.3199138473885012,4.291247706050355,148,7.486090035407182,72.2972972972973,107,41,8.635249324324326,18.438297709274842,18.551620560747665,-17.244060975609756,64.59259898729894,78.87379056967825
8,5,10,3,5,4,0.3199138473885012,4.291247706050355,148,7.486090035407182,72.2972972972973,107,41,8.880632432432433,18.615042149711602,18.872839252336448,-17.19659024390244,64.59259898729894,78.87379056967825
8,5,10,3,7,2,0.3199138473885012,4.291247706050355,148,7.486090035407182,69.5945945945946,103,45,7.9865128378378385,18.94729174289144,18.87512427184466,-16.936308888888888,61.76538029488693,76.43235598245664
8,5,10,3,7,3,0.3199138473885012,4.291247706050355,148,7.486090035407182,70.94594594594594,105,43,8.399656756756757,18.731985443776974,18.77729904761905,-16.9410976744186,63.17523679742286,77.65682611973752
8,5,10,3,7,4,0.3199138473885012,4.291247706050355,148,7.486090035407182,72.97297297297297,108,40,9.031863513513514,18.588206260195868,18.806527777777777,-17.359730000000003,65.30419326069712,79.47935961618846
8,5,10,4,3,2,0.3199138473885012,4.291247706050355,148,7.486090035407182,72.2972972972973,107,41,8.713183783783785,18.421005844500908,18.588489719626168,-17.058956097560976,64.59259898729894,78.87379056967825
8,5,10,4,3,3,0.3199138473885012,4.291247706050355,148,7.486090035407182,72.2972972972973,107,41,8.896413513513512,18.720171673978246,18.939879439252337,-17.31458292682927,64.59259898729894,78.87379056967825
8,5,10,4,3,4,0.3199138473885012,4.291247706050355,148,7.486090035407182,72.2972972972973,107,41,9.308356081081081,18.93702256203432,19.34289813084112,-16.87935121951219,64.59259898729894,78.87379056967825
8,5,10,4,5,2,0.3199138473885012,4.291247706050355,148,7.486090035407182,70.94594594594594,105,43,8.295207432432433,18.676566066445353,18.65713333333333,-17.00716976744186,63.17523679742286,77.65682611973752
8,5,10,4,5,3,0.3199138473885012,4.291247706050355,148,7.486090035407182,70.94594594594594,105,43,8.407812162162163,18.74206500524431,18.81585238095238,-17.00716976744186,63.17523679742286,77.65682611973752
8,5,10,4,5,4,0.3199138473885012,4.291247706050355,148,7.486090035407182,70.94594594594594,105,43,8.53325472972973,18.854401478509857,18.992666666666665,-17.00716976744186,63.17523679742286,77.65682611973752
8,5,10,4,7,2,0.3199138473885012,4.291247706050355,148,7.486090035407182,70.27027027027027,104,44,8.162216891891893,18.872774181644452,18.841067307692306,-17.078702272727273,62.46938877766566,77.04551081958633
8,5,10,4,7,3,0.3199138473885012,4.291247706050355,148,7.486090035407182,70.27027027027027,104,44,8.201852027027028,18.892918326823132,18.897471153846155,-17.078702272727273,62.46938877766566,77.04551081958633
8,5,10,4,7,4,0.3199138473885012,4.291247706050355,148,7.486090035407182,70.94594594594594,105,43,8.421062162162164,18.749336099021445,18.83452857142857,-17.00716976744186,63.17523679742286,77.65682611973752
8,5,12,2,3,2,0.3199138473885012,4.291247706050355,148,7.486090035407182,71.62162162162163,106,42,8.474198648648649,18.86017121855821,18.79503113207547,-17.573616666666663,63.882960624541866,78.26626561252692
8,5,12,2,3,3,0.3199138473885012,4.291247706050355,148,7.486090035407182,72.2972972972973,107,41,8.851247972972972,19.058900095682507,19.132222429906545,-17.979587804878047,64.59259898729894,78.87379056967825
8,5,12,2,3,4,0.3199138473885012,4.291247706050355,148,7.486090035407182,71.62162162162163,106,42,8.58180472972973,19.13655736254506,19.094983018867925,-17.95145476190476,63.882960624541866,78.26626561252692
8,5,12,2,5,2,0.3199138473885012,4.291247706050355,148,7.486090035407182,71.62162162162163,106,42,8.425316891891892,18.82738948740353,18.72678113207547,-17.573616666666663,63.882960624541866,78.26626561252692
8,5,12,2,5,3,0.3199138473885012,4.291247706050355,148,7.486090035407182,72.97297297297297,108,40,8.883067567567569,18.757157166368227,18.791644444444447,-17.870089999999998,65.30419326069712,79.47935961618846
8,5,12,2,5,4,0.3199138473885012,4.291247706050355,148,7.486090035407182,72.2972972972973,107,41,8.825138513513513,18.87296936166097,18.97595327102804,-17.66601219512195,64.59259898729894,78.87379056967825
8,5,12,2,7,2,0.3199138473885012,4.291247706050355,148,7.486090035407182,71.62162162162163,106,42,8.289572297297298,18.92761467291561,18.663403773584907,-17.89200238095238,63.882960624541866,78.26626561252692
8,5,12,2,7,3,0.3199138473885012,4.291247706050355,148,7.486090035407182,71.62162162162163,106,42,8.325662162162164,19.365442373269868,18.908590566037738,-18.383633333333332,63.882960624541866,78.26626561252692
8,5,12,2,7,4,0.3199138473885012,4.291247706050355,148,7.486090035407182,72.2972972972973,107,41,8.48263918918919,19.255807433283742,18.816793457943927,-18.486982926829267,64.59259898729894,78.87379056967825
8,5,12,3,3,2,0.3199138473885012,4.291247706050355,148,7.486090035407182,70.94594594594594,105,43,8.09536891891892,18.883671264683485,18.62710095238095,-17.621651162790698,63.17523679742286,77.65682611973752
8,5,12,3,3,3,0.3199138473885012,4.291247706050355,148,7.486090035407182,72.2972972972973,107,41,8.961936486486488,19.291116405262315,19.252007476635512,-17.892639024390245,64.59259898729894,78.87379056967825
8,5,12,3,3,4,0.3199138473885012,4.291247706050355,148,7.486090035407182,71.62162162162163,106,42,8.777099324324325,19.355416372711282,19.28546132075472,-17.744004761904762,63.882960624541866,78.26626561252692
8,5,12,3,5,2,0.3199138473885012,4.291247706050355,148,7.486090035407182,70.94594594594594,105,43,8.308994594594596,18.59790752643994,18.676566666666666,-17.00716976744186,63.17523679742286,77.65682611973752
8,5,12,3,5,3,0.3199138473885012,4.291247706050355,148,7.486090035407182,72.2972972972973,107,41,8.635249324324326,18.438297709274842,18.551620560747665,-17.244060975609756,64.59259898729894,78.87379056967825
8,5,12,3,5,4,0.3199138473885012,4.291247706050355,148,7.486090035407182,72.2972972972973,107,41,8.880632432432433,18.615042149711602,18.872839252336448,-17.19659024390244,64.59259898729894,78.87379056967825
8,5,12,3,7,2,0.3199138473885012,4.291247706050355,148,7.486090035407182,69.5945945945946,103,45,7.9865128378378385,18.94729174289144,18.87512427184466,-16.936308888888888,61.76538029488693,76.43235598245664
8,5,12,3,7,3,0.3199138473885012,4.291247706050355,148,7.486090035407182,70.94594594594594,105,43,8.399656756756757,18.731985443776974,18.77729904761905,-16.9410976744186,63.17523679742286,77.65682611973752
8,5,12,3,7,4,0.3199138473885012,4.291247706050355,148,7.486090035407182,72.97297297297297,108,40,9.031863513513514,18.588206260195868,18.806527777777777,-17.359730000000003,65.30419326069712,79.47935961618846
8,5,12,4,3,2,0.3199138473885012,4.291247706050355,148,7.486090035407182,72.2972972972973,107,41,8.771806081081083,18.46275438314326,18.66957476635514,-17.058956097560976,64.59259898729894,78.87379056967825
8,5,12,4,3,3,0.3199138473885012,4.291247706050355,148,7.486090035407182,72.2972972972973,107,41,8.955035810810811,18.76067807293201,19.020964485981306,-17.31458292682927,64.59259898729894,78.87379056967825
8,5,12,4,3,4,0.3199138473885012,4.291247706050355,148,7.486090035407182,72.2972972972973,107,41,9.361777027027028,18.973447307908998,19.416788785046727,-16.87935121951219,64.59259898729894,78.87379056967825
8,5,12,4,5,2,0.3199138473885012,4.291247706050355,148,7.486090035407182,70.94594594594594,105,43,8.295207432432433,18.676566066445353,18.65713333333333,-17.00716976744186,63.17523679742286,77.65682611973752
8,5,12,4,5,3,0.3199138473885012,4.291247706050355,148,7.486090035407182,70.94594594594594,105,43,8.427531081081082,18.756113426169986,18.843646666666665,-17.00716976744186,63.17523679742286,77.65682611973752
8,5,12,4,5,4,0.3199138473885012,4.291247706050355,148,7.486090035407182,70.94594594594594,105,43,8.55297364864865,18.868234270048614,19.020460952380954,-17.00716976744186,63.17523679742286,77.65682611973752
8,5,12,4,7,2,0.3199138473885012,4.291247706050355,148,7.486090035407182,70.27027027027027,104,44,8.181935810810812,18.88698353739342,18.869128846153846,-17.078702272727273,62.46938877766566,77.04551081958633
8,5,12,4,7,3,0.3199138473885012,4.291247706050355,148,7.486090035407182,70.27027027027027,104,44,8.221570945945945,18.907070925368245,18.92553269230769,-17.078702272727273,62.46938877766566,77.04551081958633
8,5,12,4,7,4,0.3199138473885012,4.291247706050355,148,7.486090035407182,70.94594594594594,105,43,8.440781081081083,18.763365056473656,18.862322857142857,-17.00716976744186,63.17523679742286,77.65682611973752
10,2,8,2,3,2,0.3006462207133572,3.1685211415647485,188,9.509357612544258,72.87234042553192,137,51,9.330970744680853,19.64322954207145,19.619236496350364,-18.30613529411765,66.1060462714328,78.72263702187998
10,2,8,2,3,3,0.3006462207133572,3.1685211415647485,188,9.509357612544258,72.87234042553192,137,51,9.44173670212766,19.69662764329991,19.765683941605836,-18.29121960784314,66.1060462714328,78.72263702187998
10,2,8,2,3,4,0.3006462207133572,3.1685211415647485,188,9.509357612544258,72.87234042553192,137,51,9.454600531914895,19.699138465790444,19.783336496350366,-18.29121960784314,66.1060462714328,78.72263702187998
10,2,8,2,5,2,0.3006462207133572,3.1685211415647485,188,9.509357612544258,73.40425531914893,138,50,9.205085638297872,19.03167142211121,19.1439115942029,-18.226073999999997,66.66571209256851,79.20549871919339
10,2,8,2,5,3,0.3006462207133572,3.1685211415647485,188,9.509357612544258,72.87234042553192,137,51,9.033604255319148,19.22767162452655,19.23908613138686,-18.38112156862745,66.1060462714328,78.72263702187998
10,2,8,2,5,4,0.3006462207133572,3.1685211415647485,188,9.509357612544258,72.3404255319149,136,52,9.098931382978723,19.62309942999826,19.594369852941174,-18.350676923076925,65.54748770045097,78.23866807441266
10,2,8,2,7,2,0.3006462207133572,3.1685211415647485,188,9.509357612544258,72.3404255319149,136,52,8.788500531914895,19.188463981735016,19.117892647058824,-18.226832692307692,65.54748770045097,78.23866807441266
10,2,8,2,7,3,0.3006462207133572,3.1685211415647485,188,9.509357612544258,72.3404255319149,136,52,8.744899468085107,19.172280370946805,19.05762058823529,-18.226832692307692,65.54748770045097,78.23866807441266
10,2,8,2,7,4,0.3006462207133572,3.1685211415647485,188,9.509357612544258,72.3404255319149,136,52,8.740136170212766,19.23254618567545,19.098388235294117,-18.350676923076925,65.54748770045097,78.23866807441266
10,2,8,3,3,2,0.3006462207133572,3.1685211415647485,188,9.509357612544258,72.87234042553192,137,51,9.357706382978725,18.90140304555866,19.231004379562044,-17.164682352941174,66.1060462714328,78.72263702187998
10,2,8,3,3,3,0.3006462207133572,3.1685211415647485,188,9.509357612544258,73.40425531914893,138,50,9.55319414893617,18.84534931914948,19.254539855072466,-17.22252,66.66571209256851,79.20549871919339
10,2,8,3,3,4,0.3006462207133572,3.1685211415647485,188,9.509357612544258,73.40425531914893,138,50,9.738853723404254,18.891679143942884,19.451923188405797,-17.069218,66.66571209256851,79.20549871919339
10,2,8,3,5,2,0.3006462207133572,3.1685211415647485,188,9.509357612544258,73.40425531914893,138,50,9.60823670212766,18.620708796373485,19.271290579710143,-17.061792,66.66571209256851,79.20549871919339
10,2,8,3,5,3,0.3006462207133572,3.1685211415647485,188,9.509357612544258,73.40425531914893,138,50,9.590470212765958,18.614825155369854,19.255289855072466,-17.084432,66.66571209256851,79.20549871919339
10,2,8,3,5,4,0.3006462207133572,3.1685211415647485,188,9.509357612544258,72.87234042553192,137,51,9.29853829787234,18.979967524237026,19.25848102189781,-17.45660196078431,66.1060462714328,78.72263702187998
10,2,8,3,7,2,0.3006462207133572,3.1685211415647485,188,9.509357612544258,72.87234042553192,137,51,9.50125585106383,18.689585451018655,19.337173722627735,-16.920719607843136,66.1060462714328,78.72263702187998
10,2,8,3,7,3,0.3006462207133572,3.1685211415647485,188,9.509357612544258,73.40425531914893,138,50,9.353733510638296,18.635470564398734,19.066370289855072,-17.453143999999998,66.66571209256851,79.20549871919339
10,2,8,3,7,4,0.3006462207133572,3.1685211415647485,188,9.509357612544258,73.40425531914893,138,50,9.34371063829787,18.69204487662973,19.09938188405797,-17.581941999999998,66.66571209256851,79.20549871919339
10,2,8,4,3,2,0.3006462207133572,3.1685211415647485,188,9.509357612544258,71.80851063829788,135,53,9.05181489361702,19.124838914885316,19.2988762962963,-17.049190566037733,64.99001696749764,77.75361128891687
10,2,8,4,3,3,0.3006462207133572,3.1685211415647485,188,9.509357612544258,72.3404255319149,136,52,9.191834574468086,19.02298385525663,19.234738970588236,-17.074223076923072,65.54748770045097,78.23866807441266
10,2,8,4,3,4,0.3006462207133572,3.1685211415647485,188,9.509357612544258,72.87234042553192,137,51,9.474699468085108,18.90313642069798,19.30394160583942,-16.9293431372549,66.1060462714328,78.72263702187998
10,2,8,4,5,2,0.3006462207133572,3.1685211415647485,188,9.509357612544258,71.80851063829788,135,53,9.059631382978724,19.024525544307675,19.237545185185187,-16.865243396226415,64.99001696749764,77.75361128891687
10,2,8,4,5,3,0.3006462207133572,3.1685211415647485,188,9.509357612544258,72.3404255319149,136,52,9.344823936170213,18.90616089312697,19.310453676470587,-16.719130769230766,65.54748770045097,78.23866807441266
10,2,8,4,5,4,0.3006462207133572,3.1685211415647485,188,9.509357612544258,72.3404255319149,136,52,9.463522340425532,19.04421466551551,19.522784558823528,-16.845317307692305,65.54748770045097,78.23866807441266
10,2,8,4,7,2,0.3006462207133572,3.1685211415647485,188,9.509357612544258,71.80851063829788,135,53,9.240771276595744,18.79471791213738,19.371604444444447,-16.56418113207547,64.99001696749764,77.75361128891687
10,2,8,4,7,3,0.3006462207133572,3.1685211415647485,188,9.509357612544258,72.3404255319149,136,52,9.42285425531915,18.713540529228368,19.364183088235293,-16.57754423076923,65.54748770045097,78.23866807441266
10,2,8,4,7,4,0.3006462207133572,3.1685211415647485,188,9.509357612544258,72.3404255319149,136,52,9.330802659574468,18.59708321646003,19.25039632352941,-16.612750000000002,65.54748770045097,78.23866807441266
10,2,10,2,3,2,0.3006462207133572,3.1685211415647485,188,9.509357612544258,72.87234042553192,137,51,9.345153191489363,19.650642242113356,19.638698540145985,-18.30613529411765,66.1060462714328,78.72263702187998
10,2,10,2,3,3,0.3006462207133572,3.1685211415647485,188,9.509357612544258,72.87234042553192,137,51,9.44173670212766,19.69662764329991,19.765683941605836,-18.29121960784314,66.1060462714328,78.72263702187998
10,2,10,2,3,4,0.3006462207133572,3.1685211415647485,188,9.509357612544258,72.3404255319149,136,52,9.265153191489361,19.77970372596064,19.790433823529412,-18.262503846153848,65.54748770045097,78.23866807441266
10,2,10,2,5,2,0.3006462207133572,3.1685211415647485,188,9.509357612544258,72.87234042553192,137,51,9.055381382978723,19.12951901679242,19.20082773722628,-18.198072549019606,66.1060462714328,78.72263702187998
10,2,10,2,5,3,0.3006462207133572,3.1685211415647485,188,9.509357612544258,72.3404255319149,136,52,8.88783085106383,19.32404164913331,19.302554411764703,-18.350676923076925,65.54748770045097,78.23866807441266
10,2,10,2,5,4,0.3006462207133572,3.1685211415647485,188,9.509357612544258,72.3404255319149,136,52,9.15397340425532,19.641660084722492,19.670457352941174,-18.350676923076925,65.54748770045097,78.23866807441266
10,2,10,2,7,2,0.3006462207133572,3.1685211415647485,188,9.509357612544258,72.3404255319149,136,52,8.826734042553193,19.21304196164986,19.170744852941173,-18.226832692307692,65.54748770045097,78.23866807441266
10,2,10,2,7,3,0.3006462207133572,3.1685211415647485,188,9.509357612544258,72.3404255319149,136,52,8.826806914893616,19.215198395493793,19.17084558823529,-18.226832692307692,65.54748770045097,78.23866807441266
10,2,10,2,7,4,0.3006462207133572,3.1685211415647485,188,9.509357612544258,72.3404255319149,136,52,8.792552127659574,19.265134680494423,19.17084558823529,-18.350676923076925,65.54748770045097,78.23866807441266
10,2,10,3,3,2,0.3006462207133572,3.1685211415647485,188,9.509357612544258,72.87234042553192,137,51,9.398478191489362,18.83621347894497,19.231004379562044,-17.014386274509803,66.1060462714328,78.72263702187998
10,2,10,3,3,3,0.3006462207133572,3.1685211415647485,188,9.509357612544258,73.40425531914893,138,50,9.593965957446809,18.779538494600228,19.254539855072466,-17.069218,66.66571209256851,79.20549871919339
10,2,10,3,3,4,0.3006462207133572,3.1685211415647485,188,9.509357612544258,73.40425531914893,138,50,9.804609574468085,18.922189735391456,19.541503623188405,-17.069218,66.66571209256851,79.20549871919339
10,2,10,3,5,2,0.3006462207133572,3.1685211415647485,188,9.509357612544258,73.93617021276596,139,49,9.867572340425532,18.548700980887457,19.34775899280576,-17.02520204081633,67.22650563808192,79.68723269212911
10,2,10,3,5,3,0.3006462207133572,3.1685211415647485,188,9.509357612544258,73.93617021276596,139,49,9.87478989361702,18.64097730775077,19.42080935251799,-17.20473469387755,67.22650563808192,79.68723269212911
10,2,10,3,5,4,0.3006462207133572,3.1685211415647485,188,9.509357612544258,73.93617021276596,139,49,9.751318617021276,18.950362956797356,19.42080935251799,-17.678461224489794,67.22650563808192,79.68723269212911
10,2,10,3,7,2,0.3006462207133572,3.1685211415647485,188,9.509357612544258,72.87234042553192,137,51,9.385085638297872,18.730456329656583,19.262506569343063,-17.14837843137255,66.1060462714328,78.72263702187998
10,2,10,3,7,3,0.3006462207133572,3.1685211415647485,188,9.509357612544258,73.93617021276596,139,49,9.683275000000002,18.834194121023845,19.28244892086331,-17.547034693877553,67.22650563808192,79.68723269212911
10,2,10,3,7,4,0.3006462207133572,3.1685211415647485,188,9.509357612544258,73.40425531914893,138,50,9.228975531914895,18.930417797309214,19.119597101449273,-18.06914,66.66571209256851,79.20549871919339
10,2,10,4,3,2,0.3006462207133572,3.1685211415647485,188,9.509357612544258,72.3404255319149,136,52,9.142540957446808,19.03952994093998,19.187884558823527,-17.129896153846154,65.54748770045097,78.23866807441266
10,2,10,4,3,3,0.3006462207133572,3.1685211415647485,188,9.509357612544258,72.3404255319149,136,52,9.153214361702128,18.950006669476796,19.197045588235294,-17.115267307692307,65.54748770045097,78.23866807441266
10,2,10,4,3,4,0.3006462207133572,3.1685211415647485,188,9.509357612544258,72.87234042553192,137,51,9.410195744680852,18.818826708864467,19.231004379562044,-16.971192156862745,66.1060462714328,78.72263702187998
10,2,10,4,5,2,0.3006462207133572,3.1685211415647485,188,9.509357612544258,72.87234042553192,137,51,9.44826914893617,18.968313649048213,19.315052554744526,-17.05661960784314,66.1060462714328,78.72263702187998
10,2,10,4,5,3,0.3006462207133572,3.1685211415647485,188,9.509357612544258,73.40425531914893,138,50,9.62618244680851,18.709180302770132,19.24019420289855,-16.90849,66.66571209256851,79.20549871919339
10,2,10,4,5,4,0.3006462207133572,3.1685211415647485,188,9.509357612544258,72.87234042553192,137,51,9.542193085106383,18.913179862742098,19.42821897810219,-17.014386274509803,66.1060462714328,78.72263702187998
10,2,10,4,7,2,0.3006462207133572,3.1685211415647485,188,9.509357612544258,72.3404255319149,136,52,9.172912234042553,18.755270704527753,19.193120588235296,-17.033786538461534,65.54748770045097,78.23866807441266
10,2,10,4,7,3,0.3006462207133572,3.1685211415647485,188,9.509357612544258,72.87234042553192,137,51,9.416753723404257,18.581114243609026,19.187056204379562,-16.828960784313725,66.1060462714328,78.72263702187998
10,2,10,4,7,4,0.3006462207133572,3.1685211415647485,188,9.509357612544258,72.3404255319149,136,52,9.232529787234045,18.72327446002769,19.237513235294116,-16.93435,65.54748770045097,78.23866807441266
10,2,12,2,3,2,0.3006462207133572,3.1685211415647485,188,9.509357612544258,72.87234042553192,137,51,9.421145744680851,19.52065152424609,19.638698540145985,-18.02600588235294,66.1060462714328,78.72263702187998
10,2,12,2,3,3,0.3006462207133572,3.1685211415647485,188,9.509357612544258,72.3404255319149,136,52,9.252289361702127,19.77707924872006,19.772651470588237,-18.262503846153848,65.54748770045097,78.23866807441266
10,2,12,2,3,4,0.3006462207133572,3.1685211415647485,188,9.509357612544258,72.3404255319149,136,52,9.265153191489361,19.77970372596064,19.790433823529412,-18.262503846153848,65.54748770045097,78.23866807441266
10,2,12,2,5,2,0.3006462207133572,3.1685211415647485,188,9.509357612544258,72.87234042553192,137,51,9.055381382978723,19.12951901679242,19.20082773722628,-18.198072549019606,66.1060462714328,78.72263702187998
10,2,12,2,5,3,0.3006462207133572,3.1685211415647485,188,9.509357612544258,72.3404255319149,136,52,8.88783085106383,19.32404164913331,19.302554411764703,-18.350676923076925,65.54748770045097,78.23866807441266
10,2,12,2,5,4,0.3006462207133572,3.1685211415647485,188,9.509357612544258,72.3404255319149,136,52,9.15397340425532,19.641660084722492,19.670457352941174,-18.350676923076925,65.54748770045097,78.23866807441266
10,2,12,2,7,2,0.3006462207133572,3.1685211415647485,188,9.509357612544258,72.3404255319149,136,52,8.845011170212766,19.22292018533882,19.196010294117645,-18.226832692307692,65.54748770045097,78.23866807441266
10,2,12,2,7,3,0.3006462207133572,3.1685211415647485,188,9.509357612544258,72.3404255319149,136,52,8.826806914893616,19.215198395493793,19.17084558823529,-18.226832692307692,65.54748770045097,78.23866807441266
10,2,12,2,7,4,0.3006462207133572,3.1685211415647485,188,9.509357612544258,72.3404255319149,136,52,8.792552127659574,19.265134680494423,19.17084558823529,-18.350676923076925,65.54748770045097,78.23866807441266
10,2,12,3,3,2,0.3006462207133572,3.1685211415647485,188,9.509357612544258,72.87234042553192,137,51,9.21295585106383,19.004056935207192,19.166366423357662,-17.52463725490196,66.1060462714328,78.72263702187998
10,2,12,3,3,3,0.3006462207133572,3.1685211415647485,188,9.509357612544258,73.40425531914893,138,50,9.408443617021277,18.94980818964096,19.19037028985507,-17.589674,66.66571209256851,79.20549871919339
10,2,12,3,3,4,0.3006462207133572,3.1685211415647485,188,9.509357612544258,73.40425531914893,138,50,9.65994680851064,19.10343751925349,19.53299782608696,-17.589674,66.66571209256851,79.20549871919339
10,2,12,3,5,2,0.3006462207133572,3.1685211415647485,188,9.509357612544258,73.40425531914893,138,50,9.576232978723406,18.85535653880999,19.360718115942028,-17.428946,66.66571209256851,79.20549871919339
10,2,12,3,5,3,0.3006462207133572,3.1685211415647485,188,9.509357612544258,73.40425531914893,138,50,9.583450531914895,18.946250951557975,19.434297826086958,-17.604888000000003,66.66571209256851,79.20549871919339
10,2,12,3,5,4,0.3006462207133572,3.1685211415647485,188,9.509357612544258,73.40425531914893,138,50,9.459979255319148,19.248852368703286,19.434297826086958,-18.06914,66.66571209256851,79.20549871919339
10,2,12,3,7,2,0.3006462207133572,3.1685211415647485,188,9.509357612544258,72.3404255319149,136,52,9.079563829787235,19.018913622094036,19.25542426470588,-17.534225,65.54748770045097,78.23866807441266
10,2,12,3,7,3,0.3006462207133572,3.1685211415647485,188,9.509357612544258,73.40425531914893,138,50,9.377753191489363,19.125875935743572,19.275613768115942,-17.940342,66.66571209256851,79.20549871919339
10,2,12,3,7,4,0.3006462207133572,3.1685211415647485,188,9.509357612544258,73.40425531914893,138,50,9.228975531914895,18.930417797309214,19.119597101449273,-18.06914,66.66571209256851,79.20549871919339
10,2,12,4,3,2,0.3006462207133572,3.1685211415647485,188,9.509357612544258,72.3404255319149,136,52,9.11164680851064,18.959171010237874,19.155782352941177,-17.157630769230767,65.54748770045097,78.23866807441266
10,2,12,4,3,3,0.3006462207133572,3.1685211415647485,188,9.509357612544258,72.3404255319149,136,52,9.145543085106384,18.961856003346906,19.197045588235294,-17.14300192307692,65.54748770045097,78.23866807441266
10,2,12,4,3,4,0.3006462207133572,3.1685211415647485,188,9.509357612544258,72.87234042553192,137,51,9.402524468085106,18.830863837102207,19.231004379562044,-16.999470588235294,66.1060462714328,78.72263702187998
10,2,12,4,5,2,0.3006462207133572,3.1685211415647485,188,9.509357612544258,72.87234042553192,137,51,9.339351063829788,18.8364534548672,19.16558832116788,-17.05661960784314,66.1060462714328,78.72263702187998
10,2,12,4,5,3,0.3006462207133572,3.1685211415647485,188,9.509357612544258,73.40425531914893,138,50,9.62618244680851,18.709180302770132,19.24019420289855,-16.90849,66.66571209256851,79.20549871919339
10,2,12,4,5,4,0.3006462207133572,3.1685211415647485,188,9.509357612544258,72.87234042553192,137,51,9.542193085106383,18.913179862742098,19.42821897810219,-17.014386274509803,66.1060462714328,78.72263702187998
10,2,12,4,7,2,0.3006462207133572,3.1685211415647485,188,9.509357612544258,72.3404255319149,136,52,9.190858510638298,19.026468225355487,19.366872794117647,-17.42333269230769,65.54748770045097,78.23866807441266
10,2,12,4,7,3,0.3006462207133572,3.1685211415647485,188,9.509357612544258,73.93617021276596,139,49,9.85791914893617,18.55952177742439,19.33470287769784,-17.02520204081633,67.22650563808192,79.68723269212911
10,2,12,4,7,4,0.3006462207133572,3.1685211415647485,188,9.509357612544258,73.40425531914893,138,50,9.673695212765958,18.70621458962159,19.385498550724638,-17.130882,66.66571209256851,79.20549871919339
10,3,8,2,3,2,0.3006462207133572,3.1685211415647485,188,9.509357612544258,72.87234042553192,137,51,9.330970744680853,19.64322954207145,19.619236496350364,-18.30613529411765,66.1060462714328,78.72263702187998
10,3,8,2,3,3,0.3006462207133572,3.1685211415647485,188,9.509357612544258,72.87234042553192,137,51,9.44173670212766,19.69662764329991,19.765683941605836,-18.29121960784314,66.1060462714328,78.72263702187998
10,3,8,2,3,4,0.3006462207133572,3.1685211415647485,188,9.509357612544258,72.87234042553192,137,51,9.454600531914895,19.699138465790444,19.783336496350366,-18.29121960784314,66.1060462714328,78.72263702187998
10,3,8,2,5,2,0.3006462207133572,3.1685211415647485,188,9.509357612544258,73.40425531914893,138,50,9.205085638297872,19.03167142211121,19.1439115942029,-18.226073999999997,66.66571209256851,79.20549871919339
10,3,8,2,5,3,0.3006462207133572,3.1685211415647485,188,9.509357612544258,72.87234042553192,137,51,9.033604255319148,19.22767162452655,19.23908613138686,-18.38112156862745,66.1060462714328,78.72263702187998
10,3,8,2,5,4,0.3006462207133572,3.1685211415647485,188,9.509357612544258,72.3404255319149,136,52,9.098931382978723,19.62309942999826,19.594369852941174,-18.350676923076925,65.54748770045097,78.23866807441266
10,3,8,2,7,2,0.3006462207133572,3.1685211415647485,188,9.509357612544258,72.3404255319149,136,52,8.788500531914895,19.188463981735016,19.117892647058824,-18.226832692307692,65.54748770045097,78.23866807441266
10,3,8,2,7,3,0.3006462207133572,3.1685211415647485,188,9.509357612544258,72.3404255319149,136,52,8.744899468085107,19.172280370946805,19.05762058823529,-18.226832692307692,65.54748770045097,78.23866807441266
10,3,8,2,7,4,0.3006462207133572,3.1685211415647485,188,9.509357612544258,72.3404255319149,136,52,8.740136170212766,19.23254618567545,19.098388235294117,-18.350676923076925,65.54748770045097,78.23866807441266
10,3,8,3,3,2,0.3006462207133572,3.1685211415647485,188,9.509357612544258,72.87234042553192,137,51,9.357706382978725,18.90140304555866,19.231004379562044,-17.164682352941174,66.1060462714328,78.72263702187998
10,3,8,3,3,3,0.3006462207133572,3.1685211415647485,188,9.509357612544258,73.40425531914893,138,50,9.55319414893617,18.84534931914948,19.254539855072466,-17.22252,66.66571209256851,79.20549871919339
10,3,8,3,3,4,0.3006462207133572,3.1685211415647485,188,9.509357612544258,73.40425531914893,138,50,9.738853723404254,18.891679143942884,19.451923188405797,-17.069218,66.66571209256851,79.20549871919339
10,3,8,3,5,2,0.3006462207133572,3.1685211415647485,188,9.509357612544258,73.40425531914893,138,50,9.60823670212766,18.620708796373485,19.271290579710143,-17.061792,66.66571209256851,79.20549871919339
10,3,8,3,5,3,0.3006462207133572,3.1685211415647485,188,9.509357612544258,73.40425531914893,138,50,9.590470212765958,18.614825155369854,19.255289855072466,-17.084432,66.66571209256851,79.20549871919339
10,3,8,3,5,4,0.3006462207133572,3.1685211415647485,188,9.509357612544258,72.87234042553192,137,51,9.29853829787234,18.979967524237026,19.25848102189781,-17.45660196078431,66.1060462714328,78.72263702187998
10,3,8,3,7,2,0.3006462207133572,3.1685211415647485,188,9.509357612544258,72.87234042553192,137,51,9.50125585106383,18.689585451018655,19.337173722627735,-16.920719607843136,66.1060462714328,78.72263702187998
10,3,8,3,7,3,0.3006462207133572,3.1685211415647485,188,9.509357612544258,73.40425531914893,138,50,9.353733510638296,18.635470564398734,19.066370289855072,-17.453143999999998,66.66571209256851,79.20549871919339
10,3,8,3,7,4,0.3006462207133572,3.1685211415647485,188,9.509357612544258,73.40425531914893,138,50,9.34371063829787,18.69204487662973,19.09938188405797,-17.581941999999998,66.66571209256851,79.20549871919339
10,3,8,4,3,2,0.3006462207133572,3.1685211415647485,188,9.509357612544258,71.80851063829788,135,53,9.05181489361702,19.124838914885316,19.2988762962963,-17.049190566037733,64.99001696749764,77.75361128891687
10,3,8,4,3,3,0.3006462207133572,3.1685211415647485,188,9.509357612544258,72.3404255319149,136,52,9.191834574468086,19.02298385525663,19.234738970588236,-17.074223076923072,65.54748770045097,78.23866807441266
10,3,8,4,3,4,0.3006462207133572,3.1685211415647485,188,9.509357612544258,72.87234042553192,137,51,9.474699468085108,18.90313642069798,19.30394160583942,-16.9293431372549,66.1060462714328,78.72263702187998
10,3,8,4,5,2,0.3006462207133572,3.1685211415647485,188,9.509357612544258,71.80851063829788,135,53,9.059631382978724,19.024525544307675,19.237545185185187,-16.865243396226415,64.99001696749764,77.75361128891687
10,3,8,4,5,3,0.3006462207133572,3.1685211415647485,188,9.509357612544258,72.3404255319149,136,52,9.344823936170213,18.90616089312697,19.310453676470587,-16.719130769230766,65.54748770045097,78.23866807441266
10,3,8,4,5,4,0.3006462207133572,3.1685211415647485,188,9.509357612544258,72.3404255319149,136,52,9.463522340425532,19.04421466551551,19.522784558823528,-16.845317307692305,65.54748770045097,78.23866807441266
10,3,8,4,7,2,0.3006462207133572,3.1685211415647485,188,9.509357612544258,71.80851063829788,135,53,9.240771276595744,18.79471791213738,19.371604444444447,-16.56418113207547,64.99001696749764,77.75361128891687
10,3,8,4,7,3,0.3006462207133572,3.1685211415647485,188,9.509357612544258,72.3404255319149,136,52,9.42285425531915,18.713540529228368,19.364183088235293,-16.57754423076923,65.54748770045097,78.23866807441266
10,3,8,4,7,4,0.3006462207133572,3.1685211415647485,188,9.509357612544258,72.3404255319149,136,52,9.330802659574468,18.59708321646003,19.25039632352941,-16.612750000000002,65.54748770045097,78.23866807441266
10,3,10,2,3,2,0.3006462207133572,3.1685211415647485,188,9.509357612544258,72.87234042553192,137,51,9.345153191489363,19.650642242113356,19.638698540145985,-18.30613529411765,66.1060462714328,78.72263702187998
10,3,10,2,3,3,0.3006462207133572,3.1685211415647485,188,9.509357612544258,72.87234042553192,137,51,9.44173670212766,19.69662764329991,19.765683941605836,-18.29121960784314,66.1060462714328,78.72263702187998
10,3,10,2,3,4,0.3006462207133572,3.1685211415647485,188,9.509357612544258,72.3404255319149,136,52,9.265153191489361,19.77970372596064,19.790433823529412,-18.262503846153848,65.54748770045097,78.23866807441266
10,3,10,2,5,2,0.3006462207133572,3.1685211415647485,188,9.509357612544258,72.87234042553192,137,51,9.055381382978723,19.12951901679242,19.20082773722628,-18.198072549019606,66.1060462714328,78.72263702187998
10,3,10,2,5,3,0.3006462207133572,3.1685211415647485,188,9.509357612544258,72.3404255319149,136,52,8.88783085106383,19.32404164913331,19.302554411764703,-18.350676923076925,65.54748770045097,78.23866807441266
10,3,10,2,5,4,0.3006462207133572,3.1685211415647485,188,9.509357612544258,72.3404255319149,136,52,9.15397340425532,19.641660084722492,19.670457352941174,-18.350676923076925,65.54748770045097,78.23866807441266
10,3,10,2,7,2,0.3006462207133572,3.1685211415647485,188,9.509357612544258,72.3404255319149,136,52,8.826734042553193,19.21304196164986,19.170744852941173,-18.226832692307692,65.54748770045097,78.23866807441266
10,3,10,2,7,3,0.3006462207133572,3.1685211415647485,188,9.509357612544258,72.3404255319149,136,52,8.826806914893616,19.215198395493793,19.17084558823529,-18.226832692307692,65.54748770045097,78.23866807441266
10,3,10,2,7,4,0.3006462207133572,3.1685211415647485,188,9.509357612544258,72.3404255319149,136,52,8.792552127659574,19.265134680494423,19.17084558823529,-18.350676923076925,65.54748770045097,78.23866807441266
10,3,10,3,3,2,0.3006462207133572,3.1685211415647485,188,9.509357612544258,72.87234042553192,137,51,9.398478191489362,18.83621347894497,19.231004379562044,-17.014386274509803,66.1060462714328,78.72263702187998
10,3,10,3,3,3,0.3006462207133572,3.1685211415647485,188,9.509357612544258,73.40425531914893,138,50,9.593965957446809,18.779538494600228,19.254539855072466,-17.069218,66.66571209256851,79.20549871919339
10,3,10,3,3,4,0.3006462207133572,3.1685211415647485,188,9.509357612544258,73.40425531914893,138,50,9.804609574468085,18.922189735391456,19.541503623188405,-17.069218,66.66571209256851,79.20549871919339
10,3,10,3,5,2,0.3006462207133572,3.1685211415647485,188,9.509357612544258,73.93617021276596,139,49,9.867572340425532,18.548700980887457,19.34775899280576,-17.02520204081633,67.22650563808192,79.68723269212911
10,3,10,3,5,3,0.3006462207133572,3.1685211415647485,188,9.509357612544258,73.93617021276596,139,49,9.87478989361702,18.64097730775077,19.42080935251799,-17.20473469387755,67.22650563808192,79.68723269212911
10,3,10,3,5,4,0.3006462207133572,3.1685211415647485,188,9.509357612544258,73.93617021276596,139,49,9.751318617021276,18.950362956797356,19.42080935251799,-17.678461224489794,67.22650563808192,79.68723269212911
10,3,10,3,7,2,0.3006462207133572,3.1685211415647485,188,9.509357612544258,72.87234042553192,137,51,9.385085638297872,18.730456329656583,19.262506569343063,-17.14837843137255,66.1060462714328,78.72263702187998
10,3,10,3,7,3,0.3006462207133572,3.1685211415647485,188,9.509357612544258,73.93617021276596,139,49,9.683275000000002,18.834194121023845,19.28244892086331,-17.547034693877553,67.22650563808192,79.68723269212911
10,3,10,3,7,4,0.3006462207133572,3.1685211415647485,188,9.509357612544258,73.40425531914893,138,50,9.228975531914895,18.930417797309214,19.119597101449273,-18.06914,66.66571209256851,79.20549871919339
10,3,10,4,3,2,0.3006462207133572,3.1685211415647485,188,9.509357612544258,72.3404255319149,136,52,9.142540957446808,19.03952994093998,19.187884558823527,-17.129896153846154,65.54748770045097,78.23866807441266
10,3,10,4,3,3,0.3006462207133572,3.1685211415647485,188,9.509357612544258,72.3404255319149,136,52,9.153214361702128,18.950006669476796,19.197045588235294,-17.115267307692307,65.54748770045097,78.23866807441266
10,3,10,4,3,4,0.3006462207133572,3.1685211415647485,188,9.509357612544258,72.87234042553192,137,51,9.410195744680852,18.818826708864467,19.231004379562044,-16.971192156862745,66.1060462714328,78.72263702187998
10,3,10,4,5,2,0.3006462207133572,3.1685211415647485,188,9.509357612544258,72.87234042553192,137,51,9.44826914893617,18.968313649048213,19.315052554744526,-17.05661960784314,66.1060462714328,78.72263702187998
10,3,10,4,5,3,0.3006462207133572,3.1685211415647485,188,9.509357612544258,73.40425531914893,138,50,9.62618244680851,18.709180302770132,19.24019420289855,-16.90849,66.66571209256851,79.20549871919339
10,3,10,4,5,4,0.3006462207133572,3.1685211415647485,188,9.509357612544258,72.87234042553192,137,51,9.542193085106383,18.913179862742098,19.42821897810219,-17.014386274509803,66.1060462714328,78.72263702187998
10,3,10,4,7,2,0.3006462207133572,3.1685211415647485,188,9.509357612544258,72.3404255319149,136,52,9.172912234042553,18.755270704527753,19.193120588235296,-17.033786538461534,65.54748770045097,78.23866807441266
10,3,10,4,7,3,0.3006462207133572,3.1685211415647485,188,9.509357612544258,72.87234042553192,137,51,9.416753723404257,18.581114243609026,19.187056204379562,-16.828960784313725,66.1060462714328,78.72263702187998
10,3,10,4,7,4,0.3006462207133572,3.1685211415647485,188,9.509357612544258,72.3404255319149,136,52,9.232529787234045,18.72327446002769,19.237513235294116,-16.93435,65.54748770045097,78.23866807441266
10,3,12,2,3,2,0.3006462207133572,3.1685211415647485,188,9.509357612544258,72.87234042553192,137,51,9.421145744680851,19.52065152424609,19.638698540145985,-18.02600588235294,66.1060462714328,78.72263702187998
10,3,12,2,3,3,0.3006462207133572,3.1685211415647485,188,9.509357612544258,72.3404255319149,136,52,9.252289361702127,19.77707924872006,19.772651470588237,-18.262503846153848,65.54748770045097,78.23866807441266
10,3,12,2,3,4,0.3006462207133572,3.1685211415647485,188,9.509357612544258,72.3404255319149,136,52,9.265153191489361,19.77970372596064,19.790433823529412,-18.262503846153848,65.54748770045097,78.23866807441266
10,3,12,2,5,2,0.3006462207133572,3.1685211415647485,188,9.509357612544258,72.87234042553192,137,51,9.055381382978723,19.12951901679242,19.20082773722628,-18.198072549019606,66.1060462714328,78.72263702187998
10,3,12,2,5,3,0.3006462207133572,3.1685211415647485,188,9.509357612544258,72.3404255319149,136,52,8.88783085106383,19.32404164913331,19.302554411764703,-18.350676923076925,65.54748770045097,78.23866807441266
10,3,12,2,5,4,0.3006462207133572,3.1685211415647485,188,9.509357612544258,72.3404255319149,136,52,9.15397340425532,19.641660084722492,19.670457352941174,-18.350676923076925,65.54748770045097,78.23866807441266
10,3,12,2,7,2,0.3006462207133572,3.1685211415647485,188,9.509357612544258,72.3404255319149,136,52,8.845011170212766,19.22292018533882,19.196010294117645,-18.226832692307692,65.54748770045097,78.23866807441266
10,3,12,2,7,3,0.3006462207133572,3.1685211415647485,188,9.509357612544258,72.3404255319149,136,52,8.826806914893616,19.215198395493793,19.17084558823529,-18.226832692307692,65.54748770045097,78.23866807441266
10,3,12,2,7,4,0.3006462207133572,3.1685211415647485,188,9.509357612544258,72.3404255319149,136,52,8.792552127659574,19.265134680494423,19.17084558823529,-18.350676923076925,65.54748770045097,78.23866807441266
10,3,12,3,3,2,0.3006462207133572,3.1685211415647485,188,9.509357612544258,72.87234042553192,137,51,9.21295585106383,19.004056935207192,19.166366423357662,-17.52463725490196,66.1060462714328,78.72263702187998
10,3,12,3,3,3,0.3006462207133572,3.1685211415647485,188,9.509357612544258,73.40425531914893,138,50,9.408443617021277,18.94980818964096,19.19037028985507,-17.589674,66.66571209256851,79.20549871919339
10,3,12,3,3,4,0.3006462207133572,3.1685211415647485,188,9.509357612544258,73.40425531914893,138,50,9.65994680851064,19.10343751925349,19.53299782608696,-17.589674,66.66571209256851,79.20549871919339
10,3,12,3,5,2,0.3006462207133572,3.1685211415647485,188,9.509357612544258,73.40425531914893,138,50,9.576232978723406,18.85535653880999,19.360718115942028,-17.428946,66.66571209256851,79.20549871919339
10,3,12,3,5,3,0.3006462207133572,3.1685211415647485,188,9.509357612544258,73.40425531914893,138,50,9.583450531914895,18.946250951557975,19.434297826086958,-17.604888000000003,66.66571209256851,79.20549871919339
10,3,12,3,5,4,0.3006462207133572,3.1685211415647485,188,9.509357612544258,73.40425531914893,138,50,9.459979255319148,19.248852368703286,19.434297826086958,-18.06914,66.66571209256851,79.20549871919339
10,3,12,3,7,2,0.3006462207133572,3.1685211415647485,188,9.509357612544258,72.3404255319149,136,52,9.079563829787235,19.018913622094036,19.25542426470588,-17.534225,65.54748770045097,78.23866807441266
10,3,12,3,7,3,0.3006462207133572,3.1685211415647485,188,9.509357612544258,73.40425531914893,138,50,9.377753191489363,19.125875935743572,19.275613768115942,-17.940342,66.66571209256851,79.20549871919339
10,3,12,3,7,4,0.3006462207133572,3.1685211415647485,188,9.509357612544258,73.40425531914893,138,50,9.228975531914895,18.930417797309214,19.119597101449273,-18.06914,66.66571209256851,79.20549871919339
10,3,12,4,3,2,0.3006462207133572,3.1685211415647485,188,9.509357612544258,72.3404255319149,136,52,9.11164680851064,18.959171010237874,19.155782352941177,-17.157630769230767,65.54748770045097,78.23866807441266
10,3,12,4,3,3,0.3006462207133572,3.1685211415647485,188,9.509357612544258,72.3404255319149,136,52,9.145543085106384,18.961856003346906,19.197045588235294,-17.14300192307692,65.54748770045097,78.23866807441266
10,3,12,4,3,4,0.3006462207133572,3.1685211415647485,188,9.509357612544258,72.87234042553192,137,51,9.402524468085106,18.830863837102207,19.231004379562044,-16.999470588235294,66.1060462714328,78.72263702187998
10,3,12,4,5,2,0.3006462207133572,3.1685211415647485,188,9.509357612544258,72.87234042553192,137,51,9.339351063829788,18.8364534548672,19.16558832116788,-17.05661960784314,66.1060462714328,78.72263702187998
10,3,12,4,5,3,0.3006462207133572,3.1685211415647485,188,9.509357612544258,73.40425531914893,138,50,9.62618244680851,18.709180302770132,19.24019420289855,-16.90849,66.66571209256851,79.20549871919339
10,3,12,4,5,4,0.3006462207133572,3.1685211415647485,188,9.509357612544258,72.87234042553192,137,51,9.542193085106383,18.913179862742098,19.42821897810219,-17.014386274509803,66.1060462714328,78.72263702187998
10,3,12,4,7,2,0.3006462207133572,3.1685211415647485,188,9.509357612544258,72.3404255319149,136,52,9.190858510638298,19.026468225355487,19.366872794117647,-17.42333269230769,65.54748770045097,78.23866807441266
10,3,12,4,7,3,0.3006462207133572,3.1685211415647485,188,9.509357612544258,73.93617021276596,139,49,9.85791914893617,18.55952177742439,19.33470287769784,-17.02520204081633,67.22650563808192,79.68723269212911
10,3,12,4,7,4,0.3006462207133572,3.1685211415647485,188,9.509357612544258,73.40425531914893,138,50,9.673695212765958,18.70621458962159,19.385498550724638,-17.130882,66.66571209256851,79.20549871919339
10,4,8,2,3,2,0.3006462207133572,3.1685211415647485,188,9.509357612544258,72.87234042553192,137,51,9.330970744680853,19.64322954207145,19.619236496350364,-18.30613529411765,66.1060462714328,78.72263702187998
10,4,8,2,3,3,0.3006462207133572,3.1685211415647485,188,9.509357612544258,72.87234042553192,137,51,9.44173670212766,19.69662764329991,19.765683941605836,-18.29121960784314,66.1060462714328,78.72263702187998
10,4,8,2,3,4,0.3006462207133572,3.1685211415647485,188,9.509357612544258,72.87234042553192,137,51,9.454600531914895,19.699138465790444,19.783336496350366,-18.29121960784314,66.1060462714328,78.72263702187998
10,4,8,2,5,2,0.3006462207133572,3.1685211415647485,188,9.509357612544258,73.40425531914893,138,50,9.205085638297872,19.03167142211121,19.1439115942029,-18.226073999999997,66.66571209256851,79.20549871919339
10,4,8,2,5,3,0.3006462207133572,3.1685211415647485,188,9.509357612544258,72.87234042553192,137,51,9.033604255319148,19.22767162452655,19.23908613138686,-18.38112156862745,66.1060462714328,78.72263702187998
10,4,8,2,5,4,0.3006462207133572,3.1685211415647485,188,9.509357612544258,72.3404255319149,136,52,9.098931382978723,19.62309942999826,19.594369852941174,-18.350676923076925,65.54748770045097,78.23866807441266
10,4,8,2,7,2,0.3006462207133572,3.1685211415647485,188,9.509357612544258,72.3404255319149,136,52,8.788500531914895,19.188463981735016,19.117892647058824,-18.226832692307692,65.54748770045097,78.23866807441266
10,4,8,2,7,3,0.3006462207133572,3.1685211415647485,188,9.509357612544258,72.3404255319149,136,52,8.744899468085107,19.172280370946805,19.05762058823529,-18.226832692307692,65.54748770045097,78.23866807441266
10,4,8,2,7,4,0.3006462207133572,3.1685211415647485,188,9.509357612544258,72.3404255319149,136,52,8.740136170212766,19.23254618567545,19.098388235294117,-18.350676923076925,65.54748770045097,78.23866807441266
10,4,8,3,3,2,0.3006462207133572,3.1685211415647485,188,9.509357612544258,72.87234042553192,137,51,9.357706382978725,18.90140304555866,19.231004379562044,-17.164682352941174,66.1060462714328,78.72263702187998
10,4,8,3,3,3,0.3006462207133572,3.1685211415647485,188,9.509357612544258,73.40425531914893,138,50,9.55319414893617,18.84534931914948,19.254539855072466,-17.22252,66.66571209256851,79.20549871919339
10,4,8,3,3,4,0.3006462207133572,3.1685211415647485,188,9.509357612544258,73.40425531914893,138,50,9.738853723404254,18.891679143942884,19.451923188405797,-17.069218,66.66571209256851,79.20549871919339
10,4,8,3,5,2,0.3006462207133572,3.1685211415647485,188,9.509357612544258,73.40425531914893,138,50,9.60823670212766,18.620708796373485,19.271290579710143,-17.061792,66.66571209256851,79.20549871919339
10,4,8,3,5,3,0.3006462207133572,3.1685211415647485,188,9.509357612544258,73.40425531914893,138,50,9.590470212765958,18.614825155369854,19.255289855072466,-17.084432,66.66571209256851,79.20549871919339
10,4,8,3,5,4,0.3006462207133572,3.1685211415647485,188,9.509357612544258,72.87234042553192,137,51,9.29853829787234,18.979967524237026,19.25848102189781,-17.45660196078431,66.1060462714328,78.72263702187998
10,4,8,3,7,2,0.3006462207133572,3.1685211415647485,188,9.509357612544258,72.87234042553192,137,51,9.50125585106383,18.689585451018655,19.337173722627735,-16.920719607843136,66.1060462714328,78.72263702187998
10,4,8,3,7,3,0.3006462207133572,3.1685211415647485,188,9.509357612544258,73.40425531914893,138,50,9.353733510638296,18.635470564398734,19.066370289855072,-17.453143999999998,66.66571209256851,79.20549871919339
10,4,8,3,7,4,0.3006462207133572,3.1685211415647485,188,9.509357612544258,73.40425531914893,138,50,9.34371063829787,18.69204487662973,19.09938188405797,-17.581941999999998,66.66571209256851,79.20549871919339
10,4,8,4,3,2,0.3006462207133572,3.1685211415647485,188,9.509357612544258,71.80851063829788,135,53,9.05181489361702,19.124838914885316,19.2988762962963,-17.049190566037733,64.99001696749764,77.75361128891687
10,4,8,4,3,3,0.3006462207133572,3.1685211415647485,188,9.509357612544258,72.3404255319149,136,52,9.191834574468086,19.02298385525663,19.234738970588236,-17.074223076923072,65.54748770045097,78.23866807441266
10,4,8,4,3,4,0.3006462207133572,3.1685211415647485,188,9.509357612544258,72.87234042553192,137,51,9.474699468085108,18.90313642069798,19.30394160583942,-16.9293431372549,66.1060462714328,78.72263702187998
10,4,8,4,5,2,0.3006462207133572,3.1685211415647485,188,9.509357612544258,71.80851063829788,135,53,9.059631382978724,19.024525544307675,19.237545185185187,-16.865243396226415,64.99001696749764,77.75361128891687
10,4,8,4,5,3,0.3006462207133572,3.1685211415647485,188,9.509357612544258,72.3404255319149,136,52,9.344823936170213,18.90616089312697,19.310453676470587,-16.719130769230766,65.54748770045097,78.23866807441266
10,4,8,4,5,4,0.3006462207133572,3.1685211415647485,188,9.509357612544258,72.3404255319149,136,52,9.463522340425532,19.04421466551551,19.522784558823528,-16.845317307692305,65.54748770045097,78.23866807441266
10,4,8,4,7,2,0.3006462207133572,3.1685211415647485,188,9.509357612544258,71.80851063829788,135,53,9.240771276595744,18.79471791213738,19.371604444444447,-16.56418113207547,64.99001696749764,77.75361128891687
10,4,8,4,7,3,0.3006462207133572,3.1685211415647485,188,9.509357612544258,72.3404255319149,136,52,9.42285425531915,18.713540529228368,19.364183088235293,-16.57754423076923,65.54748770045097,78.23866807441266
10,4,8,4,7,4,0.3006462207133572,3.1685211415647485,188,9.509357612544258,72.3404255319149,136,52,9.330802659574468,18.59708321646003,19.25039632352941,-16.612750000000002,65.54748770045097,78.23866807441266
10,4,10,2,3,2,0.3006462207133572,3.1685211415647485,188,9.509357612544258,72.87234042553192,137,51,9.345153191489363,19.650642242113356,19.638698540145985,-18.30613529411765,66.1060462714328,78.72263702187998
10,4,10,2,3,3,0.3006462207133572,3.1685211415647485,188,9.509357612544258,72.87234042553192,137,51,9.44173670212766,19.69662764329991,19.765683941605836,-18.29121960784314,66.1060462714328,78.72263702187998
10,4,10,2,3,4,0.3006462207133572,3.1685211415647485,188,9.509357612544258,72.3404255319149,136,52,9.265153191489361,19.77970372596064,19.790433823529412,-18.262503846153848,65.54748770045097,78.23866807441266
10,4,10,2,5,2,0.3006462207133572,3.1685211415647485,188,9.509357612544258,72.87234042553192,137,51,9.055381382978723,19.12951901679242,19.20082773722628,-18.198072549019606,66.1060462714328,78.72263702187998
10,4,10,2,5,3,0.3006462207133572,3.1685211415647485,188,9.509357612544258,72.3404255319149,136,52,8.88783085106383,19.32404164913331,19.302554411764703,-18.350676923076925,65.54748770045097,78.23866807441266
10,4,10,2,5,4,0.3006462207133572,3.1685211415647485,188,9.509357612544258,72.3404255319149,136,52,9.15397340425532,19.641660084722492,19.670457352941174,-18.350676923076925,65.54748770045097,78.23866807441266
10,4,10,2,7,2,0.3006462207133572,3.1685211415647485,188,9.509357612544258,72.3404255319149,136,52,8.826734042553193,19.21304196164986,19.170744852941173,-18.226832692307692,65.54748770045097,78.23866807441266
10,4,10,2,7,3,0.3006462207133572,3.1685211415647485,188,9.509357612544258,72.3404255319149,136,52,8.826806914893616,19.215198395493793,19.17084558823529,-18.226832692307692,65.54748770045097,78.23866807441266
10,4,10,2,7,4,0.3006462207133572,3.1685211415647485,188,9.509357612544258,72.3404255319149,136,52,8.792552127659574,19.265134680494423,19.17084558823529,-18.350676923076925,65.54748770045097,78.23866807441266
10,4,10,3,3,2,0.3006462207133572,3.1685211415647485,188,9.509357612544258,72.87234042553192,137,51,9.398478191489362,18.83621347894497,19.231004379562044,-17.014386274509803,66.1060462714328,78.72263702187998
10,4,10,3,3,3,0.3006462207133572,3.1685211415647485,188,9.509357612544258,73.40425531914893,138,50,9.593965957446809,18.779538494600228,19.254539855072466,-17.069218,66.66571209256851,79.20549871919339
10,4,10,3,3,4,0.3006462207133572,3.1685211415647485,188,9.509357612544258,73.40425531914893,138,50,9.804609574468085,18.922189735391456,19.541503623188405,-17.069218,66.66571209256851,79.20549871919339
10,4,10,3,5,2,0.3006462207133572,3.1685211415647485,188,9.509357612544258,73.93617021276596,139,49,9.867572340425532,18.548700980887457,19.34775899280576,-17.02520204081633,67.22650563808192,79.68723269212911
10,4,10,3,5,3,0.3006462207133572,3.1685211415647485,188,9.509357612544258,73.93617021276596,139,49,9.87478989361702,18.64097730775077,19.42080935251799,-17.20473469387755,67.22650563808192,79.68723269212911
10,4,10,3,5,4,0.3006462207133572,3.1685211415647485,188,9.509357612544258,73.93617021276596,139,49,9.751318617021276,18.950362956797356,19.42080935251799,-17.678461224489794,67.22650563808192,79.68723269212911
10,4,10,3,7,2,0.3006462207133572,3.1685211415647485,188,9.509357612544258,72.87234042553192,137,51,9.385085638297872,18.730456329656583,19.262506569343063,-17.14837843137255,66.1060462714328,78.72263702187998
10,4,10,3,7,3,0.3006462207133572,3.1685211415647485,188,9.509357612544258,73.93617021276596,139,49,9.683275000000002,18.834194121023845,19.28244892086331,-17.547034693877553,67.22650563808192,79.68723269212911
10,4,10,3,7,4,0.3006462207133572,3.1685211415647485,188,9.509357612544258,73.40425531914893,138,50,9.228975531914895,18.930417797309214,19.119597101449273,-18.06914,66.66571209256851,79.20549871919339
10,4,10,4,3,2,0.3006462207133572,3.1685211415647485,188,9.509357612544258,72.3404255319149,136,52,9.142540957446808,19.03952994093998,19.187884558823527,-17.129896153846154,65.54748770045097,78.23866807441266
10,4,10,4,3,3,0.3006462207133572,3.1685211415647485,188,9.509357612544258,72.3404255319149,136,52,9.153214361702128,18.950006669476796,19.197045588235294,-17.115267307692307,65.54748770045097,78.23866807441266
10,4,10,4,3,4,0.3006462207133572,3.1685211415647485,188,9.509357612544258,72.87234042553192,137,51,9.410195744680852,18.818826708864467,19.231004379562044,-16.971192156862745,66.1060462714328,78.72263702187998
10,4,10,4,5,2,0.3006462207133572,3.1685211415647485,188,9.509357612544258,72.87234042553192,137,51,9.44826914893617,18.968313649048213,19.315052554744526,-17.05661960784314,66.1060462714328,78.72263702187998
10,4,10,4,5,3,0.3006462207133572,3.1685211415647485,188,9.509357612544258,73.40425531914893,138,50,9.62618244680851,18.709180302770132,19.24019420289855,-16.90849,66.66571209256851,79.20549871919339
10,4,10,4,5,4,0.3006462207133572,3.1685211415647485,188,9.509357612544258,72.87234042553192,137,51,9.542193085106383,18.913179862742098,19.42821897810219,-17.014386274509803,66.1060462714328,78.72263702187998
10,4,10,4,7,2,0.3006462207133572,3.1685211415647485,188,9.509357612544258,72.3404255319149,136,52,9.172912234042553,18.755270704527753,19.193120588235296,-17.033786538461534,65.54748770045097,78.23866807441266
10,4,10,4,7,3,0.3006462207133572,3.1685211415647485,188,9.509357612544258,72.87234042553192,137,51,9.416753723404257,18.581114243609026,19.187056204379562,-16.828960784313725,66.1060462714328,78.72263702187998
10,4,10,4,7,4,0.3006462207133572,3.1685211415647485,188,9.509357612544258,72.3404255319149,136,52,9.232529787234045,18.72327446002769,19.237513235294116,-16.93435,65.54748770045097,78.23866807441266
10,4,12,2,3,2,0.3006462207133572,3.1685211415647485,188,9.509357612544258,72.87234042553192,137,51,9.421145744680851,19.52065152424609,19.638698540145985,-18.02600588235294,66.1060462714328,78.72263702187998
10,4,12,2,3,3,0.3006462207133572,3.1685211415647485,188,9.509357612544258,72.3404255319149,136,52,9.252289361702127,19.77707924872006,19.772651470588237,-18.262503846153848,65.54748770045097,78.23866807441266
10,4,12,2,3,4,0.3006462207133572,3.1685211415647485,188,9.509357612544258,72.3404255319149,136,52,9.265153191489361,19.77970372596064,19.790433823529412,-18.262503846153848,65.54748770045097,78.23866807441266
10,4,12,2,5,2,0.3006462207133572,3.1685211415647485,188,9.509357612544258,72.87234042553192,137,51,9.055381382978723,19.12951901679242,19.20082773722628,-18.198072549019606,66.1060462714328,78.72263702187998
10,4,12,2,5,3,0.3006462207133572,3.1685211415647485,188,9.509357612544258,72.3404255319149,136,52,8.88783085106383,19.32404164913331,19.302554411764703,-18.350676923076925,65.54748770045097,78.23866807441266
10,4,12,2,5,4,0.3006462207133572,3.1685211415647485,188,9.509357612544258,72.3404255319149,136,52,9.15397340425532,19.641660084722492,19.670457352941174,-18.350676923076925,65.54748770045097,78.23866807441266
10,4,12,2,7,2,0.3006462207133572,3.1685211415647485,188,9.509357612544258,72.3404255319149,136,52,8.845011170212766,19.22292018533882,19.196010294117645,-18.226832692307692,65.54748770045097,78.23866807441266
10,4,12,2,7,3,0.3006462207133572,3.1685211415647485,188,9.509357612544258,72.3404255319149,136,52,8.826806914893616,19.215198395493793,19.17084558823529,-18.226832692307692,65.54748770045097,78.23866807441266
10,4,12,2,7,4,0.3006462207133572,3.1685211415647485,188,9.509357612544258,72.3404255319149,136,52,8.792552127659574,19.265134680494423,19.17084558823529,-18.350676923076925,65.54748770045097,78.23866807441266
10,4,12,3,3,2,0.3006462207133572,3.1685211415647485,188,9.509357612544258,72.87234042553192,137,51,9.21295585106383,19.004056935207192,19.166366423357662,-17.52463725490196,66.1060462714328,78.72263702187998
10,4,12,3,3,3,0.3006462207133572,3.1685211415647485,188,9.509357612544258,73.40425531914893,138,50,9.408443617021277,18.94980818964096,19.19037028985507,-17.589674,66.66571209256851,79.20549871919339
10,4,12,3,3,4,0.3006462207133572,3.1685211415647485,188,9.509357612544258,73.40425531914893,138,50,9.65994680851064,19.10343751925349,19.53299782608696,-17.589674,66.66571209256851,79.20549871919339
10,4,12,3,5,2,0.3006462207133572,3.1685211415647485,188,9.509357612544258,73.40425531914893,138,50,9.576232978723406,18.85535653880999,19.360718115942028,-17.428946,66.66571209256851,79.20549871919339
10,4,12,3,5,3,0.3006462207133572,3.1685211415647485,188,9.509357612544258,73.40425531914893,138,50,9.583450531914895,18.946250951557975,19.434297826086958,-17.604888000000003,66.66571209256851,79.20549871919339
10,4,12,3,5,4,0.3006462207133572,3.1685211415647485,188,9.509357612544258,73.40425531914893,138,50,9.459979255319148,19.248852368703286,19.434297826086958,-18.06914,66.66571209256851,79.20549871919339
10,4,12,3,7,2,0.3006462207133572,3.1685211415647485,188,9.509357612544258,72.3404255319149,136,52,9.079563829787235,19.018913622094036,19.25542426470588,-17.534225,65.54748770045097,78.23866807441266
10,4,12,3,7,3,0.3006462207133572,3.1685211415647485,188,9.509357612544258,73.40425531914893,138,50,9.377753191489363,19.125875935743572,19.275613768115942,-17.940342,66.66571209256851,79.20549871919339
10,4,12,3,7,4,0.3006462207133572,3.1685211415647485,188,9.509357612544258,73.40425531914893,138,50,9.228975531914895,18.930417797309214,19.119597101449273,-18.06914,66.66571209256851,79.20549871919339
10,4,12,4,3,2,0.3006462207133572,3.1685211415647485,188,9.509357612544258,72.3404255319149,136,52,9.11164680851064,18.959171010237874,19.155782352941177,-17.157630769230767,65.54748770045097,78.23866807441266
10,4,12,4,3,3,0.3006462207133572,3.1685211415647485,188,9.509357612544258,72.3404255319149,136,52,9.145543085106384,18.961856003346906,19.197045588235294,-17.14300192307692,65.54748770045097,78.23866807441266
10,4,12,4,3,4,0.3006462207133572,3.1685211415647485,188,9.509357612544258,72.87234042553192,137,51,9.402524468085106,18.830863837102207,19.231004379562044,-16.999470588235294,66.1060462714328,78.72263702187998
10,4,12,4,5,2,0.3006462207133572,3.1685211415647485,188,9.509357612544258,72.87234042553192,137,51,9.339351063829788,18.8364534548672,19.16558832116788,-17.05661960784314,66.1060462714328,78.72263702187998
10,4,12,4,5,3,0.3006462207133572,3.1685211415647485,188,9.509357612544258,73.40425531914893,138,50,9.62618244680851,18.709180302770132,19.24019420289855,-16.90849,66.66571209256851,79.20549871919339
10,4,12,4,5,4,0.3006462207133572,3.1685211415647485,188,9.509357612544258,72.87234042553192,137,51,9.542193085106383,18.913179862742098,19.42821897810219,-17.014386274509803,66.1060462714328,78.72263702187998
10,4,12,4,7,2,0.3006462207133572,3.1685211415647485,188,9.509357612544258,72.3404255319149,136,52,9.190858510638298,19.026468225355487,19.366872794117647,-17.42333269230769,65.54748770045097,78.23866807441266
10,4,12,4,7,3,0.3006462207133572,3.1685211415647485,188,9.509357612544258,73.93617021276596,139,49,9.85791914893617,18.55952177742439,19.33470287769784,-17.02520204081633,67.22650563808192,79.68723269212911
10,4,12,4,7,4,0.3006462207133572,3.1685211415647485,188,9.509357612544258,73.40425531914893,138,50,9.673695212765958,18.70621458962159,19.385498550724638,-17.130882,66.66571209256851,79.20549871919339
10,5,8,2,3,2,0.3006462207133572,3.1685211415647485,188,9.509357612544258,72.87234042553192,137,51,9.330970744680853,19.64322954207145,19.619236496350364,-18.30613529411765,66.1060462714328,78.72263702187998
10,5,8,2,3,3,0.3006462207133572,3.1685211415647485,188,9.509357612544258,72.87234042553192,137,51,9.44173670212766,19.69662764329991,19.765683941605836,-18.29121960784314,66.1060462714328,78.72263702187998
10,5,8,2,3,4,0.3006462207133572,3.1685211415647485,188,9.509357612544258,72.87234042553192,137,51,9.454600531914895,19.699138465790444,19.783336496350366,-18.29121960784314,66.1060462714328,78.72263702187998
10,5,8,2,5,2,0.3006462207133572,3.1685211415647485,188,9.509357612544258,73.40425531914893,138,50,9.205085638297872,19.03167142211121,19.1439115942029,-18.226073999999997,66.66571209256851,79.20549871919339
10,5,8,2,5,3,0.3006462207133572,3.1685211415647485,188,9.509357612544258,72.87234042553192,137,51,9.033604255319148,19.22767162452655,19.23908613138686,-18.38112156862745,66.1060462714328,78.72263702187998
10,5,8,2,5,4,0.3006462207133572,3.1685211415647485,188,9.509357612544258,72.3404255319149,136,52,9.098931382978723,19.62309942999826,19.594369852941174,-18.350676923076925,65.54748770045097,78.23866807441266
10,5,8,2,7,2,0.3006462207133572,3.1685211415647485,188,9.509357612544258,72.3404255319149,136,52,8.788500531914895,19.188463981735016,19.117892647058824,-18.226832692307692,65.54748770045097,78.23866807441266
10,5,8,2,7,3,0.3006462207133572,3.1685211415647485,188,9.509357612544258,72.3404255319149,136,52,8.744899468085107,19.172280370946805,19.05762058823529,-18.226832692307692,65.54748770045097,78.23866807441266
10,5,8,2,7,4,0.3006462207133572,3.1685211415647485,188,9.509357612544258,72.3404255319149,136,52,8.740136170212766,19.23254618567545,19.098388235294117,-18.350676923076925,65.54748770045097,78.23866807441266
10,5,8,3,3,2,0.3006462207133572,3.1685211415647485,188,9.509357612544258,72.87234042553192,137,51,9.357706382978725,18.90140304555866,19.231004379562044,-17.164682352941174,66.1060462714328,78.72263702187998
10,5,8,3,3,3,0.3006462207133572,3.1685211415647485,188,9.509357612544258,73.40425531914893,138,50,9.55319414893617,18.84534931914948,19.254539855072466,-17.22252,66.66571209256851,79.20549871919339
10,5,8,3,3,4,0.3006462207133572,3.1685211415647485,188,9.509357612544258,73.40425531914893,138,50,9.738853723404254,18.891679143942884,19.451923188405797,-17.069218,66.66571209256851,79.20549871919339
10,5,8,3,5,2,0.3006462207133572,3.1685211415647485,188,9.509357612544258,73.40425531914893,138,50,9.60823670212766,18.620708796373485,19.271290579710143,-17.061792,66.66571209256851,79.20549871919339
10,5,8,3,5,3,0.3006462207133572,3.1685211415647485,188,9.509357612544258,73.40425531914893,138,50,9.590470212765958,18.614825155369854,19.255289855072466,-17.084432,66.66571209256851,79.20549871919339
10,5,8,3,5,4,0.3006462207133572,3.1685211415647485,188,9.509357612544258,72.87234042553192,137,51,9.29853829787234,18.979967524237026,19.25848102189781,-17.45660196078431,66.1060462714328,78.72263702187998
10,5,8,3,7,2,0.3006462207133572,3.1685211415647485,188,9.509357612544258,72.87234042553192,137,51,9.50125585106383,18.689585451018655,19.337173722627735,-16.920719607843136,66.1060462714328,78.72263702187998
10,5,8,3,7,3,0.3006462207133572,3.1685211415647485,188,9.509357612544258,73.40425531914893,138,50,9.353733510638296,18.635470564398734,19.066370289855072,-17.453143999999998,66.66571209256851,79.20549871919339
10,5,8,3,7,4,0.3006462207133572,3.1685211415647485,188,9.509357612544258,73.40425531914893,138,50,9.34371063829787,18.69204487662973,19.09938188405797,-17.581941999999998,66.66571209256851,79.20549871919339
10,5,8,4,3,2,0.3006462207133572,3.1685211415647485,188,9.509357612544258,71.80851063829788,135,53,9.05181489361702,19.124838914885316,19.2988762962963,-17.049190566037733,64.99001696749764,77.75361128891687
10,5,8,4,3,3,0.3006462207133572,3.1685211415647485,188,9.509357612544258,72.3404255319149,136,52,9.191834574468086,19.02298385525663,19.234738970588236,-17.074223076923072,65.54748770045097,78.23866807441266
10,5,8,4,3,4,0.3006462207133572,3.1685211415647485,188,9.509357612544258,72.87234042553192,137,51,9.474699468085108,18.90313642069798,19.30394160583942,-16.9293431372549,66.1060462714328,78.72263702187998
10,5,8,4,5,2,0.3006462207133572,3.1685211415647485,188,9.509357612544258,71.80851063829788,135,53,9.059631382978724,19.024525544307675,19.237545185185187,-16.865243396226415,64.99001696749764,77.75361128891687
10,5,8,4,5,3,0.3006462207133572,3.1685211415647485,188,9.509357612544258,72.3404255319149,136,52,9.344823936170213,18.90616089312697,19.310453676470587,-16.719130769230766,65.54748770045097,78.23866807441266
10,5,8,4,5,4,0.3006462207133572,3.1685211415647485,188,9.509357612544258,72.3404255319149,136,52,9.463522340425532,19.04421466551551,19.522784558823528,-16.845317307692305,65.54748770045097,78.23866807441266
10,5,8,4,7,2,0.3006462207133572,3.1685211415647485,188,9.509357612544258,71.80851063829788,135,53,9.240771276595744,18.79471791213738,19.371604444444447,-16.56418113207547,64.99001696749764,77.75361128891687
10,5,8,4,7,3,0.3006462207133572,3.1685211415647485,188,9.509357612544258,72.3404255319149,136,52,9.42285425531915,18.713540529228368,19.364183088235293,-16.57754423076923,65.54748770045097,78.23866807441266
10,5,8,4,7,4,0.3006462207133572,3.1685211415647485,188,9.509357612544258,72.3404255319149,136,52,9.330802659574468,18.59708321646003,19.25039632352941,-16.612750000000002,65.54748770045097,78.23866807441266
10,5,10,2,3,2,0.3006462207133572,3.1685211415647485,188,9.509357612544258,72.87234042553192,137,51,9.345153191489363,19.650642242113356,19.638698540145985,-18.30613529411765,66.1060462714328,78.72263702187998
10,5,10,2,3,3,0.3006462207133572,3.1685211415647485,188,9.509357612544258,72.87234042553192,137,51,9.44173670212766,19.69662764329991,19.765683941605836,-18.29121960784314,66.1060462714328,78.72263702187998
10,5,10,2,3,4,0.3006462207133572,3.1685211415647485,188,9.509357612544258,72.3404255319149,136,52,9.265153191489361,19.77970372596064,19.790433823529412,-18.262503846153848,65.54748770045097,78.23866807441266
10,5,10,2,5,2,0.3006462207133572,3.1685211415647485,188,9.509357612544258,72.87234042553192,137,51,9.055381382978723,19.12951901679242,19.20082773722628,-18.198072549019606,66.1060462714328,78.72263702187998
10,5,10,2,5,3,0.3006462207133572,3.1685211415647485,188,9.509357612544258,72.3404255319149,136,52,8.88783085106383,19.32404164913331,19.302554411764703,-18.350676923076925,65.54748770045097,78.23866807441266
10,5,10,2,5,4,0.3006462207133572,3.1685211415647485,188,9.509357612544258,72.3404255319149,136,52,9.15397340425532,19.641660084722492,19.670457352941174,-18.350676923076925,65.54748770045097,78.23866807441266
10,5,10,2,7,2,0.3006462207133572,3.1685211415647485,188,9.509357612544258,72.3404255319149,136,52,8.826734042553193,19.21304196164986,19.170744852941173,-18.226832692307692,65.54748770045097,78.23866807441266
10,5,10,2,7,3,0.3006462207133572,3.1685211415647485,188,9.509357612544258,72.3404255319149,136,52,8.826806914893616,19.215198395493793,19.17084558823529,-18.226832692307692,65.54748770045097,78.23866807441266
10,5,10,2,7,4,0.3006462207133572,3.1685211415647485,188,9.509357612544258,72.3404255319149,136,52,8.792552127659574,19.265134680494423,19.17084558823529,-18.350676923076925,65.54748770045097,78.23866807441266
10,5,10,3,3,2,0.3006462207133572,3.1685211415647485,188,9.509357612544258,72.87234042553192,137,51,9.398478191489362,18.83621347894497,19.231004379562044,-17.014386274509803,66.1060462714328,78.72263702187998
10,5,10,3,3,3,0.3006462207133572,3.1685211415647485,188,9.509357612544258,73.40425531914893,138,50,9.593965957446809,18.779538494600228,19.254539855072466,-17.069218,66.66571209256851,79.20549871919339
10,5,10,3,3,4,0.3006462207133572,3.1685211415647485,188,9.509357612544258,73.40425531914893,138,50,9.804609574468085,18.922189735391456,19.541503623188405,-17.069218,66.66571209256851,79.20549871919339
10,5,10,3,5,2,0.3006462207133572,3.1685211415647485,188,9.509357612544258,73.93617021276596,139,49,9.867572340425532,18.548700980887457,19.34775899280576,-17.02520204081633,67.22650563808192,79.68723269212911
10,5,10,3,5,3,0.3006462207133572,3.1685211415647485,188,9.509357612544258,73.93617021276596,139,49,9.87478989361702,18.64097730775077,19.42080935251799,-17.20473469387755,67.22650563808192,79.68723269212911
10,5,10,3,5,4,0.3006462207133572,3.1685211415647485,188,9.509357612544258,73.93617021276596,139,49,9.751318617021276,18.950362956797356,19.42080935251799,-17.678461224489794,67.22650563808192,79.68723269212911
10,5,10,3,7,2,0.3006462207133572,3.1685211415647485,188,9.509357612544258,72.87234042553192,137,51,9.385085638297872,18.730456329656583,19.262506569343063,-17.14837843137255,66.1060462714328,78.72263702187998
10,5,10,3,7,3,0.3006462207133572,3.1685211415647485,188,9.509357612544258,73.93617021276596,139,49,9.683275000000002,18.834194121023845,19.28244892086331,-17.547034693877553,67.22650563808192,79.68723269212911
10,5,10,3,7,4,0.3006462207133572,3.1685211415647485,188,9.509357612544258,73.40425531914893,138,50,9.228975531914895,18.930417797309214,19.119597101449273,-18.06914,66.66571209256851,79.20549871919339
10,5,10,4,3,2,0.3006462207133572,3.1685211415647485,188,9.509357612544258,72.3404255319149,136,52,9.142540957446808,19.03952994093998,19.187884558823527,-17.129896153846154,65.54748770045097,78.23866807441266
10,5,10,4,3,3,0.3006462207133572,3.1685211415647485,188,9.509357612544258,72.3404255319149,136,52,9.153214361702128,18.950006669476796,19.197045588235294,-17.115267307692307,65.54748770045097,78.23866807441266
10,5,10,4,3,4,0.3006462207133572,3.1685211415647485,188,9.509357612544258,72.87234042553192,137,51,9.410195744680852,18.818826708864467,19.231004379562044,-16.971192156862745,66.1060462714328,78.72263702187998
10,5,10,4,5,2,0.3006462207133572,3.1685211415647485,188,9.509357612544258,72.87234042553192,137,51,9.44826914893617,18.968313649048213,19.315052554744526,-17.05661960784314,66.1060462714328,78.72263702187998
10,5,10,4,5,3,0.3006462207133572,3.1685211415647485,188,9.509357612544258,73.40425531914893,138,50,9.62618244680851,18.709180302770132,19.24019420289855,-16.90849,66.66571209256851,79.20549871919339
10,5,10,4,5,4,0.3006462207133572,3.1685211415647485,188,9.509357612544258,72.87234042553192,137,51,9.542193085106383,18.913179862742098,19.42821897810219,-17.014386274509803,66.1060462714328,78.72263702187998
10,5,10,4,7,2,0.3006462207133572,3.1685211415647485,188,9.509357612544258,72.3404255319149,136,52,9.172912234042553,18.755270704527753,19.193120588235296,-17.033786538461534,65.54748770045097,78.23866807441266
10,5,10,4,7,3,0.3006462207133572,3.1685211415647485,188,9.509357612544258,72.87234042553192,137,51,9.416753723404257,18.581114243609026,19.187056204379562,-16.828960784313725,66.1060462714328,78.72263702187998
10,5,10,4,7,4,0.3006462207133572,3.1685211415647485,188,9.509357612544258,72.3404255319149,136,52,9.232529787234045,18.72327446002769,19.237513235294116,-16.93435,65.54748770045097,78.23866807441266
10,5,12,2,3,2,0.3006462207133572,3.1685211415647485,188,9.509357612544258,72.87234042553192,137,51,9.421145744680851,19.52065152424609,19.638698540145985,-18.02600588235294,66.1060462714328,78.72263702187998
10,5,12,2,3,3,0.3006462207133572,3.1685211415647485,188,9.509357612544258,72.3404255319149,136,52,9.252289361702127,19.77707924872006,19.772651470588237,-18.262503846153848,65.54748770045097,78.23866807441266
10,5,12,2,3,4,0.3006462207133572,3.1685211415647485,188,9.509357612544258,72.3404255319149,136,52,9.265153191489361,19.77970372596064,19.790433823529412,-18.262503846153848,65.54748770045097,78.23866807441266
10,5,12,2,5,2,0.3006462207133572,3.1685211415647485,188,9.509357612544258,72.87234042553192,137,51,9.055381382978723,19.12951901679242,19.20082773722628,-18.198072549019606,66.1060462714328,78.72263702187998
10,5,12,2,5,3,0.3006462207133572,3.1685211415647485,188,9.509357612544258,72.3404255319149,136,52,8.88783085106383,19.32404164913331,19.302554411764703,-18.350676923076925,65.54748770045097,78.23866807441266
10,5,12,2,5,4,0.3006462207133572,3.1685211415647485,188,9.509357612544258,72.3404255319149,136,52,9.15397340425532,19.641660084722492,19.670457352941174,-18.350676923076925,65.54748770045097,78.23866807441266
10,5,12,2,7,2,0.3006462207133572,3.1685211415647485,188,9.509357612544258,72.3404255319149,136,52,8.845011170212766,19.22292018533882,19.196010294117645,-18.226832692307692,65.54748770045097,78.23866807441266
10,5,12,2,7,3,0.3006462207133572,3.1685211415647485,188,9.509357612544258,72.3404255319149,136,52,8.826806914893616,19.215198395493793,19.17084558823529,-18.226832692307692,65.54748770045097,78.23866807441266
10,5,12,2,7,4,0.3006462207133572,3.1685211415647485,188,9.509357612544258,72.3404255319149,136,52,8.792552127659574,19.265134680494423,19.17084558823529,-18.350676923076925,65.54748770045097,78.23866807441266
10,5,12,3,3,2,0.3006462207133572,3.1685211415647485,188,9.509357612544258,72.87234042553192,137,51,9.21295585106383,19.004056935207192,19.166366423357662,-17.52463725490196,66.1060462714328,78.72263702187998
10,5,12,3,3,3,0.3006462207133572,3.1685211415647485,188,9.509357612544258,73.40425531914893,138,50,9.408443617021277,18.94980818964096,19.19037028985507,-17.589674,66.66571209256851,79.20549871919339
10,5,12,3,3,4,0.3006462207133572,3.1685211415647485,188,9.509357612544258,73.40425531914893,138,50,9.65994680851064,19.10343751925349,19.53299782608696,-17.589674,66.66571209256851,79.20549871919339
10,5,12,3,5,2,0.3006462207133572,3.1685211415647485,188,9.509357612544258,73.40425531914893,138,50,9.576232978723406,18.85535653880999,19.360718115942028,-17.428946,66.66571209256851,79.20549871919339
10,5,12,3,5,3,0.3006462207133572,3.1685211415647485,188,9.509357612544258,73.40425531914893,138,50,9.583450531914895,18.946250951557975,19.434297826086958,-17.604888000000003,66.66571209256851,79.20549871919339
10,5,12,3,5,4,0.3006462207133572,3.1685211415647485,188,9.509357612544258,73.40425531914893,138,50,9.459979255319148,19.248852368703286,19.434297826086958,-18.06914,66.66571209256851,79.20549871919339
10,5,12,3,7,2,0.3006462207133572,3.1685211415647485,188,9.509357612544258,72.3404255319149,136,52,9.079563829787235,19.018913622094036,19.25542426470588,-17.534225,65.54748770045097,78.23866807441266
10,5,12,3,7,3,0.3006462207133572,3.1685211415647485,188,9.509357612544258,73.40425531914893,138,50,9.377753191489363,19.125875935743572,19.275613768115942,-17.940342,66.66571209256851,79.20549871919339
10,5,12,3,7,4,0.3006462207133572,3.1685211415647485,188,9.509357612544258,73.40425531914893,138,50,9.228975531914895,18.930417797309214,19.119597101449273,-18.06914,66.66571209256851,79.20549871919339
10,5,12,4,3,2,0.3006462207133572,3.1685211415647485,188,9.509357612544258,72.3404255319149,136,52,9.11164680851064,18.959171010237874,19.155782352941177,-17.157630769230767,65.54748770045097,78.23866807441266
10,5,12,4,3,3,0.3006462207133572,3.1685211415647485,188,9.509357612544258,72.3404255319149,136,52,9.145543085106384,18.961856003346906,19.197045588235294,-17.14300192307692,65.54748770045097,78.23866807441266
10,5,12,4,3,4,0.3006462207133572,3.1685211415647485,188,9.509357612544258,72.87234042553192,137,51,9.402524468085106,18.830863837102207,19.231004379562044,-16.999470588235294,66.1060462714328,78.72263702187998
10,5,12,4,5,2,0.3006462207133572,3.1685211415647485,188,9.509357612544258,72.87234042553192,137,51,9.339351063829788,18.8364534548672,19.16558832116788,-17.05661960784314,66.1060462714328,78.72263702187998
10,5,12,4,5,3,0.3006462207133572,3.1685211415647485,188,9.509357612544258,73.40425531914893,138,50,9.62618244680851,18.709180302770132,19.24019420289855,-16.90849,66.66571209256851,79.20549871919339
10,5,12,4,5,4,0.3006462207133572,3.1685211415647485,188,9.509357612544258,72.87234042553192,137,51,9.542193085106383,18.913179862742098,19.42821897810219,-17.014386274509803,66.1060462714328,78.72263702187998
10,5,12,4,7,2,0.3006462207133572,3.1685211415647485,188,9.509357612544258,72.3404255319149,136,52,9.190858510638298,19.026468225355487,19.366872794117647,-17.42333269230769,65.54748770045097,78.23866807441266
10,5,12,4,7,3,0.3006462207133572,3.1685211415647485,188,9.509357612544258,73.93617021276596,139,49,9.85791914893617,18.55952177742439,19.33470287769784,-17.02520204081633,67.22650563808192,79.68723269212911
10,5,12,4,7,4,0.3006462207133572,3.1685211415647485,188,9.509357612544258,73.40425531914893,138,50,9.673695212765958,18.70621458962159,19.385498550724638,-17.130882,66.66571209256851,79.20549871919339
