======================================================================
Long-only Strategy Validation Test (PARALLEL MODE)
Samples: 2000, Years: 2019-2023, Parallel Workers: 10
Started: 2025-12-31 01:16:03
======================================================================
🔍 Checking LiteLLM availability...
✅ LiteLLM is available (provider: litellm)

Loaded 1977 samples
Year distribution: {2019: 402, 2020: 369, 2021: 402, 2022: 402, 2023: 402}
Category distribution: {'GAINER': 1005, 'LOSER': 972}
Sector distribution (top 5): {'Technology': 397, 'Industrials': 281, 'Healthcare': 255, 'Consumer Cyclical': 253, 'Financial Services': 226}

Running 1977 tests with 10 parallel workers...
Progress reports every 25 samples

[START 1/1977] AMZN 2022Q2 (GAINER)
[START 2/1977] ON 2020Q1 (GAINER)
[START 3/1977] DTE 2023Q3 (GAINER)
[START 4/1977] DLR 2019Q2 (GAINER)
[START 5/1977] BAX 2019Q4 (GAINER)
[START 6/1977] AMZN 2023Q3 (GAINER)
[START 7/1977] EIX 2022Q4 (GAINER)
[START 8/1977] DAY 2022Q1 (LOSER)
[START 9/1977] TRV 2020Q3 (GAINER)
[START 10/1977] ABNB 2021Q2 (GAINER)
[DEBUG] CompareWithPeers bucket size before helper: 4
[DEBUG] CompareWithPeers bucket size before helper: 3
[DEBUG] CompareWithPeers bucket size before helper: 2
[DEBUG] CompareWithPeers bucket size after helper: 4
[DEBUG] CompareWithPeers bucket size before helper: 4
[DEBUG] CompareWithPeers bucket size before helper: 2
[DEBUG] CompareWithPeers bucket size after helper: 3
[DEBUG] CompareWithPeers bucket size before helper: 2
[DEBUG] CompareWithPeers bucket size after helper: 2
[DEBUG] CompareWithPeers bucket size after helper: 4
[DEBUG] CompareWithPeers bucket size before helper: 3
[DEBUG] CompareWithPeers bucket size after helper: 2
[DEBUG] CompareWithPeers bucket size after helper: 2
[DEBUG] CompareWithPeers bucket size before helper: 2
[DEBUG] CompareWithPeers bucket size after helper: 3
[DEBUG] CompareWithPeers bucket size after helper: 2
[DEBUG] CompareWithPeers bucket size before helper: 2
[DONE 1/1977] AMZN: UP(D:7) TL:True Ret:22.0% Correct:True
[START 11/1977] CHRW 2023Q4 (LOSER)
[DEBUG] CompareWithPeers bucket size after helper: 2
[DONE 2/1977] ABNB: UP(D:8) TL:True Ret:15.3% Correct:True
[START 12/1977] HPQ 2020Q4 (GAINER)
[DONE 3/1977] DLR: DOWN(D:4) TL:False Ret:11.0% Correct:False
[START 13/1977] LUV 2022Q4 (LOSER)
[DEBUG] CompareWithPeers bucket size before helper: 5
[DONE 4/1977] DTE: DOWN(D:3) TL:False Ret:16.7% Correct:False
[START 14/1977] BKNG 2021Q2 (GAINER)
[DEBUG] CompareWithPeers bucket size after helper: 5
[DONE 5/1977] AMZN: DOWN(D:4) TL:False Ret:11.6% Correct:False
[START 15/1977] AOS 2022Q3 (GAINER)
[DONE 6/1977] DAY: UP(D:6) TL:False Ret:-26.5% Correct:False
[START 16/1977] WSM 2021Q4 (LOSER)
[DONE 7/1977] EIX: UP(D:6) TL:True Ret:10.6% Correct:True
[START 17/1977] CPAY 2020Q2 (LOSER)
[DONE 8/1977] ON: DOWN(D:3) TL:False Ret:17.9% Correct:False
[START 18/1977] WYNN 2019Q3 (GAINER)
[DONE 9/1977] BAX: DOWN(D:4) TL:False Ret:27.8% Correct:False
[START 19/1977] MRNA 2021Q1 (GAINER)
[DONE 10/1977] TRV: DOWN(D:5) TL:False Ret:19.8% Correct:False
[START 20/1977] DASH 2020Q4 (LOSER)
[DEBUG] CompareWithPeers bucket size before helper: 2
[DEBUG] CompareWithPeers bucket size before helper: 3
[DEBUG] CompareWithPeers bucket size after helper: 2
[DEBUG] CompareWithPeers bucket size after helper: 3
[DEBUG] CompareWithPeers bucket size before helper: 4
[DEBUG] CompareWithPeers bucket size before helper: 3
[DEBUG] CompareWithPeers bucket size after helper: 4
[DEBUG] CompareWithPeers bucket size after helper: 3
[DEBUG] CompareWithPeers bucket size before helper: 2
[DEBUG] CompareWithPeers bucket size before helper: 0
[DEBUG] CompareWithPeers bucket size after helper: 0
[DONE 11/1977] LUV: DOWN(D:3) TL:False Ret:-11.1% Correct:True
[START 21/1977] FDX 2021Q2 (LOSER)
[DEBUG] CompareWithPeers bucket size after helper: 2
[DONE 12/1977] WSM: DOWN(D:4) TL:False Ret:-14.4% Correct:True
[START 22/1977] HCA 2022Q2 (GAINER)
[DONE 13/1977] BKNG: UP(D:6) TL:True Ret:11.5% Correct:True
[START 23/1977] AKAM 2022Q4 (LOSER)
[DEBUG] CompareWithPeers bucket size before helper: 3
[DONE 14/1977] CHRW: DOWN(D:3) TL:False Ret:-12.1% Correct:True
[START 24/1977] HOLX 2023Q2 (LOSER)
[DEBUG] CompareWithPeers bucket size after helper: 3
[DONE 15/1977] AOS: DOWN(D:4) TL:False Ret:12.2% Correct:False
[START 25/1977] DXCM 2021Q2 (GAINER)
[DONE 16/1977] CPAY: DOWN(D:3) TL:False Ret:-10.5% Correct:True
[START 26/1977] LUV 2021Q3 (LOSER)
[DEBUG] CompareWithPeers bucket size before helper: 2
[AGENT LOG] Agent 'past' failed or timed out for ticker=DASH, quarter=2020-Q4 (returned None)
[DEBUG] CompareWithPeers bucket size before helper: 0
[DEBUG] CompareWithPeers bucket size after helper: 0
[DONE 17/1977] WYNN: DOWN(D:4) TL:False Ret:12.6% Correct:False
[START 27/1977] MHK 2021Q1 (LOSER)
[DEBUG] CompareWithPeers bucket size after helper: 2
[DEBUG] CompareWithPeers bucket size before helper: 0
[DEBUG] CompareWithPeers bucket size after helper: 0
[DONE 18/1977] MRNA: DOWN(D:4) TL:False Ret:17.3% Correct:False
[START 28/1977] DIS 2022Q3 (LOSER)
[DONE 19/1977] DASH: DOWN(D:4) TL:False Ret:-11.4% Correct:True
[START 29/1977] GOOG 2023Q2 (GAINER)
[DEBUG] CompareWithPeers bucket size before helper: 2
[DONE 20/1977] HPQ: DOWN(D:4) TL:False Ret:18.5% Correct:False
[START 30/1977] AXP 2023Q4 (GAINER)
[DEBUG] CompareWithPeers bucket size after helper: 2
[DEBUG] CompareWithPeers bucket size before helper: 4
[DEBUG] CompareWithPeers bucket size before helper: 4
[DEBUG] CompareWithPeers bucket size before helper: 4
[DEBUG] CompareWithPeers bucket size after helper: 4
[DEBUG] CompareWithPeers bucket size after helper: 4
[DEBUG] CompareWithPeers bucket size after helper: 4
[DEBUG] CompareWithPeers bucket size before helper: 2
[DEBUG] CompareWithPeers bucket size after helper: 2
[DONE 21/1977] DXCM: UP(D:7) TL:True Ret:18.5% Correct:True
[START 31/1977] LYV 2023Q3 (GAINER)
[DONE 22/1977] FDX: DOWN(D:3) TL:False Ret:-17.4% Correct:True
[START 32/1977] REGN 2022Q1 (LOSER)
[DEBUG] CompareWithPeers bucket size before helper: 2
[DEBUG] CompareWithPeers bucket size before helper: 4
[DONE 23/1977] HOLX: UP(D:6) TL:False Ret:-10.8% Correct:False
[START 33/1977] WELL 2019Q4 (LOSER)
[DONE 24/1977] HCA: DOWN(D:4) TL:False Ret:10.3% Correct:False
[START 34/1977] PAYC 2019Q3 (GAINER)
[DEBUG] CompareWithPeers bucket size after helper: 2
[DEBUG] CompareWithPeers bucket size after helper: 4

======================================================================
📊 PROGRESS REPORT [25/1977] (1.3%)
======================================================================
⏱️  Elapsed: 5.8 min | ETA: 455.3 min | Avg: 14.0s/sample
✅ Success: 25 | ❌ Failed: 0
🎯 Overall Accuracy: 48.0% (12/25)
📈 Long-only: 5 trades | Win Rate: 100.0% (5/5) | Avg Ret: +15.6%
💰 Total Cost: $0.1125 | Avg: $0.0045/sample
======================================================================

[DONE 25/1977] LUV: DOWN(D:3) TL:False Ret:-10.5% Correct:True
[START 35/1977] MTB 2022Q2 (GAINER)
[DONE 26/1977] DIS: UP(D:6) TL:True Ret:-11.5% Correct:False
[START 36/1977] ETN 2022Q1 (LOSER)
[DONE 27/1977] MHK: DOWN(D:4) TL:False Ret:-11.6% Correct:True
[START 37/1977] CMI 2021Q3 (LOSER)
[DEBUG] CompareWithPeers bucket size before helper: 0
[DEBUG] CompareWithPeers bucket size after helper: 0
[DONE 28/1977] AKAM: DOWN(D:3) TL:False Ret:-12.8% Correct:True
[START 38/1977] MPC 2020Q3 (GAINER)
[DEBUG] CompareWithPeers bucket size before helper: 0
[DEBUG] CompareWithPeers bucket size after helper: 0
[DEBUG] CompareWithPeers bucket size before helper: 4
[DEBUG] CompareWithPeers bucket size before helper: 0
[DEBUG] CompareWithPeers bucket size after helper: 0
[DEBUG] CompareWithPeers bucket size after helper: 4
[DEBUG] CompareWithPeers bucket size before helper: 2
[DONE 29/1977] AXP: DOWN(D:4) TL:False Ret:17.1% Correct:False
[START 39/1977] MCO 2019Q4 (LOSER)
[DEBUG] CompareWithPeers bucket size before helper: 0
[DEBUG] CompareWithPeers bucket size after helper: 0
[DONE 30/1977] GOOG: UP(D:6) TL:False Ret:10.9% Correct:True
[START 40/1977] EXE 2023Q4 (GAINER)
[DEBUG] CompareWithPeers bucket size after helper: 2
[DONE 31/1977] REGN: DOWN(D:4) TL:False Ret:-12.1% Correct:True
[START 41/1977] NTAP 2021Q2 (GAINER)
[DONE 32/1977] LYV: UP(D:6) TL:False Ret:13.1% Correct:True
[START 42/1977] APH 2019Q1 (LOSER)
[DEBUG] CompareWithPeers bucket size before helper: 0
[DEBUG] CompareWithPeers bucket size after helper: 0
[DONE 33/1977] PAYC: UP(D:6) TL:False Ret:25.3% Correct:True
[START 43/1977] AMD 2021Q3 (GAINER)
[DEBUG] CompareWithPeers bucket size before helper: 0
[DEBUG] CompareWithPeers bucket size after helper: 0
[DONE 34/1977] WELL: UP(D:6) TL:False Ret:-42.1% Correct:False
[START 44/1977] CMG 2023Q3 (GAINER)
[DONE 35/1977] MTB: DOWN(D:4) TL:False Ret:10.4% Correct:False
[START 45/1977] VMC 2019Q4 (LOSER)
[DEBUG] CompareWithPeers bucket size before helper: 0
[DEBUG] CompareWithPeers bucket size after helper: 0
[DEBUG] CompareWithPeers bucket size before helper: 0
[DEBUG] CompareWithPeers bucket size after helper: 0
[DEBUG] CompareWithPeers bucket size before helper: 3
[DEBUG] CompareWithPeers bucket size after helper: 3
[DONE 36/1977] MPC: DOWN(D:4) TL:False Ret:43.2% Correct:False
[START 46/1977] AIG 2019Q1 (GAINER)
[DONE 37/1977] CMI: DOWN(D:4) TL:False Ret:-10.9% Correct:True
[START 47/1977] IRM 2022Q2 (GAINER)
[DONE 38/1977] EXE: DOWN(D:3) TL:False Ret:15.0% Correct:False
[START 48/1977] ERIE 2022Q2 (GAINER)
[DEBUG] CompareWithPeers bucket size before helper: 4
[DEBUG] CompareWithPeers bucket size before helper: 3
[DEBUG] CompareWithPeers bucket size after helper: 4
[DEBUG] CompareWithPeers bucket size before helper: 0
[DEBUG] CompareWithPeers bucket size after helper: 0
[DEBUG] CompareWithPeers bucket size after helper: 3
[DEBUG] CompareWithPeers bucket size before helper: 5
[DEBUG] CompareWithPeers bucket size after helper: 5
[DONE 39/1977] APH: DOWN(D:4) TL:False Ret:-12.8% Correct:True
[START 49/1977] SMCI 2019Q2 (GAINER)
[DEBUG] CompareWithPeers bucket size before helper: 4
[DEBUG] CompareWithPeers bucket size after helper: 4
[DONE 40/1977] ETN: UP(D:8) TL:False Ret:-10.6% Correct:False
[START 50/1977] EXPE 2023Q4 (LOSER)
[DONE 41/1977] MCO: UP(D:6) TL:False Ret:-17.2% Correct:False
[START 51/1977] MTD 2023Q3 (GAINER)
[DEBUG] CompareWithPeers bucket size before helper: 4
[DONE 42/1977] VMC: DOWN(D:4) TL:False Ret:-26.5% Correct:True
[START 52/1977] MKC 2023Q1 (GAINER)
[DEBUG] CompareWithPeers bucket size after helper: 4
[DEBUG] CompareWithPeers bucket size before helper: 3
[DEBUG] CompareWithPeers bucket size before helper: 2
[DONE 43/1977] AMD: UP(D:7) TL:False Ret:18.7% Correct:True
[START 53/1977] RCL 2020Q4 (GAINER)
[DEBUG] CompareWithPeers bucket size after helper: 3
[DEBUG] CompareWithPeers bucket size after helper: 2
[DONE 44/1977] NTAP: UP(D:7) TL:True Ret:19.4% Correct:True
[START 54/1977] EVRG 2022Q1 (LOSER)
[DEBUG] CompareWithPeers bucket size before helper: 0
[DEBUG] CompareWithPeers bucket size after helper: 0
[DONE 45/1977] ERIE: DOWN(D:4) TL:False Ret:13.5% Correct:False
[START 55/1977] LDOS 2019Q4 (LOSER)
[DEBUG] CompareWithPeers bucket size before helper: 3
[DONE 46/1977] IRM: DOWN(D:4) TL:False Ret:14.3% Correct:False
[START 56/1977] BDX 2020Q1 (LOSER)
[DEBUG] CompareWithPeers bucket size after helper: 3
[DONE 47/1977] AIG: UP(D:7) TL:False Ret:13.8% Correct:True
[START 57/1977] WDC 2023Q2 (LOSER)
[DONE 48/1977] SMCI: DOWN(D:5) TL:False Ret:35.2% Correct:False
[START 58/1977] APA 2019Q4 (LOSER)
[DEBUG] CompareWithPeers bucket size before helper: 2
[DEBUG] CompareWithPeers bucket size after helper: 2
[DEBUG] CompareWithPeers bucket size before helper: 3
[DEBUG] CompareWithPeers bucket size before helper: 4
[DONE 49/1977] RCL: DOWN(D:3) TL:False Ret:15.1% Correct:False
[START 59/1977] LVS 2021Q4 (LOSER)
[DEBUG] CompareWithPeers bucket size before helper: 2
[DEBUG] CompareWithPeers bucket size after helper: 3
[DEBUG] CompareWithPeers bucket size after helper: 4
[DEBUG] CompareWithPeers bucket size after helper: 2
[DEBUG] CompareWithPeers bucket size before helper: 0
[DEBUG] CompareWithPeers bucket size after helper: 0

======================================================================
📊 PROGRESS REPORT [50/1977] (2.5%)
======================================================================
⏱️  Elapsed: 11.0 min | ETA: 424.5 min | Avg: 13.2s/sample
✅ Success: 50 | ❌ Failed: 0
🎯 Overall Accuracy: 50.0% (25/50)
📈 Long-only: 8 trades | Win Rate: 87.5% (7/8) | Avg Ret: +13.6%
💰 Total Cost: $0.2128 | Avg: $0.0043/sample
======================================================================

[DONE 50/1977] CMG: UP(D:6) TL:True Ret:22.9% Correct:True
[START 60/1977] ELV 2019Q2 (LOSER)
[DEBUG] CompareWithPeers bucket size before helper: 4
[DEBUG] CompareWithPeers bucket size after helper: 4
[DONE 51/1977] EVRG: UP(D:4) TL:False Ret:-12.5% Correct:False
[START 61/1977] CSGP 2022Q2 (GAINER)
[DONE 52/1977] LDOS: DOWN(D:4) TL:False Ret:-18.8% Correct:True
[START 62/1977] IDXX 2022Q2 (LOSER)
[DEBUG] CompareWithPeers bucket size before helper: 0
[DEBUG] CompareWithPeers bucket size after helper: 0
[DONE 53/1977] MKC: DOWN(D:4) TL:False Ret:20.2% Correct:False
[START 63/1977] STT 2022Q4 (GAINER)
[DEBUG] CompareWithPeers bucket size before helper: 2
[DEBUG] CompareWithPeers bucket size after helper: 2
[DONE 54/1977] BDX: DOWN(D:4) TL:False Ret:-23.0% Correct:True
[START 64/1977] MA 2019Q4 (LOSER)
[DEBUG] CompareWithPeers bucket size before helper: 1
[DEBUG] CompareWithPeers bucket size after helper: 1
[DONE 55/1977] WDC: DOWN(D:3) TL:False Ret:-19.6% Correct:True
[START 65/1977] NFLX 2023Q3 (GAINER)
[DONE 56/1977] APA: DOWN(D:3) TL:False Ret:-66.4% Correct:True
[START 66/1977] OXY 2019Q1 (LOSER)
[DEBUG] CompareWithPeers bucket size before helper: 3
[DEBUG] CompareWithPeers bucket size before helper: 3
[DEBUG] CompareWithPeers bucket size after helper: 3
[DEBUG] CompareWithPeers bucket size after helper: 3
[DONE 57/1977] LVS: DOWN(D:4) TL:False Ret:-14.0% Correct:True
[START 67/1977] ABNB 2021Q3 (LOSER)
[DONE 58/1977] ELV: UP(D:6) TL:False Ret:-17.0% Correct:False
[START 68/1977] ODFL 2020Q4 (GAINER)
[DONE 59/1977] EXPE: DOWN(D:3) TL:False Ret:-13.9% Correct:True
[START 69/1977] DHR 2019Q4 (LOSER)
[DEBUG] CompareWithPeers bucket size before helper: 2
[DEBUG] CompareWithPeers bucket size before helper: 3
[DEBUG] CompareWithPeers bucket size before helper: 0
[DEBUG] CompareWithPeers bucket size after helper: 0
[DEBUG] CompareWithPeers bucket size after helper: 2
[DEBUG] CompareWithPeers bucket size after helper: 3
[DEBUG] CompareWithPeers bucket size before helper: 0
[DEBUG] CompareWithPeers bucket size after helper: 0
[DONE 60/1977] STT: UP(D:6) TL:False Ret:12.0% Correct:True
[START 70/1977] TGT 2020Q2 (GAINER)
[DONE 61/1977] MA: UP(D:6) TL:False Ret:-24.6% Correct:False
[START 71/1977] IPG 2022Q1 (LOSER)
[DONE 62/1977] OXY: DOWN(D:4) TL:False Ret:-14.4% Correct:True
[START 72/1977] RMD 2021Q1 (GAINER)
[DONE 63/1977] CSGP: UP(D:6) TL:False Ret:29.4% Correct:True
[START 73/1977] FFIV 2020Q1 (LOSER)
[DEBUG] CompareWithPeers bucket size before helper: 3
[DEBUG] CompareWithPeers bucket size before helper: 3
[DEBUG] CompareWithPeers bucket size after helper: 3
[DEBUG] CompareWithPeers bucket size after helper: 3
[DEBUG] CompareWithPeers bucket size before helper: 4
[DEBUG] CompareWithPeers bucket size after helper: 4
[DONE 64/1977] MTD: DOWN(D:4) TL:False Ret:19.0% Correct:False
[START 74/1977] FANG 2022Q3 (LOSER)
[DONE 65/1977] NFLX: DOWN(D:5) TL:False Ret:34.5% Correct:False
[START 75/1977] HAS 2019Q1 (GAINER)
[DEBUG] CompareWithPeers bucket size before helper: 2
[DEBUG] CompareWithPeers bucket size before helper: 2
[DEBUG] CompareWithPeers bucket size after helper: 2
[DEBUG] CompareWithPeers bucket size after helper: 2
[DONE 66/1977] ABNB: UP(D:6) TL:True Ret:-11.9% Correct:False
[START 76/1977] APD 2020Q2 (GAINER)
[DEBUG] CompareWithPeers bucket size before helper: 3
[DONE 67/1977] DHR: DOWN(D:4) TL:False Ret:-14.4% Correct:True
[START 77/1977] ROK 2022Q2 (LOSER)
[DEBUG] CompareWithPeers bucket size before helper: 4
[DEBUG] CompareWithPeers bucket size after helper: 3
[DONE 68/1977] IDXX: DOWN(D:4) TL:False Ret:-12.0% Correct:True
[START 78/1977] WAB 2020Q3 (GAINER)
[DEBUG] CompareWithPeers bucket size before helper: 6
[DEBUG] CompareWithPeers bucket size after helper: 4
[DEBUG] CompareWithPeers bucket size after helper: 6
[DEBUG] CompareWithPeers bucket size before helper: 0
[DEBUG] CompareWithPeers bucket size after helper: 0
[DEBUG] CompareWithPeers bucket size before helper: 2
[DONE 69/1977] FFIV: DOWN(D:4) TL:False Ret:-18.8% Correct:True
[START 79/1977] ALGN 2023Q3 (LOSER)
[DEBUG] CompareWithPeers bucket size after helper: 2
[DONE 70/1977] ODFL: UP(D:6) TL:False Ret:16.6% Correct:True
[START 80/1977] NEM 2023Q1 (LOSER)
[DONE 71/1977] TGT: DOWN(D:4) TL:False Ret:15.9% Correct:False
[START 81/1977] SWK 2023Q2 (LOSER)
[DONE 72/1977] IPG: UP(D:6) TL:False Ret:-14.9% Correct:False
[START 82/1977] UPS 2019Q4 (LOSER)
[DEBUG] CompareWithPeers bucket size before helper: 0
[DEBUG] CompareWithPeers bucket size after helper: 0
[DONE 73/1977] RMD: UP(D:6) TL:False Ret:15.0% Correct:True
[START 83/1977] CAH 2023Q3 (GAINER)
[DONE 74/1977] FANG: DOWN(D:4) TL:False Ret:-16.2% Correct:True
[START 84/1977] IDXX 2022Q1 (LOSER)
[DEBUG] CompareWithPeers bucket size before helper: 2
[DEBUG] CompareWithPeers bucket size after helper: 2
[DEBUG] CompareWithPeers bucket size before helper: 3
[DEBUG] CompareWithPeers bucket size before helper: 4
[DEBUG] CompareWithPeers bucket size after helper: 3
[DEBUG] CompareWithPeers bucket size after helper: 4

======================================================================
📊 PROGRESS REPORT [75/1977] (3.8%)
======================================================================
⏱️  Elapsed: 15.5 min | ETA: 393.2 min | Avg: 12.4s/sample
✅ Success: 75 | ❌ Failed: 0
🎯 Overall Accuracy: 54.7% (41/75)
📈 Long-only: 9 trades | Win Rate: 77.8% (7/9) | Avg Ret: +10.8%
💰 Total Cost: $0.3190 | Avg: $0.0043/sample
======================================================================

[DONE 75/1977] ROK: DOWN(D:3) TL:False Ret:-17.7% Correct:True
[START 85/1977] PODD 2023Q3 (GAINER)
[DEBUG] CompareWithPeers bucket size before helper: 4
[DEBUG] CompareWithPeers bucket size before helper: 3
[DONE 76/1977] APD: DOWN(D:4) TL:False Ret:17.6% Correct:False
[START 86/1977] JCI 2023Q1 (LOSER)
[DONE 77/1977] WAB: UP(D:6) TL:False Ret:33.3% Correct:True
[START 87/1977] TGT 2021Q4 (GAINER)
[DEBUG] CompareWithPeers bucket size after helper: 4
[DEBUG] CompareWithPeers bucket size after helper: 3
[DEBUG] CompareWithPeers bucket size before helper: 0
[DEBUG] CompareWithPeers bucket size after helper: 0
[DEBUG] CompareWithPeers bucket size before helper: 0
[DEBUG] CompareWithPeers bucket size after helper: 0
[DONE 78/1977] ALGN: DOWN(D:3) TL:False Ret:-12.8% Correct:True
[START 88/1977] MTCH 2019Q3 (GAINER)
[DEBUG] CompareWithPeers bucket size before helper: 4
[DONE 79/1977] CAH: UP(D:7) TL:False Ret:11.8% Correct:True
[START 89/1977] SWK 2022Q4 (LOSER)
[DEBUG] CompareWithPeers bucket size before helper: 0
[DEBUG] CompareWithPeers bucket size after helper: 0
[DONE 80/1977] SWK: UP(D:6) TL:False Ret:-12.1% Correct:False
[START 90/1977] NDSN 2023Q1 (LOSER)
[DEBUG] CompareWithPeers bucket size after helper: 4
[DONE 81/1977] HAS: UP(D:6) TL:False Ret:17.5% Correct:True
[START 91/1977] CHTR 2023Q4 (LOSER)
[DONE 82/1977] NEM: UP(D:6) TL:False Ret:-12.1% Correct:False
[START 92/1977] BEN 2020Q1 (LOSER)
[DEBUG] CompareWithPeers bucket size before helper: 3
[DEBUG] CompareWithPeers bucket size after helper: 3
[DONE 83/1977] UPS: DOWN(D:3) TL:False Ret:-18.6% Correct:True
[START 93/1977] TSLA 2021Q3 (GAINER)
[DONE 84/1977] IDXX: DOWN(D:3) TL:False Ret:-24.9% Correct:True
[START 94/1977] HCA 2022Q3 (GAINER)
[DEBUG] CompareWithPeers bucket size before helper: 6
[DEBUG] CompareWithPeers bucket size after helper: 6
[DEBUG] CompareWithPeers bucket size before helper: 3
[DEBUG] CompareWithPeers bucket size after helper: 3
[DONE 85/1977] JCI: UP(D:7) TL:False Ret:-14.5% Correct:False
[START 95/1977] ALLE 2022Q3 (GAINER)
[DEBUG] CompareWithPeers bucket size before helper: 2
[DEBUG] CompareWithPeers bucket size after helper: 2
[DEBUG] CompareWithPeers bucket size before helper: 2
[DEBUG] CompareWithPeers bucket size before helper: 5
[DONE 86/1977] TGT: DOWN(D:4) TL:False Ret:15.8% Correct:False
[START 96/1977] PAYX 2019Q2 (GAINER)
[DEBUG] CompareWithPeers bucket size after helper: 2
[DEBUG] CompareWithPeers bucket size after helper: 5
[DEBUG] CompareWithPeers bucket size before helper: 3
[DEBUG] CompareWithPeers bucket size before helper: 3
[DONE 87/1977] PODD: UP(D:7) TL:True Ret:49.3% Correct:True
[START 97/1977] HOLX 2022Q4 (GAINER)
[DEBUG] CompareWithPeers bucket size after helper: 3
[DEBUG] CompareWithPeers bucket size after helper: 3
[DONE 88/1977] NDSN: DOWN(D:3) TL:False Ret:-12.8% Correct:True
[START 98/1977] TSN 2019Q3 (GAINER)
[DONE 89/1977] TSLA: UP(D:6) TL:False Ret:17.2% Correct:True
[START 99/1977] GNRC 2021Q3 (LOSER)
[DONE 90/1977] BEN: DOWN(D:4) TL:False Ret:-27.1% Correct:True
[START 100/1977] IBKR 2023Q4 (GAINER)
[DONE 91/1977] HCA: DOWN(D:3) TL:False Ret:12.8% Correct:False
[START 101/1977] JKHY 2019Q1 (LOSER)
[DEBUG] CompareWithPeers bucket size before helper: 0
[DEBUG] CompareWithPeers bucket size after helper: 0
[DEBUG] CompareWithPeers bucket size before helper: 3
[DONE 92/1977] SWK: DOWN(D:4) TL:False Ret:-14.8% Correct:True
[START 102/1977] BKR 2021Q3 (LOSER)
[DEBUG] CompareWithPeers bucket size before helper: 0
[DEBUG] CompareWithPeers bucket size after helper: 0
[DEBUG] CompareWithPeers bucket size after helper: 3
[DEBUG] CompareWithPeers bucket size before helper: 4
[DONE 93/1977] MTCH: DOWN(D:3) TL:False Ret:12.5% Correct:False
[START 103/1977] MMM 2019Q1 (LOSER)
[DEBUG] CompareWithPeers bucket size after helper: 4
[DONE 94/1977] CHTR: DOWN(D:3) TL:False Ret:-22.5% Correct:True
[START 104/1977] GNRC 2022Q2 (LOSER)
[DEBUG] CompareWithPeers bucket size before helper: 3
[DEBUG] CompareWithPeers bucket size before helper: 2
[DEBUG] CompareWithPeers bucket size before helper: 2
[DEBUG] CompareWithPeers bucket size after helper: 3
[DEBUG] CompareWithPeers bucket size before helper: 4
[DEBUG] CompareWithPeers bucket size after helper: 2
[DEBUG] CompareWithPeers bucket size after helper: 2
[DONE 95/1977] ALLE: DOWN(D:4) TL:False Ret:12.1% Correct:False
[START 105/1977] GPC 2019Q1 (LOSER)
[DEBUG] CompareWithPeers bucket size after helper: 4
[DEBUG] CompareWithPeers bucket size before helper: 4
[DEBUG] CompareWithPeers bucket size after helper: 4
[DEBUG] CompareWithPeers bucket size before helper: 3
[DEBUG] CompareWithPeers bucket size after helper: 3
[DONE 96/1977] PAYX: DOWN(D:4) TL:False Ret:12.7% Correct:False
[START 106/1977] GWW 2021Q2 (LOSER)
[DONE 97/1977] HOLX: UP(D:6) TL:False Ret:11.9% Correct:True
[START 107/1977] HPE 2021Q2 (LOSER)
[DONE 98/1977] TSN: DOWN(D:4) TL:False Ret:11.4% Correct:False
[START 108/1977] PSX 2021Q2 (LOSER)
[DONE 99/1977] JKHY: DOWN(D:4) TL:False Ret:-18.0% Correct:True
[START 109/1977] MS 2022Q2 (GAINER)

======================================================================
📊 PROGRESS REPORT [100/1977] (5.1%)
======================================================================
⏱️  Elapsed: 19.7 min | ETA: 369.0 min | Avg: 11.8s/sample
✅ Success: 100 | ❌ Failed: 0
🎯 Overall Accuracy: 56.0% (56/100)
📈 Long-only: 10 trades | Win Rate: 80.0% (8/10) | Avg Ret: +14.6%
💰 Total Cost: $0.4282 | Avg: $0.0043/sample
======================================================================

[DONE 100/1977] IBKR: UP(D:7) TL:False Ret:24.7% Correct:True
[START 110/1977] LHX 2020Q3 (GAINER)
[DONE 101/1977] GNRC: DOWN(D:4) TL:False Ret:-29.7% Correct:True
[START 111/1977] PSKY 2020Q4 (LOSER)
[DEBUG] CompareWithPeers bucket size before helper: 0
[DEBUG] CompareWithPeers bucket size after helper: 0
[DONE 102/1977] BKR: DOWN(D:3) TL:False Ret:-10.7% Correct:True
[START 112/1977] KLAC 2020Q2 (LOSER)
[DEBUG] CompareWithPeers bucket size before helper: 0
[DEBUG] CompareWithPeers bucket size after helper: 0
[DEBUG] CompareWithPeers bucket size before helper: 3
[DEBUG] CompareWithPeers bucket size before helper: 3
[DEBUG] CompareWithPeers bucket size after helper: 3
[DEBUG] CompareWithPeers bucket size after helper: 3
[DEBUG] CompareWithPeers bucket size before helper: 0
[DEBUG] CompareWithPeers bucket size after helper: 0
[DONE 103/1977] MMM: DOWN(D:3) TL:False Ret:-24.0% Correct:True
[START 113/1977] DAY 2021Q4 (LOSER)
[DEBUG] CompareWithPeers bucket size before helper: 3
[DEBUG] CompareWithPeers bucket size before helper: 2
[DEBUG] CompareWithPeers bucket size after helper: 3
[DONE 104/1977] GWW: DOWN(D:4) TL:False Ret:-10.4% Correct:True
[START 114/1977] PYPL 2021Q4 (LOSER)
[DEBUG] CompareWithPeers bucket size after helper: 2
[DONE 105/1977] GNRC: DOWN(D:3) TL:False Ret:-21.7% Correct:True
[START 115/1977] CSGP 2021Q3 (LOSER)
[DONE 106/1977] GPC: UP(D:4) TL:False Ret:-11.9% Correct:False
[START 116/1977] MET 2021Q1 (LOSER)
[DONE 107/1977] HPE: UP(D:7) TL:False Ret:-12.6% Correct:False
[START 117/1977] GD 2019Q4 (LOSER)
[DEBUG] CompareWithPeers bucket size before helper: 2
[DEBUG] CompareWithPeers bucket size after helper: 2
[DONE 108/1977] PSX: DOWN(D:4) TL:False Ret:-13.6% Correct:True
[START 118/1977] MU 2020Q2 (GAINER)
[DONE 109/1977] MS: DOWN(D:3) TL:False Ret:19.9% Correct:False
[START 119/1977] ALLE 2019Q3 (GAINER)
[DEBUG] CompareWithPeers bucket size before helper: 0
[DEBUG] CompareWithPeers bucket size after helper: 0
[DONE 110/1977] KLAC: UP(D:6) TL:False Ret:-22.3% Correct:False
[START 120/1977] DASH 2021Q1 (GAINER)
[DEBUG] CompareWithPeers bucket size before helper: 6
[DEBUG] CompareWithPeers bucket size after helper: 6
[DEBUG] CompareWithPeers bucket size before helper: 4
[DEBUG] CompareWithPeers bucket size before helper: 2
[DEBUG] CompareWithPeers bucket size after helper: 4
[DONE 111/1977] PYPL: DOWN(D:3) TL:False Ret:-36.2% Correct:True
[START 121/1977] EOG 2019Q3 (GAINER)
[DEBUG] CompareWithPeers bucket size after helper: 2
[DEBUG] CompareWithPeers bucket size before helper: 5
[DEBUG] CompareWithPeers bucket size after helper: 5
[DEBUG] CompareWithPeers bucket size before helper: 3
[DEBUG] CompareWithPeers bucket size after helper: 3
[DONE 112/1977] MET: DOWN(D:4) TL:False Ret:-10.9% Correct:True
[START 122/1977] HOOD 2023Q2 (LOSER)
[DONE 113/1977] GD: UP(D:6) TL:False Ret:-28.0% Correct:False
[START 123/1977] NVDA 2023Q2 (LOSER)
[DEBUG] CompareWithPeers bucket size before helper: 4
[DEBUG] CompareWithPeers bucket size before helper: 0
[DEBUG] CompareWithPeers bucket size after helper: 0
[DEBUG] CompareWithPeers bucket size after helper: 4
[DEBUG] CompareWithPeers bucket size before helper: 3
[DONE 114/1977] DAY: DOWN(D:4) TL:False Ret:-16.8% Correct:True
[START 124/1977] KEY 2021Q1 (GAINER)
[DEBUG] CompareWithPeers bucket size after helper: 3
[DONE 115/1977] LHX: UP(D:6) TL:False Ret:16.6% Correct:True
[START 125/1977] JKHY 2020Q4 (LOSER)
[DONE 116/1977] MU: DOWN(D:4) TL:False Ret:13.5% Correct:False
[START 126/1977] ES 2023Q3 (GAINER)
[DONE 117/1977] DASH: UP(D:7) TL:False Ret:52.0% Correct:True
[START 127/1977] TFC 2023Q2 (LOSER)
[DONE 118/1977] ALLE: UP(D:4) TL:False Ret:17.8% Correct:True
[START 128/1977] NXPI 2019Q3 (GAINER)
[DEBUG] CompareWithPeers bucket size before helper: 4
[DEBUG] CompareWithPeers bucket size after helper: 4
[DEBUG] CompareWithPeers bucket size before helper: 2
[DEBUG] CompareWithPeers bucket size after helper: 2
[DEBUG] CompareWithPeers bucket size before helper: 0
[DEBUG] CompareWithPeers bucket size after helper: 0
[DONE 119/1977] CSGP: DOWN(D:5) TL:False Ret:-21.0% Correct:True
[START 129/1977] UAL 2020Q2 (GAINER)
[DONE 120/1977] EOG: UP(D:7) TL:False Ret:15.7% Correct:True
[START 130/1977] APD 2020Q4 (LOSER)
[DONE 121/1977] PSKY: UP(D:6) TL:False Ret:-36.4% Correct:False
[START 131/1977] NTRS 2021Q1 (GAINER)
[DEBUG] CompareWithPeers bucket size before helper: 4
[DEBUG] CompareWithPeers bucket size after helper: 4
[DEBUG] CompareWithPeers bucket size before helper: 2
[DEBUG] CompareWithPeers bucket size before helper: 3
[DEBUG] CompareWithPeers bucket size after helper: 2
[DEBUG] CompareWithPeers bucket size after helper: 3
[DONE 122/1977] KEY: DOWN(D:4) TL:False Ret:12.4% Correct:False
[START 132/1977] TRGP 2020Q2 (LOSER)
[DEBUG] CompareWithPeers bucket size before helper: 2
[DEBUG] CompareWithPeers bucket size after helper: 2
[DONE 123/1977] ES: UP(D:4) TL:False Ret:11.1% Correct:True
[START 133/1977] FFIV 2019Q3 (LOSER)
[DEBUG] CompareWithPeers bucket size before helper: 2
[DONE 124/1977] JKHY: UP(D:4) TL:False Ret:-17.3% Correct:False
[START 134/1977] CVS 2019Q4 (LOSER)
[DEBUG] CompareWithPeers bucket size after helper: 2
[DEBUG] CompareWithPeers bucket size before helper: 0
[DEBUG] CompareWithPeers bucket size after helper: 0
[DEBUG] CompareWithPeers bucket size before helper: 2

======================================================================
📊 PROGRESS REPORT [125/1977] (6.3%)
======================================================================
⏱️  Elapsed: 25.0 min | ETA: 369.9 min | Avg: 12.0s/sample
✅ Success: 125 | ❌ Failed: 0
🎯 Overall Accuracy: 57.6% (72/125)
📈 Long-only: 10 trades | Win Rate: 80.0% (8/10) | Avg Ret: +14.6%
💰 Total Cost: $0.5345 | Avg: $0.0043/sample
======================================================================

[DONE 125/1977] NVDA: DOWN(D:3) TL:False Ret:-29.8% Correct:True
[START 135/1977] A 2023Q3 (LOSER)
[DEBUG] CompareWithPeers bucket size after helper: 2
[DONE 126/1977] TFC: UP(D:3) TL:False Ret:-14.2% Correct:False
[START 136/1977] BLK 2022Q2 (GAINER)
[DONE 127/1977] HOOD: DOWN(D:3) TL:False Ret:-14.2% Correct:True
[START 137/1977] GDDY 2020Q4 (LOSER)
[DEBUG] CompareWithPeers bucket size before helper: 3
[DEBUG] CompareWithPeers bucket size before helper: 3
[DONE 128/1977] NXPI: DOWN(D:4) TL:False Ret:11.7% Correct:False
[START 138/1977] MHK 2021Q4 (LOSER)
[DEBUG] CompareWithPeers bucket size before helper: 2
[DEBUG] CompareWithPeers bucket size after helper: 3
[DEBUG] CompareWithPeers bucket size after helper: 3
[DEBUG] CompareWithPeers bucket size after helper: 2
[DONE 129/1977] APD: DOWN(D:3) TL:False Ret:-13.4% Correct:True
[START 139/1977] EA 2020Q1 (GAINER)
[DEBUG] CompareWithPeers bucket size before helper: 3
[DEBUG] CompareWithPeers bucket size after helper: 3
[DONE 130/1977] TRGP: DOWN(D:5) TL:False Ret:-23.8% Correct:True
[START 140/1977] INCY 2020Q2 (LOSER)
[DEBUG] CompareWithPeers bucket size before helper: 0
[DEBUG] CompareWithPeers bucket size after helper: 0
[DONE 131/1977] UAL: DOWN(D:3) TL:False Ret:11.6% Correct:False
[START 141/1977] TECH 2022Q4 (LOSER)
[DEBUG] CompareWithPeers bucket size before helper: 0
[DEBUG] CompareWithPeers bucket size after helper: 0
[DONE 132/1977] CVS: DOWN(D:4) TL:False Ret:-21.0% Correct:True
[START 142/1977] CINF 2022Q2 (LOSER)
[DONE 133/1977] NTRS: UP(D:6) TL:False Ret:13.4% Correct:True
[START 143/1977] A 2020Q1 (LOSER)
[DEBUG] CompareWithPeers bucket size before helper: 2
[DONE 134/1977] FFIV: DOWN(D:4) TL:False Ret:-10.6% Correct:True
[START 144/1977] CVS 2019Q2 (GAINER)
[DEBUG] CompareWithPeers bucket size after helper: 2
[DEBUG] CompareWithPeers bucket size before helper: 2
[DEBUG] CompareWithPeers bucket size after helper: 2
[DONE 135/1977] A: UP(D:4) TL:False Ret:-12.8% Correct:False
[START 145/1977] SMCI 2020Q2 (LOSER)
[DEBUG] CompareWithPeers bucket size before helper: 3
[DEBUG] CompareWithPeers bucket size after helper: 3
[DONE 136/1977] BLK: UP(D:3) TL:False Ret:14.9% Correct:True
[START 146/1977] MLM 2020Q1 (GAINER)
[DEBUG] CompareWithPeers bucket size before helper: 2
[DEBUG] CompareWithPeers bucket size after helper: 2
[DONE 137/1977] GDDY: DOWN(D:4) TL:False Ret:-17.0% Correct:True
[START 147/1977] O 2019Q3 (LOSER)
[DEBUG] CompareWithPeers bucket size before helper: 2
[DEBUG] CompareWithPeers bucket size before helper: 2
[DONE 138/1977] EA: UP(D:6) TL:False Ret:11.0% Correct:True
[START 148/1977] TGT 2023Q3 (GAINER)
[DEBUG] CompareWithPeers bucket size after helper: 2
[DEBUG] CompareWithPeers bucket size after helper: 2
[DEBUG] CompareWithPeers bucket size before helper: 4
[DEBUG] CompareWithPeers bucket size after helper: 4
[DEBUG] CompareWithPeers bucket size before helper: 0
[DEBUG] CompareWithPeers bucket size after helper: 0
[DONE 139/1977] INCY: DOWN(D:4) TL:False Ret:-11.6% Correct:True
[START 149/1977] MAR 2023Q3 (GAINER)
[DONE 140/1977] MHK: DOWN(D:4) TL:False Ret:-13.3% Correct:True
[START 150/1977] CTRA 2021Q2 (GAINER)
[DONE 141/1977] TECH: DOWN(D:4) TL:False Ret:-21.6% Correct:True
[START 151/1977] CSX 2023Q3 (GAINER)
[DEBUG] CompareWithPeers bucket size before helper: 0
[DEBUG] CompareWithPeers bucket size after helper: 0
[DONE 142/1977] CVS: UP(D:7) TL:False Ret:17.6% Correct:True
[START 152/1977] T 2023Q1 (LOSER)
[DEBUG] CompareWithPeers bucket size before helper: 0
[DEBUG] CompareWithPeers bucket size after helper: 0
[DONE 143/1977] CINF: DOWN(D:2) TL:False Ret:-11.3% Correct:True
[START 153/1977] EW 2023Q2 (LOSER)
[DONE 144/1977] A: DOWN(D:5) TL:False Ret:-18.7% Correct:True
[START 154/1977] ISRG 2022Q4 (LOSER)
[DEBUG] CompareWithPeers bucket size before helper: 0
[DEBUG] CompareWithPeers bucket size after helper: 0
[DEBUG] CompareWithPeers bucket size before helper: 0
[DEBUG] CompareWithPeers bucket size after helper: 0
[DONE 145/1977] SMCI: DOWN(D:3) TL:False Ret:-31.9% Correct:True
[START 155/1977] FSLR 2023Q3 (GAINER)
[DONE 146/1977] MLM: DOWN(D:3) TL:False Ret:10.5% Correct:False
[START 156/1977] MET 2022Q4 (LOSER)
[DEBUG] CompareWithPeers bucket size before helper: 0
[DEBUG] CompareWithPeers bucket size after helper: 0
[DEBUG] CompareWithPeers bucket size before helper: 4
[DEBUG] CompareWithPeers bucket size before helper: 3
[DEBUG] CompareWithPeers bucket size after helper: 3
[DEBUG] CompareWithPeers bucket size after helper: 4
[DEBUG] CompareWithPeers bucket size before helper: 6
[DONE 147/1977] O: DOWN(D:3) TL:False Ret:-10.1% Correct:True
[START 157/1977] PWR 2021Q4 (GAINER)
[DEBUG] CompareWithPeers bucket size after helper: 6
[DONE 148/1977] TGT: DOWN(D:4) TL:False Ret:28.5% Correct:False
[START 158/1977] CNP 2021Q4 (GAINER)
[DONE 149/1977] MAR: UP(D:7) TL:False Ret:17.1% Correct:True
[START 159/1977] ES 2021Q4 (GAINER)
[DEBUG] CompareWithPeers bucket size before helper: 4
[DEBUG] CompareWithPeers bucket size before helper: 2
[DEBUG] CompareWithPeers bucket size after helper: 4
[DEBUG] CompareWithPeers bucket size after helper: 2

======================================================================
📊 PROGRESS REPORT [150/1977] (7.6%)
======================================================================
⏱️  Elapsed: 28.9 min | ETA: 351.8 min | Avg: 11.6s/sample
✅ Success: 150 | ❌ Failed: 0
🎯 Overall Accuracy: 60.7% (91/150)
📈 Long-only: 10 trades | Win Rate: 80.0% (8/10) | Avg Ret: +14.6%
💰 Total Cost: $0.6326 | Avg: $0.0042/sample
======================================================================

[DONE 150/1977] CTRA: UP(D:6) TL:False Ret:19.4% Correct:True
[START 160/1977] AAPL 2022Q2 (LOSER)
[DEBUG] CompareWithPeers bucket size before helper: 3
[DEBUG] CompareWithPeers bucket size after helper: 3
[DONE 151/1977] T: DOWN(D:4) TL:False Ret:-22.8% Correct:True
[START 161/1977] COST 2019Q3 (GAINER)
[DONE 152/1977] CSX: DOWN(D:3) TL:False Ret:10.2% Correct:False
[START 162/1977] NVDA 2021Q2 (GAINER)
[DEBUG] CompareWithPeers bucket size before helper: 2
[DEBUG] CompareWithPeers bucket size after helper: 2
[DEBUG] CompareWithPeers bucket size before helper: 2
[DEBUG] CompareWithPeers bucket size after helper: 2
[DONE 153/1977] ISRG: DOWN(D:3) TL:False Ret:-11.4% Correct:True
[START 163/1977] APP 2023Q1 (GAINER)
[DONE 154/1977] EW: UP(D:4) TL:False Ret:-19.2% Correct:False
[START 164/1977] CAG 2020Q3 (GAINER)
[DEBUG] CompareWithPeers bucket size before helper: 3
[DEBUG] CompareWithPeers bucket size before helper: 0
[DEBUG] CompareWithPeers bucket size after helper: 0
[DEBUG] CompareWithPeers bucket size after helper: 3
[DEBUG] CompareWithPeers bucket size before helper: 0
[DEBUG] CompareWithPeers bucket size after helper: 0
[DEBUG] CompareWithPeers bucket size before helper: 2
[DONE 155/1977] PWR: DOWN(D:4) TL:False Ret:34.6% Correct:False
[START 165/1977] RCL 2023Q1 (GAINER)
[DONE 156/1977] ES: DOWN(D:4) TL:False Ret:10.0% Correct:False
[START 166/1977] AZO 2019Q2 (GAINER)
[DEBUG] CompareWithPeers bucket size after helper: 2
[DONE 157/1977] AAPL: DOWN(D:4) TL:False Ret:-19.4% Correct:True
[START 167/1977] GS 2021Q1 (GAINER)
[DONE 158/1977] MET: DOWN(D:3) TL:False Ret:-24.5% Correct:True
[START 168/1977] XYZ 2020Q1 (GAINER)
[DEBUG] CompareWithPeers bucket size before helper: 3
[DONE 159/1977] CNP: DOWN(D:5) TL:False Ret:16.6% Correct:False
[START 169/1977] DVN 2020Q1 (GAINER)
[DEBUG] CompareWithPeers bucket size after helper: 3
[DEBUG] CompareWithPeers bucket size before helper: 3
[DEBUG] CompareWithPeers bucket size after helper: 3
[DEBUG] CompareWithPeers bucket size before helper: 4
[DEBUG] CompareWithPeers bucket size after helper: 4
[DONE 160/1977] FSLR: DOWN(D:5) TL:False Ret:11.1% Correct:False
[START 170/1977] PNC 2021Q4 (LOSER)
[DONE 161/1977] CAG: DOWN(D:4) TL:False Ret:20.6% Correct:False
[START 171/1977] GE 2020Q4 (GAINER)
[DONE 162/1977] APP: DOWN(D:4) TL:False Ret:35.8% Correct:False
[START 172/1977] DECK 2021Q4 (GAINER)
[DEBUG] CompareWithPeers bucket size before helper: 3
[DEBUG] CompareWithPeers bucket size before helper: 4
[DEBUG] CompareWithPeers bucket size after helper: 3
[DEBUG] CompareWithPeers bucket size after helper: 4
[DEBUG] CompareWithPeers bucket size before helper: 0
[DEBUG] CompareWithPeers bucket size after helper: 0
[DEBUG] CompareWithPeers bucket size before helper: 2
[DONE 163/1977] AZO: UP(D:7) TL:False Ret:17.0% Correct:True
[START 173/1977] ROK 2019Q1 (GAINER)
[DEBUG] CompareWithPeers bucket size after helper: 2
[DONE 164/1977] COST: UP(D:6) TL:False Ret:16.2% Correct:True
[START 174/1977] DHI 2021Q4 (GAINER)
[DONE 165/1977] RCL: DOWN(D:4) TL:False Ret:42.1% Correct:False
[START 175/1977] VRSK 2021Q4 (GAINER)
[DONE 166/1977] DVN: UP(D:6) TL:False Ret:15.8% Correct:True
[START 176/1977] UNP 2021Q4 (GAINER)
[DEBUG] CompareWithPeers bucket size before helper: 2
[DEBUG] CompareWithPeers bucket size after helper: 2
[DEBUG] CompareWithPeers bucket size before helper: 3
[DEBUG] CompareWithPeers bucket size after helper: 3
[DEBUG] CompareWithPeers bucket size before helper: 2
[DONE 167/1977] XYZ: DOWN(D:4) TL:False Ret:43.9% Correct:False
[START 177/1977] WYNN 2021Q4 (LOSER)
[DEBUG] CompareWithPeers bucket size before helper: 0
[DEBUG] CompareWithPeers bucket size after helper: 0
[DEBUG] CompareWithPeers bucket size after helper: 2
[DONE 168/1977] PNC: UP(D:6) TL:False Ret:-12.8% Correct:False
[START 178/1977] TSCO 2023Q1 (LOSER)
[DEBUG] CompareWithPeers bucket size before helper: 0
[DEBUG] CompareWithPeers bucket size after helper: 0
[DEBUG] CompareWithPeers bucket size before helper: 3
[DONE 169/1977] GS: UP(D:6) TL:False Ret:12.1% Correct:True
[START 179/1977] REGN 2020Q2 (LOSER)
[DEBUG] CompareWithPeers bucket size after helper: 3
[DONE 170/1977] GE: UP(D:6) TL:False Ret:20.6% Correct:True
[START 180/1977] VRTX 2021Q1 (LOSER)
[DONE 171/1977] NVDA: UP(D:7) TL:False Ret:12.4% Correct:True
[START 181/1977] EME 2023Q4 (GAINER)
[DEBUG] CompareWithPeers bucket size before helper: 2
[DONE 172/1977] DECK: UP(D:7) TL:False Ret:16.3% Correct:True
[START 182/1977] NWS 2021Q1 (GAINER)
[DEBUG] CompareWithPeers bucket size after helper: 2
[DEBUG] CompareWithPeers bucket size before helper: 3
[DEBUG] CompareWithPeers bucket size before helper: 6
[DEBUG] CompareWithPeers bucket size after helper: 3
[DEBUG] CompareWithPeers bucket size after helper: 6
[DEBUG] CompareWithPeers bucket size before helper: 0
[DEBUG] CompareWithPeers bucket size after helper: 0
[DONE 173/1977] ROK: UP(D:6) TL:False Ret:11.1% Correct:True
[START 183/1977] NRG 2020Q2 (LOSER)
[DEBUG] CompareWithPeers bucket size before helper: 4
[DONE 174/1977] UNP: DOWN(D:4) TL:False Ret:10.5% Correct:False
[START 184/1977] KDP 2020Q4 (GAINER)
[DEBUG] CompareWithPeers bucket size before helper: 3
[DEBUG] CompareWithPeers bucket size after helper: 4

======================================================================
📊 PROGRESS REPORT [175/1977] (8.9%)
======================================================================
⏱️  Elapsed: 33.7 min | ETA: 346.9 min | Avg: 11.6s/sample
✅ Success: 175 | ❌ Failed: 0
🎯 Overall Accuracy: 58.9% (103/175)
📈 Long-only: 10 trades | Win Rate: 80.0% (8/10) | Avg Ret: +14.6%
💰 Total Cost: $0.7407 | Avg: $0.0042/sample
======================================================================

[DONE 175/1977] DHI: DOWN(D:4) TL:False Ret:13.9% Correct:False
[START 185/1977] PSKY 2023Q2 (LOSER)
[DEBUG] CompareWithPeers bucket size after helper: 3
[DONE 176/1977] WYNN: DOWN(D:4) TL:False Ret:-17.2% Correct:True
[START 186/1977] GOOGL 2019Q4 (LOSER)
[DEBUG] CompareWithPeers bucket size before helper: 2
[DEBUG] CompareWithPeers bucket size after helper: 2
[DONE 177/1977] VRSK: DOWN(D:4) TL:False Ret:18.1% Correct:False
[START 187/1977] HD 2022Q2 (LOSER)
[DONE 178/1977] TSCO: DOWN(D:4) TL:False Ret:-10.7% Correct:True
[START 188/1977] PNR 2022Q3 (GAINER)
[DEBUG] CompareWithPeers bucket size before helper: 3
[DONE 179/1977] VRTX: UP(D:6) TL:False Ret:-13.4% Correct:False
[START 189/1977] WDC 2019Q2 (GAINER)
[DEBUG] CompareWithPeers bucket size after helper: 3
[DEBUG] CompareWithPeers bucket size before helper: 2
[DEBUG] CompareWithPeers bucket size after helper: 2
[DEBUG] CompareWithPeers bucket size before helper: 5
[DEBUG] CompareWithPeers bucket size after helper: 5
[DONE 180/1977] REGN: DOWN(D:4) TL:False Ret:-11.1% Correct:True
[START 190/1977] ETN 2019Q4 (LOSER)
[DONE 181/1977] NWS: DOWN(D:4) TL:False Ret:15.7% Correct:False
[START 191/1977] STX 2019Q4 (GAINER)
[DEBUG] CompareWithPeers bucket size before helper: 2
[DONE 182/1977] EME: DOWN(D:4) TL:False Ret:27.0% Correct:False
[START 192/1977] LRCX 2022Q1 (GAINER)
[DEBUG] CompareWithPeers bucket size after helper: 2
[DEBUG] CompareWithPeers bucket size before helper: 0
[DEBUG] CompareWithPeers bucket size after helper: 0
[DEBUG] CompareWithPeers bucket size before helper: 2
[DEBUG] CompareWithPeers bucket size before helper: 4
[DEBUG] CompareWithPeers bucket size after helper: 2
[DEBUG] CompareWithPeers bucket size before helper: 0
[DEBUG] CompareWithPeers bucket size after helper: 0
[DEBUG] CompareWithPeers bucket size after helper: 4
[DONE 183/1977] NRG: UP(D:6) TL:False Ret:-15.9% Correct:False
[START 193/1977] RTX 2021Q4 (GAINER)
[DEBUG] CompareWithPeers bucket size before helper: 3
[DONE 184/1977] KDP: UP(D:6) TL:False Ret:11.8% Correct:True
[START 194/1977] ZTS 2022Q1 (LOSER)
[DEBUG] CompareWithPeers bucket size after helper: 3
[DONE 185/1977] PSKY: UP(D:6) TL:False Ret:-15.4% Correct:False
[START 195/1977] WBD 2020Q4 (LOSER)
[DONE 186/1977] PNR: DOWN(D:4) TL:False Ret:10.1% Correct:False
[START 196/1977] CPRT 2023Q3 (GAINER)
[DONE 187/1977] GOOGL: DOWN(D:4) TL:False Ret:-26.4% Correct:True
[START 197/1977] WFC 2022Q2 (GAINER)
[DONE 188/1977] HD: DOWN(D:4) TL:False Ret:-10.3% Correct:True
[START 198/1977] TRGP 2019Q2 (GAINER)
[DEBUG] CompareWithPeers bucket size before helper: 0
[DEBUG] CompareWithPeers bucket size after helper: 0
[DEBUG] CompareWithPeers bucket size before helper: 2
[DEBUG] CompareWithPeers bucket size before helper: 0
[DEBUG] CompareWithPeers bucket size after helper: 0
[DONE 189/1977] WDC: UP(D:6) TL:False Ret:23.7% Correct:True
[START 199/1977] SO 2019Q4 (LOSER)
[DEBUG] CompareWithPeers bucket size after helper: 2
[DONE 190/1977] ETN: UP(D:6) TL:False Ret:-27.9% Correct:False
[START 200/1977] T 2021Q4 (LOSER)
[DEBUG] CompareWithPeers bucket size before helper: 4
[DONE 191/1977] STX: DOWN(D:4) TL:False Ret:20.4% Correct:False
[START 201/1977] INTU 2022Q1 (LOSER)
[DEBUG] CompareWithPeers bucket size after helper: 4
[DEBUG] CompareWithPeers bucket size before helper: 2
[DEBUG] CompareWithPeers bucket size before helper: 3
[DONE 192/1977] LRCX: UP(D:6) TL:False Ret:20.2% Correct:True
[START 202/1977] TT 2022Q1 (LOSER)
[DEBUG] CompareWithPeers bucket size before helper: 5
[DEBUG] CompareWithPeers bucket size before helper: 2
[DEBUG] CompareWithPeers bucket size after helper: 2
[DEBUG] CompareWithPeers bucket size after helper: 3
[DEBUG] CompareWithPeers bucket size after helper: 2
[DEBUG] CompareWithPeers bucket size after helper: 5
[DONE 193/1977] RTX: UP(D:7) TL:True Ret:11.8% Correct:True
[START 203/1977] MRNA 2022Q1 (LOSER)
[DONE 194/1977] WBD: UP(D:4) TL:False Ret:-14.6% Correct:False
[START 204/1977] BKR 2021Q4 (GAINER)
[DEBUG] CompareWithPeers bucket size before helper: 2
[DEBUG] CompareWithPeers bucket size after helper: 2
[DONE 195/1977] CPRT: DOWN(D:4) TL:False Ret:10.1% Correct:False
[START 205/1977] TTD 2021Q1 (GAINER)
[DONE 196/1977] ZTS: DOWN(D:4) TL:False Ret:-10.2% Correct:True
[START 206/1977] GM 2023Q2 (LOSER)
[DEBUG] CompareWithPeers bucket size before helper: 0
[DEBUG] CompareWithPeers bucket size after helper: 0
[DEBUG] CompareWithPeers bucket size before helper: 4
[DEBUG] CompareWithPeers bucket size after helper: 4
[DONE 197/1977] WFC: UP(D:6) TL:False Ret:13.5% Correct:True
[START 207/1977] BLDR 2021Q1 (LOSER)
[DONE 198/1977] TRGP: DOWN(D:4) TL:False Ret:21.5% Correct:False
[START 208/1977] PNR 2021Q2 (GAINER)
[DEBUG] CompareWithPeers bucket size before helper: 0
[DEBUG] CompareWithPeers bucket size after helper: 0
[DEBUG] CompareWithPeers bucket size before helper: 3
[DONE 199/1977] SO: DOWN(D:4) TL:False Ret:-28.0% Correct:True
[START 209/1977] TPL 2023Q4 (GAINER)
[DEBUG] CompareWithPeers bucket size after helper: 3

======================================================================
📊 PROGRESS REPORT [200/1977] (10.1%)
======================================================================
⏱️  Elapsed: 37.6 min | ETA: 333.8 min | Avg: 11.3s/sample
✅ Success: 200 | ❌ Failed: 0
🎯 Overall Accuracy: 58.0% (116/200)
📈 Long-only: 11 trades | Win Rate: 81.8% (9/11) | Avg Ret: +14.4%
💰 Total Cost: $0.8456 | Avg: $0.0042/sample
======================================================================

[DONE 200/1977] INTU: DOWN(D:3) TL:False Ret:-14.2% Correct:True
[START 210/1977] APA 2023Q3 (LOSER)
[DEBUG] CompareWithPeers bucket size before helper: 0
[DEBUG] CompareWithPeers bucket size after helper: 0
[DONE 201/1977] TT: UP(D:6) TL:False Ret:-12.6% Correct:False
[START 211/1977] BALL 2022Q4 (LOSER)
[DEBUG] CompareWithPeers bucket size before helper: 2
[DEBUG] CompareWithPeers bucket size after helper: 2
[DONE 202/1977] T: DOWN(D:3) TL:False Ret:-12.5% Correct:True
[START 212/1977] EMR 2020Q1 (LOSER)
[DEBUG] CompareWithPeers bucket size before helper: 3
[DEBUG] CompareWithPeers bucket size before helper: 0
[DEBUG] CompareWithPeers bucket size after helper: 0
[DEBUG] CompareWithPeers bucket size after helper: 3
[DONE 203/1977] BKR: DOWN(D:4) TL:False Ret:26.4% Correct:False
[START 213/1977] ERIE 2019Q1 (GAINER)
[DONE 204/1977] MRNA: DOWN(D:4) TL:False Ret:-17.4% Correct:True
[START 214/1977] EMR 2020Q2 (GAINER)
[DEBUG] CompareWithPeers bucket size before helper: 4
[DEBUG] CompareWithPeers bucket size after helper: 4
[DONE 205/1977] GM: UP(D:6) TL:False Ret:-16.5% Correct:False
[START 215/1977] ANET 2020Q3 (GAINER)
[DEBUG] CompareWithPeers bucket size before helper: 4
[DEBUG] CompareWithPeers bucket size after helper: 4
[DEBUG] CompareWithPeers bucket size before helper: 2
[DEBUG] CompareWithPeers bucket size before helper: 0
[DEBUG] CompareWithPeers bucket size after helper: 0
[DONE 206/1977] PNR: UP(D:7) TL:True Ret:12.3% Correct:True
[START 216/1977] DLTR 2021Q2 (LOSER)
[DEBUG] CompareWithPeers bucket size after helper: 2
[DEBUG] CompareWithPeers bucket size before helper: 4
[DEBUG] CompareWithPeers bucket size after helper: 4
[DONE 207/1977] BLDR: DOWN(D:4) TL:False Ret:-15.1% Correct:True
[START 217/1977] TPR 2021Q1 (GAINER)
[DEBUG] CompareWithPeers bucket size before helper: 4
[DONE 208/1977] APA: DOWN(D:4) TL:False Ret:-10.8% Correct:True
[START 218/1977] PLD 2022Q1 (LOSER)
[DEBUG] CompareWithPeers bucket size after helper: 4
[DONE 209/1977] TTD: UP(D:7) TL:True Ret:33.6% Correct:True
[START 219/1977] LW 2020Q2 (GAINER)
[DEBUG] CompareWithPeers bucket size before helper: 2
[DONE 210/1977] TPL: UP(D:6) TL:False Ret:17.5% Correct:True
[START 220/1977] MRNA 2021Q4 (GAINER)
[DONE 211/1977] BALL: DOWN(D:4) TL:False Ret:-11.9% Correct:True
[START 221/1977] GDDY 2019Q4 (LOSER)
[DEBUG] CompareWithPeers bucket size after helper: 2
[DEBUG] CompareWithPeers bucket size before helper: 3
[DEBUG] CompareWithPeers bucket size before helper: 0
[DEBUG] CompareWithPeers bucket size after helper: 0
[DEBUG] CompareWithPeers bucket size after helper: 3
[DONE 212/1977] ERIE: DOWN(D:4) TL:False Ret:31.0% Correct:False
[START 222/1977] PLD 2022Q3 (GAINER)
[DONE 213/1977] EMR: DOWN(D:4) TL:False Ret:24.3% Correct:False
[START 223/1977] QCOM 2021Q1 (LOSER)
[DEBUG] CompareWithPeers bucket size before helper: 3
[DEBUG] CompareWithPeers bucket size after helper: 3
[DEBUG] CompareWithPeers bucket size before helper: 4
[DEBUG] CompareWithPeers bucket size after helper: 4
[DONE 214/1977] EMR: DOWN(D:4) TL:False Ret:-43.3% Correct:True
[START 224/1977] PKG 2021Q4 (GAINER)
[DONE 215/1977] TPR: UP(D:6) TL:False Ret:37.6% Correct:True
[START 225/1977] INCY 2020Q4 (LOSER)
[DEBUG] CompareWithPeers bucket size before helper: 3
[DONE 216/1977] ANET: UP(D:6) TL:False Ret:32.2% Correct:True
[START 226/1977] TGT 2019Q3 (GAINER)
[DEBUG] CompareWithPeers bucket size after helper: 3
[DEBUG] CompareWithPeers bucket size before helper: 4
[DEBUG] CompareWithPeers bucket size before helper: 2
[DEBUG] CompareWithPeers bucket size after helper: 4
[DEBUG] CompareWithPeers bucket size before helper: 2
[DEBUG] CompareWithPeers bucket size after helper: 2
[DEBUG] CompareWithPeers bucket size after helper: 2
[DEBUG] CompareWithPeers bucket size before helper: 2
[DONE 217/1977] LW: DOWN(D:4) TL:False Ret:14.0% Correct:False
[START 227/1977] AJG 2022Q1 (LOSER)
[DEBUG] CompareWithPeers bucket size after helper: 2
[DEBUG] CompareWithPeers bucket size before helper: 3
[DEBUG] CompareWithPeers bucket size before helper: 4
[DEBUG] CompareWithPeers bucket size after helper: 3
[DEBUG] CompareWithPeers bucket size after helper: 4
[DONE 218/1977] GDDY: UP(D:7) TL:True Ret:-16.5% Correct:False
[START 228/1977] KEY 2023Q1 (LOSER)
[DONE 219/1977] PLD: UP(D:6) TL:False Ret:-37.3% Correct:False
[START 229/1977] VTR 2022Q4 (LOSER)
[DONE 220/1977] MRNA: UP(D:7) TL:True Ret:17.1% Correct:True
[START 230/1977] MCHP 2020Q3 (LOSER)
[DONE 221/1977] DLTR: DOWN(D:4) TL:False Ret:-10.2% Correct:True
[START 231/1977] JCI 2023Q3 (LOSER)
[DONE 222/1977] QCOM: DOWN(D:4) TL:False Ret:-19.3% Correct:True
[START 232/1977] DAY 2020Q1 (GAINER)
[DONE 223/1977] PLD: UP(D:4) TL:False Ret:10.6% Correct:True
[START 233/1977] PNR 2019Q3 (GAINER)
[DEBUG] CompareWithPeers bucket size before helper: 0
[DEBUG] CompareWithPeers bucket size after helper: 0
[DEBUG] CompareWithPeers bucket size before helper: 0
[DEBUG] CompareWithPeers bucket size after helper: 0
[DONE 224/1977] PKG: UP(D:6) TL:False Ret:12.3% Correct:True
[START 234/1977] TSCO 2021Q3 (GAINER)

======================================================================
📊 PROGRESS REPORT [225/1977] (11.4%)
======================================================================
⏱️  Elapsed: 41.7 min | ETA: 325.0 min | Avg: 11.1s/sample
✅ Success: 225 | ❌ Failed: 0
🎯 Overall Accuracy: 59.1% (133/225)
📈 Long-only: 15 trades | Win Rate: 80.0% (12/15) | Avg Ret: +13.6%
💰 Total Cost: $0.9529 | Avg: $0.0042/sample
======================================================================

[DONE 225/1977] INCY: DOWN(D:3) TL:False Ret:-16.2% Correct:True
[START 235/1977] SWKS 2021Q2 (LOSER)
[DEBUG] CompareWithPeers bucket size before helper: 3
[DEBUG] CompareWithPeers bucket size after helper: 3
[DEBUG] CompareWithPeers bucket size before helper: 3
[DEBUG] CompareWithPeers bucket size before helper: 4
[DEBUG] CompareWithPeers bucket size before helper: 3
[DEBUG] CompareWithPeers bucket size after helper: 3
[DEBUG] CompareWithPeers bucket size after helper: 4
[DEBUG] CompareWithPeers bucket size after helper: 3
[DEBUG] CompareWithPeers bucket size before helper: 2
[DONE 226/1977] KEY: DOWN(D:3) TL:False Ret:-17.0% Correct:True
[START 236/1977] BXP 2020Q4 (GAINER)
[DEBUG] CompareWithPeers bucket size after helper: 2
[DEBUG] CompareWithPeers bucket size before helper: 2
[DONE 227/1977] DAY: UP(D:7) TL:False Ret:25.3% Correct:True
[START 237/1977] CCL 2022Q3 (GAINER)
[DONE 228/1977] JCI: DOWN(D:3) TL:False Ret:-18.4% Correct:True
[START 238/1977] HPQ 2020Q1 (LOSER)
[DEBUG] CompareWithPeers bucket size after helper: 2
[DONE 229/1977] MCHP: DOWN(D:4) TL:False Ret:-45.0% Correct:True
[START 239/1977] AAPL 2019Q1 (GAINER)
[DONE 230/1977] PNR: DOWN(D:4) TL:False Ret:12.9% Correct:False
[START 240/1977] UBER 2023Q1 (GAINER)
[DEBUG] CompareWithPeers bucket size before helper: 3
[DEBUG] CompareWithPeers bucket size after helper: 3
[DONE 231/1977] TSCO: UP(D:6) TL:False Ret:12.7% Correct:True
[START 241/1977] TTWO 2022Q1 (LOSER)
[DONE 232/1977] SWKS: DOWN(D:4) TL:False Ret:-12.1% Correct:True
[START 242/1977] PANW 2020Q2 (LOSER)
[DEBUG] CompareWithPeers bucket size before helper: 4
[DEBUG] CompareWithPeers bucket size before helper: 3
[DEBUG] CompareWithPeers bucket size after helper: 4
[DEBUG] CompareWithPeers bucket size after helper: 3
[DEBUG] CompareWithPeers bucket size before helper: 0
[DEBUG] CompareWithPeers bucket size after helper: 0
[DONE 233/1977] BXP: DOWN(D:3) TL:False Ret:15.7% Correct:False
[START 243/1977] DASH 2021Q2 (GAINER)
[DEBUG] CompareWithPeers bucket size before helper: 0
[DEBUG] CompareWithPeers bucket size after helper: 0
[DONE 234/1977] TGT: DOWN(D:4) TL:False Ret:11.5% Correct:False
[START 244/1977] CMG 2021Q1 (LOSER)
[DEBUG] CompareWithPeers bucket size before helper: 2
[DONE 235/1977] VTR: UP(D:7) TL:False Ret:-15.1% Correct:False
[START 245/1977] BBY 2023Q3 (GAINER)
[DEBUG] CompareWithPeers bucket size after helper: 2
[DONE 236/1977] AJG: DOWN(D:3) TL:False Ret:-15.5% Correct:True
[START 246/1977] FCX 2019Q1 (LOSER)
[DEBUG] CompareWithPeers bucket size before helper: 2
[DEBUG] CompareWithPeers bucket size before helper: 3
[DONE 237/1977] CCL: DOWN(D:3) TL:False Ret:13.0% Correct:False
[START 247/1977] COIN 2021Q4 (LOSER)
[DEBUG] CompareWithPeers bucket size after helper: 2
[DEBUG] CompareWithPeers bucket size after helper: 3
[DEBUG] CompareWithPeers bucket size before helper: 0
[DEBUG] CompareWithPeers bucket size after helper: 0
[DEBUG] CompareWithPeers bucket size before helper: 4
[DEBUG] CompareWithPeers bucket size after helper: 4
[DONE 238/1977] TTWO: DOWN(D:3) TL:False Ret:-11.8% Correct:True
[START 248/1977] PM 2019Q2 (LOSER)
[DONE 239/1977] AAPL: DOWN(D:4) TL:False Ret:18.8% Correct:False
[START 249/1977] GILD 2022Q3 (GAINER)
[DEBUG] CompareWithPeers bucket size before helper: 0
[DEBUG] CompareWithPeers bucket size after helper: 0
[DONE 240/1977] UBER: DOWN(D:4) TL:False Ret:26.1% Correct:False
[START 250/1977] SMCI 2019Q4 (GAINER)
[DEBUG] CompareWithPeers bucket size before helper: 3
[DEBUG] CompareWithPeers bucket size before helper: 4
[DEBUG] CompareWithPeers bucket size before helper: 2
[DEBUG] CompareWithPeers bucket size after helper: 3
[DEBUG] CompareWithPeers bucket size after helper: 4
[DEBUG] CompareWithPeers bucket size after helper: 2
[DONE 241/1977] DASH: DOWN(D:4) TL:False Ret:15.7% Correct:False
[START 251/1977] ADI 2020Q1 (LOSER)
[DONE 242/1977] HPQ: UP(D:6) TL:False Ret:-31.6% Correct:False
[START 252/1977] DRI 2020Q1 (LOSER)
[DONE 243/1977] CMG: UP(D:6) TL:False Ret:-12.0% Correct:False
[START 253/1977] RVTY 2019Q4 (LOSER)
[DONE 244/1977] BBY: DOWN(D:3) TL:False Ret:17.2% Correct:False
[START 254/1977] MAR 2019Q3 (GAINER)
[DONE 245/1977] PANW: DOWN(D:3) TL:False Ret:-27.2% Correct:True
[START 255/1977] FFIV 2022Q2 (LOSER)
[DEBUG] CompareWithPeers bucket size before helper: 0
[DEBUG] CompareWithPeers bucket size after helper: 0
[DEBUG] CompareWithPeers bucket size before helper: 3
[DEBUG] CompareWithPeers bucket size after helper: 3
[DONE 246/1977] COIN: DOWN(D:4) TL:False Ret:-10.4% Correct:True
[START 256/1977] BAC 2022Q3 (GAINER)
[DEBUG] CompareWithPeers bucket size before helper: 4
[DEBUG] CompareWithPeers bucket size before helper: 2
[DEBUG] CompareWithPeers bucket size after helper: 4
[DONE 247/1977] FCX: DOWN(D:3) TL:False Ret:-23.8% Correct:True
[START 257/1977] RTX 2023Q2 (LOSER)
[DEBUG] CompareWithPeers bucket size after helper: 2
[DEBUG] CompareWithPeers bucket size before helper: 0
[DEBUG] CompareWithPeers bucket size after helper: 0
[DEBUG] CompareWithPeers bucket size before helper: 3
[DEBUG] CompareWithPeers bucket size before helper: 3
[DONE 248/1977] SMCI: DOWN(D:4) TL:False Ret:17.8% Correct:False
[START 258/1977] NCLH 2019Q2 (GAINER)
[DEBUG] CompareWithPeers bucket size before helper: 4
[DEBUG] CompareWithPeers bucket size after helper: 3
[DEBUG] CompareWithPeers bucket size before helper: 2
[DEBUG] CompareWithPeers bucket size after helper: 3
[DEBUG] CompareWithPeers bucket size after helper: 4
[DEBUG] CompareWithPeers bucket size after helper: 2
[DONE 249/1977] PM: UP(D:6) TL:False Ret:-10.3% Correct:False
[START 259/1977] EA 2019Q3 (GAINER)

======================================================================
📊 PROGRESS REPORT [250/1977] (12.6%)
======================================================================
⏱️  Elapsed: 46.0 min | ETA: 318.1 min | Avg: 11.0s/sample
✅ Success: 250 | ❌ Failed: 0
🎯 Overall Accuracy: 58.0% (145/250)
📈 Long-only: 16 trades | Win Rate: 81.2% (13/16) | Avg Ret: +14.4%
💰 Total Cost: $1.0625 | Avg: $0.0042/sample
======================================================================

[DONE 250/1977] GILD: UP(D:7) TL:True Ret:26.1% Correct:True
[START 260/1977] COST 2021Q2 (GAINER)
[DONE 251/1977] RVTY: DOWN(D:4) TL:False Ret:-26.2% Correct:True
[START 261/1977] PAYX 2022Q1 (GAINER)
[DONE 252/1977] ADI: DOWN(D:4) TL:False Ret:-23.8% Correct:True
[START 262/1977] T 2023Q3 (GAINER)
[DONE 253/1977] FFIV: DOWN(D:3) TL:False Ret:-16.5% Correct:True
[START 263/1977] FRT 2022Q1 (LOSER)
[DONE 254/1977] DRI: DOWN(D:3) TL:False Ret:-11.7% Correct:True
[START 264/1977] LKQ 2021Q4 (LOSER)
[DEBUG] CompareWithPeers bucket size before helper: 4
[DEBUG] CompareWithPeers bucket size after helper: 4
[DEBUG] CompareWithPeers bucket size before helper: 4
[DEBUG] CompareWithPeers bucket size before helper: 3
[DEBUG] CompareWithPeers bucket size after helper: 4
[DEBUG] CompareWithPeers bucket size after helper: 3
[DONE 255/1977] MAR: DOWN(D:4) TL:False Ret:14.9% Correct:False
[START 265/1977] F 2023Q2 (LOSER)
[DEBUG] CompareWithPeers bucket size before helper: 2
[DONE 256/1977] BAC: DOWN(D:4) TL:False Ret:16.7% Correct:False
[START 266/1977] UAL 2022Q3 (GAINER)
[DEBUG] CompareWithPeers bucket size after helper: 2
[DONE 257/1977] RTX: DOWN(D:4) TL:False Ret:-13.9% Correct:True
[START 267/1977] APD 2019Q1 (GAINER)
[DEBUG] CompareWithPeers bucket size before helper: 3
[DEBUG] CompareWithPeers bucket size after helper: 3
[DONE 258/1977] NCLH: DOWN(D:4) TL:False Ret:12.7% Correct:False
[START 268/1977] NVDA 2022Q1 (GAINER)
[DEBUG] CompareWithPeers bucket size before helper: 4
[DONE 259/1977] EA: DOWN(D:3) TL:False Ret:13.4% Correct:False
[START 269/1977] TXT 2021Q1 (GAINER)
[DEBUG] CompareWithPeers bucket size after helper: 4
[DEBUG] CompareWithPeers bucket size before helper: 3
[DEBUG] CompareWithPeers bucket size after helper: 3
[DEBUG] CompareWithPeers bucket size before helper: 4
[DONE 260/1977] PAYX: UP(D:7) TL:True Ret:14.4% Correct:True
[START 270/1977] ALGN 2019Q3 (GAINER)
[DEBUG] CompareWithPeers bucket size before helper: 2
[DEBUG] CompareWithPeers bucket size after helper: 4
[DEBUG] CompareWithPeers bucket size after helper: 2
[DEBUG] CompareWithPeers bucket size before helper: 3
[DEBUG] CompareWithPeers bucket size after helper: 3
[DONE 261/1977] LKQ: DOWN(D:4) TL:False Ret:-18.7% Correct:True
[START 271/1977] ALL 2022Q4 (LOSER)
[DONE 262/1977] FRT: DOWN(D:4) TL:False Ret:-22.1% Correct:True
[START 272/1977] IFF 2021Q2 (LOSER)
[DONE 263/1977] F: UP(D:7) TL:False Ret:-10.0% Correct:False
[START 273/1977] PANW 2021Q4 (GAINER)
[DEBUG] CompareWithPeers bucket size before helper: 4
[DEBUG] CompareWithPeers bucket size before helper: 5
[DONE 264/1977] UAL: DOWN(D:4) TL:False Ret:17.8% Correct:False
[START 274/1977] FFIV 2019Q2 (LOSER)
[DEBUG] CompareWithPeers bucket size after helper: 5
[DEBUG] CompareWithPeers bucket size after helper: 4
[DEBUG] CompareWithPeers bucket size before helper: 3
[DEBUG] CompareWithPeers bucket size after helper: 3
[DEBUG] CompareWithPeers bucket size before helper: 0
[DEBUG] CompareWithPeers bucket size after helper: 0
[DONE 265/1977] NVDA: DOWN(D:4) TL:False Ret:30.6% Correct:False
[START 275/1977] CCL 2021Q2 (LOSER)
[DONE 266/1977] COST: DOWN(D:4) TL:False Ret:15.8% Correct:False
[START 276/1977] WFC 2022Q3 (GAINER)
[DONE 267/1977] T: UP(D:6) TL:False Ret:17.0% Correct:True
[START 277/1977] ABBV 2020Q1 (GAINER)
[DONE 268/1977] APD: UP(D:6) TL:False Ret:17.5% Correct:True
[START 278/1977] AXON 2019Q3 (GAINER)
[DEBUG] CompareWithPeers bucket size before helper: 5
[DEBUG] CompareWithPeers bucket size after helper: 5
[DEBUG] CompareWithPeers bucket size before helper: 2
[DEBUG] CompareWithPeers bucket size after helper: 2
[DEBUG] CompareWithPeers bucket size before helper: 3
[DEBUG] CompareWithPeers bucket size after helper: 3
[DONE 269/1977] TXT: UP(D:7) TL:True Ret:10.7% Correct:True
[START 279/1977] DVN 2020Q2 (LOSER)
[DONE 270/1977] ALGN: UP(D:7) TL:False Ret:26.8% Correct:True
[START 280/1977] J 2020Q3 (GAINER)
[DONE 271/1977] IFF: UP(D:7) TL:False Ret:-12.2% Correct:False
[START 281/1977] APO 2022Q3 (GAINER)
[DEBUG] CompareWithPeers bucket size before helper: 0
[DEBUG] CompareWithPeers bucket size after helper: 0
[DEBUG] CompareWithPeers bucket size before helper: 0
[DEBUG] CompareWithPeers bucket size after helper: 0
[DEBUG] CompareWithPeers bucket size before helper: 0
[DEBUG] CompareWithPeers bucket size after helper: 0
[DONE 272/1977] PANW: UP(D:7) TL:True Ret:30.5% Correct:True
[START 282/1977] NOW 2020Q4 (LOSER)
[DONE 273/1977] FFIV: DOWN(D:4) TL:False Ret:-14.5% Correct:True
[START 283/1977] AVGO 2023Q2 (GAINER)
[DEBUG] CompareWithPeers bucket size before helper: 2
[DONE 274/1977] ALL: UP(D:6) TL:False Ret:-18.0% Correct:False
[START 284/1977] BLDR 2022Q3 (GAINER)
[DEBUG] CompareWithPeers bucket size after helper: 2
[DEBUG] CompareWithPeers bucket size before helper: 2
[DEBUG] CompareWithPeers bucket size before helper: 0
[DEBUG] CompareWithPeers bucket size after helper: 0
[DEBUG] CompareWithPeers bucket size after helper: 2
[DEBUG] CompareWithPeers bucket size before helper: 2
[DEBUG] CompareWithPeers bucket size after helper: 2

======================================================================
📊 PROGRESS REPORT [275/1977] (13.9%)
======================================================================
⏱️  Elapsed: 50.2 min | ETA: 310.7 min | Avg: 11.0s/sample
✅ Success: 275 | ❌ Failed: 0
🎯 Overall Accuracy: 58.2% (160/275)
📈 Long-only: 19 trades | Win Rate: 84.2% (16/19) | Avg Ret: +15.1%
💰 Total Cost: $1.1698 | Avg: $0.0043/sample
======================================================================

[DONE 275/1977] CCL: DOWN(D:4) TL:False Ret:-18.0% Correct:True
[START 285/1977] CFG 2020Q3 (GAINER)
[DONE 276/1977] WFC: UP(D:6) TL:False Ret:10.9% Correct:True
[START 286/1977] CPAY 2022Q1 (LOSER)
[DONE 277/1977] AXON: UP(D:8) TL:False Ret:37.8% Correct:True
[START 287/1977] MSI 2019Q4 (LOSER)
[DEBUG] CompareWithPeers bucket size before helper: 2
[DEBUG] CompareWithPeers bucket size after helper: 2
[DONE 278/1977] DVN: DOWN(D:4) TL:False Ret:-24.0% Correct:True
[START 288/1977] VTRS 2022Q4 (LOSER)
[DEBUG] CompareWithPeers bucket size before helper: 0
[DEBUG] CompareWithPeers bucket size after helper: 0
[DEBUG] CompareWithPeers bucket size before helper: 0
[DEBUG] CompareWithPeers bucket size after helper: 0
[DEBUG] CompareWithPeers bucket size before helper: 4
[DONE 279/1977] J: UP(D:6) TL:False Ret:11.1% Correct:True
[START 289/1977] STX 2021Q3 (GAINER)
[DEBUG] CompareWithPeers bucket size before helper: 2
[DEBUG] CompareWithPeers bucket size after helper: 4
[DONE 280/1977] ABBV: DOWN(D:4) TL:False Ret:13.2% Correct:False
[START 290/1977] AKAM 2021Q1 (GAINER)
[DONE 281/1977] APO: DOWN(D:4) TL:False Ret:12.1% Correct:False
[START 291/1977] SLB 2019Q1 (LOSER)
[DEBUG] CompareWithPeers bucket size after helper: 2
[DEBUG] CompareWithPeers bucket size before helper: 3
[DONE 282/1977] NOW: UP(D:7) TL:False Ret:-10.4% Correct:False
[START 292/1977] DLTR 2021Q4 (GAINER)
[DEBUG] CompareWithPeers bucket size after helper: 3
[DONE 283/1977] BLDR: UP(D:6) TL:False Ret:14.2% Correct:True
[START 293/1977] VLO 2021Q4 (GAINER)
[DEBUG] CompareWithPeers bucket size before helper: 2
[DONE 284/1977] AVGO: DOWN(D:4) TL:False Ret:14.4% Correct:False
[START 294/1977] MO 2020Q4 (GAINER)
[DEBUG] CompareWithPeers bucket size after helper: 2
[DEBUG] CompareWithPeers bucket size before helper: 2
[DEBUG] CompareWithPeers bucket size after helper: 2
[DEBUG] CompareWithPeers bucket size before helper: 2
[DEBUG] CompareWithPeers bucket size before helper: 3
[DEBUG] CompareWithPeers bucket size after helper: 2
[DEBUG] CompareWithPeers bucket size before helper: 4
[DEBUG] CompareWithPeers bucket size after helper: 3
[DEBUG] CompareWithPeers bucket size after helper: 4
[DONE 285/1977] CFG: DOWN(D:5) TL:False Ret:29.5% Correct:False
[START 295/1977] HPE 2020Q1 (LOSER)
[DONE 286/1977] MSI: DOWN(D:4) TL:False Ret:-30.4% Correct:True
[START 296/1977] TSLA 2023Q2 (LOSER)
[DONE 287/1977] STX: UP(D:7) TL:True Ret:17.3% Correct:True
[START 297/1977] OXY 2021Q3 (LOSER)
[DEBUG] CompareWithPeers bucket size before helper: 0
[DEBUG] CompareWithPeers bucket size after helper: 0
[DEBUG] CompareWithPeers bucket size before helper: 0
[DEBUG] CompareWithPeers bucket size after helper: 0
[DEBUG] CompareWithPeers bucket size before helper: 2
[DONE 288/1977] CPAY: UP(D:6) TL:False Ret:-11.3% Correct:False
[START 298/1977] GNRC 2023Q2 (LOSER)
[DEBUG] CompareWithPeers bucket size after helper: 2
[DEBUG] CompareWithPeers bucket size before helper: 3
[DONE 289/1977] VTRS: DOWN(D:4) TL:False Ret:-13.9% Correct:True
[START 299/1977] CTVA 2020Q3 (GAINER)
[DONE 290/1977] SLB: DOWN(D:3) TL:False Ret:-25.1% Correct:True
[START 300/1977] PAYC 2021Q3 (LOSER)
[DONE 291/1977] AKAM: UP(D:6) TL:False Ret:11.0% Correct:True
[START 301/1977] O 2022Q2 (LOSER)
[DEBUG] CompareWithPeers bucket size after helper: 3
[DEBUG] CompareWithPeers bucket size before helper: 4
[DONE 292/1977] DLTR: UP(D:6) TL:False Ret:18.3% Correct:True
[START 302/1977] ON 2019Q3 (GAINER)
[DEBUG] CompareWithPeers bucket size after helper: 4
[DONE 293/1977] VLO: DOWN(D:5) TL:False Ret:12.8% Correct:False
[START 303/1977] AES 2023Q2 (LOSER)
[DEBUG] CompareWithPeers bucket size before helper: 2
[DEBUG] CompareWithPeers bucket size after helper: 2
[DONE 294/1977] MO: DOWN(D:4) TL:False Ret:16.3% Correct:False
[START 304/1977] MGM 2021Q4 (LOSER)
[DEBUG] CompareWithPeers bucket size before helper: 2
[DONE 295/1977] HPE: DOWN(D:3) TL:False Ret:-26.1% Correct:True
[START 305/1977] MCD 2019Q4 (LOSER)
[DEBUG] CompareWithPeers bucket size after helper: 2
[DEBUG] CompareWithPeers bucket size before helper: 2
[DEBUG] CompareWithPeers bucket size after helper: 2
[DEBUG] CompareWithPeers bucket size before helper: 3
[DEBUG] CompareWithPeers bucket size after helper: 3
[DONE 296/1977] TSLA: DOWN(D:4) TL:False Ret:-11.4% Correct:True
[START 306/1977] BLDR 2022Q1 (LOSER)
[DONE 297/1977] PAYC: DOWN(D:4) TL:False Ret:-27.8% Correct:True
[START 307/1977] ISRG 2019Q4 (LOSER)
[DONE 298/1977] OXY: UP(D:7) TL:True Ret:-14.4% Correct:False
[START 308/1977] HUM 2021Q2 (LOSER)
[DEBUG] CompareWithPeers bucket size before helper: 3
[DEBUG] CompareWithPeers bucket size after helper: 3
[DEBUG] CompareWithPeers bucket size before helper: 2
[DEBUG] CompareWithPeers bucket size before helper: 4
[DEBUG] CompareWithPeers bucket size before helper: 2
[DEBUG] CompareWithPeers bucket size after helper: 2
[DEBUG] CompareWithPeers bucket size after helper: 4
[DEBUG] CompareWithPeers bucket size after helper: 2
[DONE 299/1977] ON: DOWN(D:4) TL:False Ret:14.6% Correct:False
[START 309/1977] OTIS 2021Q1 (GAINER)
[DEBUG] CompareWithPeers bucket size before helper: 3

======================================================================
📊 PROGRESS REPORT [300/1977] (15.2%)
======================================================================
⏱️  Elapsed: 54.7 min | ETA: 305.6 min | Avg: 10.9s/sample
✅ Success: 300 | ❌ Failed: 0
🎯 Overall Accuracy: 58.3% (175/300)
📈 Long-only: 21 trades | Win Rate: 81.0% (17/21) | Avg Ret: +13.8%
💰 Total Cost: $1.2789 | Avg: $0.0043/sample
======================================================================

[DONE 300/1977] MGM: DOWN(D:4) TL:False Ret:-13.0% Correct:True
[START 310/1977] MU 2021Q1 (GAINER)
[DONE 301/1977] AES: DOWN(D:3) TL:False Ret:-17.3% Correct:True
[START 311/1977] AME 2022Q1 (LOSER)
[DEBUG] CompareWithPeers bucket size after helper: 3
[DONE 302/1977] MCD: UP(D:6) TL:False Ret:-19.1% Correct:False
[START 312/1977] AZO 2019Q3 (GAINER)
[DEBUG] CompareWithPeers bucket size before helper: 0
[DEBUG] CompareWithPeers bucket size after helper: 0
[DONE 303/1977] CTVA: UP(D:6) TL:True Ret:20.2% Correct:True
[START 313/1977] TSLA 2020Q4 (LOSER)
[DEBUG] CompareWithPeers bucket size before helper: 5
[DEBUG] CompareWithPeers bucket size before helper: 0
[DEBUG] CompareWithPeers bucket size after helper: 0
[DEBUG] CompareWithPeers bucket size after helper: 5
[DEBUG] CompareWithPeers bucket size before helper: 5
[DONE 304/1977] GNRC: DOWN(D:3) TL:False Ret:-27.0% Correct:True
[START 314/1977] XYZ 2022Q1 (LOSER)
[DEBUG] CompareWithPeers bucket size before helper: 0
[DEBUG] CompareWithPeers bucket size after helper: 0
[DEBUG] CompareWithPeers bucket size after helper: 5
[DONE 305/1977] O: UP(D:6) TL:False Ret:-10.7% Correct:False
[START 315/1977] MAR 2020Q3 (GAINER)
[DONE 306/1977] ISRG: DOWN(D:4) TL:False Ret:-17.0% Correct:True
[START 316/1977] BLK 2020Q3 (GAINER)
[DONE 307/1977] HUM: DOWN(D:3) TL:False Ret:-10.8% Correct:True
[START 317/1977] URI 2022Q3 (GAINER)
[DONE 308/1977] BLDR: UP(D:7) TL:False Ret:-21.1% Correct:False
[START 318/1977] EPAM 2021Q1 (GAINER)
[DEBUG] CompareWithPeers bucket size before helper: 4
[DEBUG] CompareWithPeers bucket size after helper: 4
[DEBUG] CompareWithPeers bucket size before helper: 3
[DEBUG] CompareWithPeers bucket size before helper: 3
[DEBUG] CompareWithPeers bucket size after helper: 3
[DEBUG] CompareWithPeers bucket size after helper: 3
[DONE 309/1977] OTIS: UP(D:7) TL:True Ret:13.4% Correct:True
[START 319/1977] PM 2022Q3 (GAINER)
[DEBUG] CompareWithPeers bucket size before helper: 0
[DEBUG] CompareWithPeers bucket size after helper: 0
[DEBUG] CompareWithPeers bucket size before helper: 3
[DONE 310/1977] AME: DOWN(D:5) TL:False Ret:-11.1% Correct:True
[START 320/1977] JKHY 2023Q2 (LOSER)
[DONE 311/1977] MU: DOWN(D:4) TL:False Ret:11.9% Correct:False
[START 321/1977] GM 2023Q4 (GAINER)
[DONE 312/1977] AZO: UP(D:6) TL:False Ret:15.6% Correct:True
[START 322/1977] KR 2022Q4 (GAINER)
[DEBUG] CompareWithPeers bucket size after helper: 3
[DEBUG] CompareWithPeers bucket size before helper: 5
[DEBUG] CompareWithPeers bucket size after helper: 5
[DEBUG] CompareWithPeers bucket size before helper: 0
[DEBUG] CompareWithPeers bucket size after helper: 0
[DEBUG] CompareWithPeers bucket size before helper: 0
[DEBUG] CompareWithPeers bucket size after helper: 0
[DONE 313/1977] TSLA: DOWN(D:4) TL:False Ret:-19.7% Correct:True
[START 323/1977] UNH 2020Q1 (GAINER)
[DONE 314/1977] XYZ: DOWN(D:2) TL:False Ret:-45.2% Correct:True
[START 324/1977] LNT 2019Q4 (LOSER)
[DEBUG] CompareWithPeers bucket size before helper: 6
[DONE 315/1977] BLK: DOWN(D:4) TL:False Ret:13.7% Correct:False
[START 325/1977] WST 2019Q4 (LOSER)
[DONE 316/1977] MAR: DOWN(D:4) TL:False Ret:26.2% Correct:False
[START 326/1977] AMD 2019Q3 (GAINER)
[DEBUG] CompareWithPeers bucket size after helper: 6
[DEBUG] CompareWithPeers bucket size before helper: 3
[DEBUG] CompareWithPeers bucket size before helper: 3
[DEBUG] CompareWithPeers bucket size after helper: 3
[DEBUG] CompareWithPeers bucket size after helper: 3
[DONE 317/1977] URI: DOWN(D:4) TL:False Ret:19.0% Correct:False
[START 327/1977] ADM 2019Q3 (GAINER)
[DEBUG] CompareWithPeers bucket size before helper: 3
[DEBUG] CompareWithPeers bucket size after helper: 3
[DONE 318/1977] EPAM: UP(D:6) TL:False Ret:10.7% Correct:True
[START 328/1977] AMCR 2020Q1 (GAINER)
[DEBUG] CompareWithPeers bucket size before helper: 0
[DEBUG] CompareWithPeers bucket size after helper: 0
[DEBUG] CompareWithPeers bucket size before helper: 0
[DEBUG] CompareWithPeers bucket size after helper: 0
[DONE 319/1977] PM: UP(D:4) TL:False Ret:20.6% Correct:True
[START 329/1977] RMD 2023Q4 (LOSER)
[DEBUG] CompareWithPeers bucket size before helper: 4
[DEBUG] CompareWithPeers bucket size after helper: 4
[DONE 320/1977] JKHY: DOWN(D:2) TL:False Ret:-19.2% Correct:True
[START 330/1977] CMG 2020Q1 (GAINER)
[DEBUG] CompareWithPeers bucket size before helper: 5
[DONE 321/1977] GM: DOWN(D:4) TL:False Ret:13.8% Correct:False
[START 331/1977] AXP 2019Q4 (LOSER)
[DEBUG] CompareWithPeers bucket size after helper: 5
[DONE 322/1977] KR: DOWN(D:4) TL:False Ret:18.1% Correct:False
[START 332/1977] WDC 2020Q2 (LOSER)
[DONE 323/1977] UNH: DOWN(D:4) TL:False Ret:12.4% Correct:False
[START 333/1977] GPN 2023Q2 (GAINER)
[DEBUG] CompareWithPeers bucket size before helper: 3
[DEBUG] CompareWithPeers bucket size after helper: 3
[DONE 324/1977] LNT: DOWN(D:4) TL:False Ret:-24.2% Correct:True
[START 334/1977] CTSH 2022Q1 (LOSER)

======================================================================
📊 PROGRESS REPORT [325/1977] (16.4%)
======================================================================
⏱️  Elapsed: 58.5 min | ETA: 297.2 min | Avg: 10.8s/sample
✅ Success: 325 | ❌ Failed: 0
🎯 Overall Accuracy: 58.5% (190/325)
📈 Long-only: 23 trades | Win Rate: 82.6% (19/23) | Avg Ret: +14.0%
💰 Total Cost: $1.3853 | Avg: $0.0043/sample
======================================================================

[DONE 325/1977] AMD: UP(D:7) TL:False Ret:10.1% Correct:True
[START 335/1977] ALGN 2022Q3 (LOSER)
[DEBUG] CompareWithPeers bucket size before helper: 0
[DEBUG] CompareWithPeers bucket size after helper: 0
[DEBUG] CompareWithPeers bucket size before helper: 0
[DEBUG] CompareWithPeers bucket size after helper: 0
[DONE 326/1977] WST: UP(D:6) TL:False Ret:-13.0% Correct:False
[START 336/1977] CARR 2020Q3 (GAINER)
[DEBUG] CompareWithPeers bucket size before helper: 0
[DEBUG] CompareWithPeers bucket size after helper: 0
[DONE 327/1977] ADM: UP(D:6) TL:False Ret:11.5% Correct:True
[START 337/1977] XYZ 2023Q2 (LOSER)
[DEBUG] CompareWithPeers bucket size before helper: 3
[DONE 328/1977] AMCR: DOWN(D:5) TL:False Ret:10.4% Correct:False
[START 338/1977] VRSN 2019Q4 (LOSER)
[DEBUG] CompareWithPeers bucket size after helper: 3
[DONE 329/1977] RMD: DOWN(D:3) TL:False Ret:-33.6% Correct:True
[START 339/1977] INTC 2022Q4 (LOSER)
[DEBUG] CompareWithPeers bucket size before helper: 2
[DEBUG] CompareWithPeers bucket size after helper: 2
[DEBUG] CompareWithPeers bucket size before helper: 5
[DEBUG] CompareWithPeers bucket size after helper: 5
[DONE 330/1977] GPN: DOWN(D:5) TL:False Ret:14.1% Correct:False
[START 340/1977] PH 2023Q3 (GAINER)
[DONE 331/1977] WDC: DOWN(D:4) TL:False Ret:-50.3% Correct:True
[START 341/1977] ULTA 2023Q4 (LOSER)
[DEBUG] CompareWithPeers bucket size before helper: 0
[DEBUG] CompareWithPeers bucket size after helper: 0
[DEBUG] CompareWithPeers bucket size before helper: 4
[DEBUG] CompareWithPeers bucket size after helper: 4
[DEBUG] CompareWithPeers bucket size before helper: 2
[DEBUG] CompareWithPeers bucket size after helper: 2
[DONE 332/1977] CTSH: DOWN(D:3) TL:False Ret:-21.2% Correct:True
[START 342/1977] BLK 2023Q3 (GAINER)
[DONE 333/1977] ALGN: DOWN(D:3) TL:False Ret:-14.8% Correct:True
[START 343/1977] CL 2021Q4 (LOSER)
[DEBUG] CompareWithPeers bucket size before helper: 3
[DEBUG] CompareWithPeers bucket size after helper: 3
[DEBUG] CompareWithPeers bucket size before helper: 0
[DEBUG] CompareWithPeers bucket size after helper: 0
[DONE 334/1977] XYZ: UP(D:4) TL:False Ret:-30.3% Correct:False
[START 344/1977] KLAC 2022Q2 (LOSER)
[DONE 335/1977] CARR: UP(D:6) TL:False Ret:11.6% Correct:True
[START 345/1977] FCX 2020Q4 (GAINER)
[DEBUG] CompareWithPeers bucket size before helper: 0
[DEBUG] CompareWithPeers bucket size after helper: 0
[DONE 336/1977] VRSN: DOWN(D:4) TL:False Ret:-30.3% Correct:True
[START 346/1977] GNRC 2023Q1 (GAINER)
[DEBUG] CompareWithPeers bucket size before helper: 2
[DEBUG] CompareWithPeers bucket size after helper: 2
[DEBUG] CompareWithPeers bucket size before helper: 3
[DONE 337/1977] AXP: DOWN(D:5) TL:False Ret:-25.2% Correct:True
[START 347/1977] ABBV 2022Q1 (LOSER)
[DEBUG] CompareWithPeers bucket size before helper: 2
[DEBUG] CompareWithPeers bucket size after helper: 3
[DONE 338/1977] INTC: DOWN(D:4) TL:False Ret:-10.4% Correct:True
[START 348/1977] ECL 2020Q3 (GAINER)
[DEBUG] CompareWithPeers bucket size after helper: 2
[DEBUG] CompareWithPeers bucket size before helper: 2
[DEBUG] CompareWithPeers bucket size after helper: 2
[DONE 339/1977] PH: UP(D:7) TL:False Ret:14.2% Correct:True
[START 349/1977] GD 2020Q4 (GAINER)
[DONE 340/1977] CMG: DOWN(D:4) TL:False Ret:32.4% Correct:False
[START 350/1977] LRCX 2019Q2 (GAINER)
[DEBUG] CompareWithPeers bucket size before helper: 4
[DEBUG] CompareWithPeers bucket size after helper: 4
[DEBUG] CompareWithPeers bucket size before helper: 0
[DEBUG] CompareWithPeers bucket size after helper: 0
[DONE 341/1977] ULTA: DOWN(D:4) TL:False Ret:-27.5% Correct:True
[START 351/1977] IRM 2023Q4 (GAINER)
[DEBUG] CompareWithPeers bucket size before helper: 5
[DEBUG] CompareWithPeers bucket size before helper: 3
[DEBUG] CompareWithPeers bucket size after helper: 5
[DONE 342/1977] CL: DOWN(D:5) TL:False Ret:-10.6% Correct:True
[START 352/1977] ITW 2021Q4 (LOSER)
[DEBUG] CompareWithPeers bucket size before helper: 3
[DEBUG] CompareWithPeers bucket size after helper: 3
[DONE 343/1977] BLK: DOWN(D:4) TL:False Ret:14.9% Correct:False
[START 353/1977] PH 2020Q2 (LOSER)
[DEBUG] CompareWithPeers bucket size after helper: 3
[DEBUG] CompareWithPeers bucket size before helper: 3
[DEBUG] CompareWithPeers bucket size after helper: 3
[DEBUG] CompareWithPeers bucket size before helper: 4
[DONE 344/1977] ECL: DOWN(D:4) TL:False Ret:14.0% Correct:False
[START 354/1977] CAT 2019Q2 (LOSER)
[DONE 345/1977] KLAC: UP(D:6) TL:False Ret:-11.6% Correct:False
[START 355/1977] BR 2019Q3 (GAINER)
[DONE 346/1977] FCX: DOWN(D:4) TL:False Ret:18.9% Correct:False
[START 356/1977] BBY 2022Q3 (LOSER)
[DEBUG] CompareWithPeers bucket size after helper: 4
[DONE 347/1977] GNRC: DOWN(D:3) TL:False Ret:18.7% Correct:False
[START 357/1977] EFX 2022Q4 (LOSER)
[DEBUG] CompareWithPeers bucket size before helper: 3
[DEBUG] CompareWithPeers bucket size after helper: 3
[DEBUG] CompareWithPeers bucket size before helper: 0
[DEBUG] CompareWithPeers bucket size after helper: 0
[DONE 348/1977] ABBV: DOWN(D:4) TL:False Ret:-10.8% Correct:True
[START 358/1977] UBER 2021Q3 (LOSER)
[DONE 349/1977] LRCX: UP(D:7) TL:False Ret:21.2% Correct:True
[START 359/1977] DAY 2020Q4 (LOSER)
[DEBUG] CompareWithPeers bucket size before helper: 4

======================================================================
📊 PROGRESS REPORT [350/1977] (17.7%)
======================================================================
⏱️  Elapsed: 63.1 min | ETA: 293.2 min | Avg: 10.8s/sample
✅ Success: 350 | ❌ Failed: 0
🎯 Overall Accuracy: 58.3% (204/350)
📈 Long-only: 23 trades | Win Rate: 82.6% (19/23) | Avg Ret: +14.0%
💰 Total Cost: $1.4872 | Avg: $0.0042/sample
======================================================================

[DONE 350/1977] GD: DOWN(D:4) TL:False Ret:14.9% Correct:False
[START 360/1977] VICI 2023Q3 (GAINER)
[DEBUG] CompareWithPeers bucket size after helper: 4
[DEBUG] CompareWithPeers bucket size before helper: 0
[DEBUG] CompareWithPeers bucket size after helper: 0
[DONE 351/1977] IRM: DOWN(D:4) TL:False Ret:14.8% Correct:False
[START 361/1977] TTD 2021Q4 (LOSER)
[DONE 352/1977] ITW: UP(D:6) TL:False Ret:-10.0% Correct:False
[START 362/1977] DOV 2021Q4 (LOSER)
[DEBUG] CompareWithPeers bucket size before helper: 0
[DEBUG] CompareWithPeers bucket size after helper: 0
[DEBUG] CompareWithPeers bucket size before helper: 3
[DEBUG] CompareWithPeers bucket size before helper: 3
[DEBUG] CompareWithPeers bucket size after helper: 3
[DEBUG] CompareWithPeers bucket size after helper: 3
[DONE 353/1977] PH: UP(D:6) TL:False Ret:-29.5% Correct:False
[START 363/1977] CI 2023Q1 (GAINER)
[DEBUG] CompareWithPeers bucket size before helper: 2
[DEBUG] CompareWithPeers bucket size after helper: 2
[DEBUG] CompareWithPeers bucket size before helper: 3
[DONE 354/1977] BR: DOWN(D:4) TL:False Ret:10.6% Correct:False
[START 364/1977] DXCM 2023Q2 (LOSER)
[DEBUG] CompareWithPeers bucket size after helper: 3
[DONE 355/1977] CAT: DOWN(D:3) TL:False Ret:-10.9% Correct:True
[START 365/1977] HCA 2021Q3 (LOSER)
[DONE 356/1977] BBY: DOWN(D:3) TL:False Ret:-25.4% Correct:True
[START 366/1977] VTRS 2023Q4 (LOSER)
[DEBUG] CompareWithPeers bucket size before helper: 5
[DEBUG] CompareWithPeers bucket size before helper: 0
[DEBUG] CompareWithPeers bucket size before helper: 4
[DEBUG] CompareWithPeers bucket size after helper: 5
[DEBUG] CompareWithPeers bucket size after helper: 0
[DEBUG] CompareWithPeers bucket size after helper: 4
[DONE 357/1977] UBER: UP(D:6) TL:False Ret:-13.2% Correct:False
[START 367/1977] TSCO 2020Q4 (GAINER)
[DONE 358/1977] TTD: UP(D:7) TL:False Ret:-14.0% Correct:False
[START 368/1977] ECL 2020Q1 (GAINER)
[DONE 359/1977] VICI: DOWN(D:4) TL:False Ret:10.7% Correct:False
[START 369/1977] NTRS 2021Q4 (LOSER)
[DEBUG] CompareWithPeers bucket size before helper: 4
[DONE 360/1977] DAY: DOWN(D:4) TL:False Ret:-22.7% Correct:True
[START 370/1977] BK 2021Q4 (LOSER)
[DEBUG] CompareWithPeers bucket size after helper: 4
[DEBUG] CompareWithPeers bucket size before helper: 3
[DEBUG] CompareWithPeers bucket size after helper: 3
[DONE 361/1977] DOV: DOWN(D:5) TL:False Ret:-11.4% Correct:True
[START 371/1977] AXON 2023Q2 (GAINER)
[DONE 362/1977] EFX: DOWN(D:3) TL:False Ret:-10.3% Correct:True
[START 372/1977] MPWR 2019Q3 (GAINER)
[DEBUG] CompareWithPeers bucket size before helper: 3
[DEBUG] CompareWithPeers bucket size before helper: 4
[DEBUG] CompareWithPeers bucket size before helper: 0
[DEBUG] CompareWithPeers bucket size after helper: 0
[DEBUG] CompareWithPeers bucket size after helper: 3
[DEBUG] CompareWithPeers bucket size after helper: 4
[DEBUG] CompareWithPeers bucket size before helper: 3
[DEBUG] CompareWithPeers bucket size after helper: 3
[DEBUG] CompareWithPeers bucket size before helper: 3
[DONE 363/1977] CI: UP(D:6) TL:False Ret:10.8% Correct:True
[START 373/1977] ROK 2022Q1 (LOSER)
[DEBUG] CompareWithPeers bucket size after helper: 3
[DONE 364/1977] DXCM: UP(D:7) TL:False Ret:-20.2% Correct:False
[DONE 365/1977] HCA: DOWN(D:4) TL:False Ret:-10.1% Correct:True
[START 374/1977] CRL 2019Q4 (LOSER)
[START 375/1977] TECH 2023Q4 (LOSER)
[DEBUG] CompareWithPeers bucket size before helper: 3
[DONE 366/1977] VTRS: DOWN(D:3) TL:False Ret:-12.5% Correct:True
[START 376/1977] ADM 2021Q4 (GAINER)
[DONE 367/1977] ECL: DOWN(D:4) TL:False Ret:20.5% Correct:False
[START 377/1977] AMAT 2020Q1 (LOSER)
[DEBUG] CompareWithPeers bucket size after helper: 3
[DEBUG] CompareWithPeers bucket size before helper: 0
[DEBUG] CompareWithPeers bucket size after helper: 0
[DONE 368/1977] TSCO: DOWN(D:4) TL:False Ret:11.3% Correct:False
[START 378/1977] QCOM 2019Q2 (LOSER)
[DONE 369/1977] NTRS: UP(D:3) TL:False Ret:-14.6% Correct:False
[START 379/1977] INVH 2020Q1 (GAINER)
[DEBUG] CompareWithPeers bucket size before helper: 3
[DEBUG] CompareWithPeers bucket size before helper: 0
[DEBUG] CompareWithPeers bucket size after helper: 0
[DEBUG] CompareWithPeers bucket size after helper: 3
[DEBUG] CompareWithPeers bucket size before helper: 3
[DEBUG] CompareWithPeers bucket size after helper: 3
[DONE 370/1977] BK: DOWN(D:4) TL:False Ret:-18.0% Correct:True
[START 380/1977] BALL 2023Q3 (GAINER)
[DONE 371/1977] AXON: UP(D:7) TL:False Ret:11.6% Correct:True
[START 381/1977] C 2021Q4 (LOSER)
[DEBUG] CompareWithPeers bucket size before helper: 2
[DONE 372/1977] MPWR: DOWN(D:5) TL:False Ret:12.6% Correct:False
[START 382/1977] ADSK 2023Q1 (LOSER)
[DEBUG] CompareWithPeers bucket size after helper: 2
[DEBUG] CompareWithPeers bucket size before helper: 2
[DEBUG] CompareWithPeers bucket size before helper: 2
[DEBUG] CompareWithPeers bucket size after helper: 2
[DEBUG] CompareWithPeers bucket size after helper: 2
[DONE 373/1977] ROK: DOWN(D:4) TL:False Ret:-13.8% Correct:True
[START 383/1977] LOW 2020Q4 (GAINER)
[DEBUG] CompareWithPeers bucket size before helper: 4
[DEBUG] CompareWithPeers bucket size after helper: 4
[DONE 374/1977] TECH: UP(D:4) TL:False Ret:-12.8% Correct:False
[START 384/1977] BALL 2020Q4 (LOSER)

======================================================================
📊 PROGRESS REPORT [375/1977] (19.0%)
======================================================================
⏱️  Elapsed: 67.0 min | ETA: 286.3 min | Avg: 10.7s/sample
✅ Success: 375 | ❌ Failed: 0
🎯 Overall Accuracy: 57.3% (215/375)
📈 Long-only: 23 trades | Win Rate: 82.6% (19/23) | Avg Ret: +14.0%
💰 Total Cost: $1.5923 | Avg: $0.0042/sample
======================================================================

[DONE 375/1977] CRL: UP(D:6) TL:False Ret:-24.3% Correct:False
[START 385/1977] LULU 2022Q4 (GAINER)
[DEBUG] CompareWithPeers bucket size before helper: 4
[DEBUG] CompareWithPeers bucket size after helper: 4
[DONE 376/1977] QCOM: DOWN(D:4) TL:False Ret:-20.4% Correct:True
[START 386/1977] ADBE 2021Q4 (LOSER)
[DEBUG] CompareWithPeers bucket size before helper: 0
[DEBUG] CompareWithPeers bucket size after helper: 0
[DEBUG] CompareWithPeers bucket size before helper: 0
[DEBUG] CompareWithPeers bucket size after helper: 0
[DONE 377/1977] ADM: UP(D:6) TL:False Ret:19.2% Correct:True
[START 387/1977] CMG 2021Q3 (LOSER)
[DONE 378/1977] AMAT: UP(D:6) TL:False Ret:-31.1% Correct:False
[START 388/1977] HLT 2020Q2 (GAINER)
[DONE 379/1977] INVH: UP(D:4) TL:False Ret:12.2% Correct:True
[START 389/1977] MDT 2022Q4 (LOSER)
[DEBUG] CompareWithPeers bucket size before helper: 3
[DEBUG] CompareWithPeers bucket size after helper: 3
[DONE 380/1977] BALL: DOWN(D:4) TL:False Ret:22.9% Correct:False
[START 390/1977] SMCI 2021Q1 (GAINER)
[DEBUG] CompareWithPeers bucket size before helper: 0
[DEBUG] CompareWithPeers bucket size after helper: 0
[DEBUG] CompareWithPeers bucket size before helper: 2
[DEBUG] CompareWithPeers bucket size after helper: 2
[DEBUG] CompareWithPeers bucket size before helper: 2
[DONE 381/1977] C: DOWN(D:4) TL:False Ret:-13.6% Correct:True
[START 391/1977] SJM 2019Q1 (LOSER)
[DEBUG] CompareWithPeers bucket size after helper: 2
[DONE 382/1977] LOW: DOWN(D:4) TL:False Ret:15.2% Correct:False
[START 392/1977] BALL 2021Q2 (GAINER)
[DEBUG] CompareWithPeers bucket size before helper: 4
[DEBUG] CompareWithPeers bucket size after helper: 4
[DEBUG] CompareWithPeers bucket size before helper: 2
[DEBUG] CompareWithPeers bucket size after helper: 2
[DONE 383/1977] LULU: UP(D:6) TL:False Ret:17.8% Correct:True
[START 393/1977] ABT 2022Q4 (LOSER)
[DEBUG] CompareWithPeers bucket size before helper: 4
[DONE 384/1977] BALL: DOWN(D:5) TL:False Ret:-10.7% Correct:True
[START 394/1977] NCLH 2023Q3 (GAINER)
[DEBUG] CompareWithPeers bucket size after helper: 4
[DEBUG] CompareWithPeers bucket size before helper: 2
[DONE 385/1977] HLT: DOWN(D:4) TL:False Ret:12.1% Correct:False
[START 395/1977] NRG 2023Q4 (GAINER)
[DEBUG] CompareWithPeers bucket size after helper: 2
[DEBUG] CompareWithPeers bucket size before helper: 4
[DEBUG] CompareWithPeers bucket size before helper: 2
[DONE 386/1977] ADSK: UP(D:7) TL:True Ret:-10.8% Correct:False
[START 396/1977] OXY 2022Q4 (GAINER)
[DEBUG] CompareWithPeers bucket size after helper: 4
[DEBUG] CompareWithPeers bucket size after helper: 2
[DONE 387/1977] MDT: DOWN(D:4) TL:False Ret:-16.0% Correct:True
[START 397/1977] MSFT 2023Q3 (GAINER)
[DONE 388/1977] SMCI: DOWN(D:4) TL:False Ret:29.3% Correct:False
[START 398/1977] O 2023Q3 (GAINER)
[DEBUG] CompareWithPeers bucket size before helper: 3
[DONE 389/1977] CMG: DOWN(D:4) TL:False Ret:-12.0% Correct:True
[START 399/1977] NUE 2021Q2 (GAINER)
[DEBUG] CompareWithPeers bucket size after helper: 3
[DEBUG] CompareWithPeers bucket size before helper: 0
[DEBUG] CompareWithPeers bucket size after helper: 0
[DEBUG] CompareWithPeers bucket size before helper: 3
[DONE 390/1977] SJM: DOWN(D:3) TL:False Ret:-12.3% Correct:True
[START 400/1977] ROL 2020Q4 (LOSER)
[DEBUG] CompareWithPeers bucket size after helper: 3
[DEBUG] CompareWithPeers bucket size before helper: 3
[DONE 391/1977] BALL: UP(D:6) TL:False Ret:16.9% Correct:True
[START 401/1977] PODD 2023Q4 (LOSER)
[DEBUG] CompareWithPeers bucket size after helper: 3
[DEBUG] CompareWithPeers bucket size before helper: 0
[DEBUG] CompareWithPeers bucket size after helper: 0
[DONE 392/1977] ABT: DOWN(D:4) TL:False Ret:-12.8% Correct:True
[START 402/1977] STT 2023Q2 (LOSER)
[DEBUG] CompareWithPeers bucket size before helper: 2
[DONE 393/1977] NCLH: UP(D:6) TL:False Ret:49.6% Correct:True
[START 403/1977] CRL 2019Q3 (GAINER)
[DEBUG] CompareWithPeers bucket size before helper: 4
[DEBUG] CompareWithPeers bucket size after helper: 2
[DEBUG] CompareWithPeers bucket size after helper: 4
[DONE 394/1977] ADBE: DOWN(D:3) TL:False Ret:-15.2% Correct:True
[START 404/1977] WAT 2023Q1 (LOSER)
[DEBUG] CompareWithPeers bucket size before helper: 3
[DONE 395/1977] O: DOWN(D:4) TL:False Ret:12.4% Correct:False
[START 405/1977] XYZ 2022Q3 (GAINER)
[DEBUG] CompareWithPeers bucket size after helper: 3
[DEBUG] CompareWithPeers bucket size before helper: 0
[DEBUG] CompareWithPeers bucket size after helper: 0
[DONE 396/1977] NRG: UP(D:7) TL:True Ret:38.0% Correct:True
[START 406/1977] NRG 2022Q2 (GAINER)
[DEBUG] CompareWithPeers bucket size before helper: 5
[DEBUG] CompareWithPeers bucket size after helper: 5
[DEBUG] CompareWithPeers bucket size before helper: 3
[DEBUG] CompareWithPeers bucket size after helper: 3
[DONE 397/1977] OXY: DOWN(D:4) TL:False Ret:10.6% Correct:False
[START 407/1977] GRMN 2021Q3 (LOSER)
[DONE 398/1977] MSFT: UP(D:6) TL:False Ret:18.1% Correct:True
[START 408/1977] UNP 2019Q4 (LOSER)
[DONE 399/1977] NUE: UP(D:7) TL:False Ret:21.5% Correct:True
[START 409/1977] AXP 2023Q3 (GAINER)
[DEBUG] CompareWithPeers bucket size before helper: 3

======================================================================
📊 PROGRESS REPORT [400/1977] (20.2%)
======================================================================
⏱️  Elapsed: 71.3 min | ETA: 281.2 min | Avg: 10.7s/sample
✅ Success: 400 | ❌ Failed: 0
🎯 Overall Accuracy: 58.0% (232/400)
📈 Long-only: 25 trades | Win Rate: 80.0% (20/25) | Avg Ret: +14.0%
💰 Total Cost: $1.7002 | Avg: $0.0043/sample
======================================================================

[DONE 400/1977] ROL: DOWN(D:4) TL:False Ret:-10.2% Correct:True
[START 410/1977] STX 2021Q2 (GAINER)
[DEBUG] CompareWithPeers bucket size after helper: 3
[DEBUG] CompareWithPeers bucket size before helper: 4
[DEBUG] CompareWithPeers bucket size after helper: 4
[DEBUG] CompareWithPeers bucket size before helper: 0
[DEBUG] CompareWithPeers bucket size after helper: 0
[DONE 401/1977] CRL: DOWN(D:4) TL:False Ret:17.8% Correct:False
[START 411/1977] DVA 2023Q3 (GAINER)
[DONE 402/1977] PODD: DOWN(D:4) TL:False Ret:-13.7% Correct:True
[START 412/1977] COP 2020Q4 (GAINER)
[DONE 403/1977] STT: UP(D:3) TL:False Ret:-12.8% Correct:False
[START 413/1977] COR 2023Q1 (LOSER)
[DEBUG] CompareWithPeers bucket size before helper: 0
[DEBUG] CompareWithPeers bucket size after helper: 0
[DEBUG] CompareWithPeers bucket size before helper: 4
[DEBUG] CompareWithPeers bucket size after helper: 4
[DONE 404/1977] WAT: DOWN(D:3) TL:False Ret:-12.2% Correct:True
[START 414/1977] MOS 2020Q2 (GAINER)
[DEBUG] CompareWithPeers bucket size before helper: 2
[DEBUG] CompareWithPeers bucket size after helper: 2
[DEBUG] CompareWithPeers bucket size before helper: 2
[DEBUG] CompareWithPeers bucket size after helper: 2
[DEBUG] CompareWithPeers bucket size before helper: 0
[DEBUG] CompareWithPeers bucket size after helper: 0
[DONE 405/1977] XYZ: DOWN(D:4) TL:False Ret:12.1% Correct:False
[START 415/1977] FICO 2020Q1 (LOSER)
[DEBUG] CompareWithPeers bucket size before helper: 0
[DEBUG] CompareWithPeers bucket size after helper: 0
[DONE 406/1977] NRG: DOWN(D:4) TL:False Ret:17.4% Correct:False
[START 416/1977] DG 2023Q4 (LOSER)
[DEBUG] CompareWithPeers bucket size before helper: 4
[DONE 407/1977] GRMN: DOWN(D:3) TL:False Ret:-15.6% Correct:True
[START 417/1977] GLW 2020Q1 (GAINER)
[DEBUG] CompareWithPeers bucket size after helper: 4
[DONE 408/1977] UNP: UP(D:6) TL:False Ret:-13.7% Correct:False
[START 418/1977] HSY 2021Q1 (GAINER)
[DONE 409/1977] AXP: DOWN(D:3) TL:False Ret:15.8% Correct:False
[START 419/1977] ZBH 2023Q2 (LOSER)
[DEBUG] CompareWithPeers bucket size before helper: 4
[DEBUG] CompareWithPeers bucket size after helper: 4
[DEBUG] CompareWithPeers bucket size before helper: 3
[DONE 410/1977] STX: DOWN(D:4) TL:False Ret:18.5% Correct:False
[START 420/1977] AIZ 2019Q4 (LOSER)
[DEBUG] CompareWithPeers bucket size after helper: 3
[DEBUG] CompareWithPeers bucket size before helper: 5
[DEBUG] CompareWithPeers bucket size after helper: 5
[DONE 411/1977] DVA: UP(D:7) TL:True Ret:30.8% Correct:True
[START 421/1977] NDAQ 2022Q1 (LOSER)
[DONE 412/1977] COP: DOWN(D:5) TL:False Ret:39.6% Correct:False
[START 422/1977] SNPS 2021Q1 (LOSER)
[DEBUG] CompareWithPeers bucket size before helper: 5
[DONE 413/1977] COR: DOWN(D:4) TL:False Ret:-10.0% Correct:True
[START 423/1977] RF 2021Q1 (GAINER)
[DEBUG] CompareWithPeers bucket size after helper: 5
[DEBUG] CompareWithPeers bucket size before helper: 4
[DEBUG] CompareWithPeers bucket size after helper: 4
[DEBUG] CompareWithPeers bucket size before helper: 2
[DEBUG] CompareWithPeers bucket size before helper: 4
[DEBUG] CompareWithPeers bucket size after helper: 2
[DEBUG] CompareWithPeers bucket size after helper: 4
[DEBUG] CompareWithPeers bucket size before helper: 3
[DEBUG] CompareWithPeers bucket size before helper: 3
[DONE 414/1977] MOS: DOWN(D:4) TL:False Ret:32.3% Correct:False
[START 424/1977] CDNS 2022Q4 (GAINER)
[DEBUG] CompareWithPeers bucket size after helper: 3
[DEBUG] CompareWithPeers bucket size after helper: 3
[DONE 415/1977] GLW: DOWN(D:3) TL:False Ret:28.8% Correct:False
[START 425/1977] HOLX 2020Q1 (LOSER)
[DONE 416/1977] DG: DOWN(D:3) TL:False Ret:-10.2% Correct:True
[START 426/1977] APD 2023Q1 (LOSER)
[DONE 417/1977] FICO: DOWN(D:4) TL:False Ret:-41.3% Correct:True
[START 427/1977] EFX 2023Q2 (LOSER)
[DEBUG] CompareWithPeers bucket size before helper: 2
[DONE 418/1977] ZBH: UP(D:6) TL:False Ret:-12.7% Correct:False
[START 428/1977] HD 2019Q4 (LOSER)
[DONE 419/1977] HSY: DOWN(D:5) TL:False Ret:10.0% Correct:False
[START 429/1977] SNPS 2019Q1 (GAINER)
[DEBUG] CompareWithPeers bucket size after helper: 2
[DEBUG] CompareWithPeers bucket size before helper: 3
[DEBUG] CompareWithPeers bucket size after helper: 3
[DEBUG] CompareWithPeers bucket size before helper: 3
[DEBUG] CompareWithPeers bucket size after helper: 3
[DONE 420/1977] NDAQ: DOWN(D:4) TL:False Ret:-14.5% Correct:True
[START 430/1977] AXON 2020Q3 (GAINER)
[DEBUG] CompareWithPeers bucket size before helper: 5
[DONE 421/1977] AIZ: DOWN(D:4) TL:False Ret:-24.5% Correct:True
[START 431/1977] NCLH 2019Q3 (GAINER)
[DEBUG] CompareWithPeers bucket size after helper: 5
[DEBUG] CompareWithPeers bucket size before helper: 4
[DONE 422/1977] SNPS: DOWN(D:4) TL:False Ret:-10.4% Correct:True
[START 432/1977] SLB 2020Q4 (GAINER)
[DEBUG] CompareWithPeers bucket size after helper: 4
[DEBUG] CompareWithPeers bucket size before helper: 3
[DEBUG] CompareWithPeers bucket size before helper: 2
[DEBUG] CompareWithPeers bucket size after helper: 3
[DEBUG] CompareWithPeers bucket size after helper: 2
[DONE 423/1977] HOLX: DOWN(D:4) TL:False Ret:-25.7% Correct:True
[START 433/1977] ZBH 2022Q1 (LOSER)
[DONE 424/1977] RF: DOWN(D:4) TL:False Ret:10.9% Correct:False
[START 434/1977] DECK 2022Q3 (LOSER)
[DEBUG] CompareWithPeers bucket size before helper: 4

======================================================================
📊 PROGRESS REPORT [425/1977] (21.5%)
======================================================================
⏱️  Elapsed: 75.5 min | ETA: 275.9 min | Avg: 10.7s/sample
✅ Success: 425 | ❌ Failed: 0
🎯 Overall Accuracy: 57.4% (244/425)
📈 Long-only: 27 trades | Win Rate: 81.5% (22/27) | Avg Ret: +14.5%
💰 Total Cost: $1.8162 | Avg: $0.0043/sample
======================================================================

[DONE 425/1977] CDNS: UP(D:7) TL:True Ret:10.9% Correct:True
[START 435/1977] MGM 2020Q2 (GAINER)
[DEBUG] CompareWithPeers bucket size after helper: 4
[DONE 426/1977] APD: DOWN(D:4) TL:False Ret:-13.6% Correct:True
[START 436/1977] TRMB 2022Q2 (LOSER)
[DEBUG] CompareWithPeers bucket size before helper: 2
[DONE 427/1977] AXON: UP(D:7) TL:False Ret:17.9% Correct:True
[START 437/1977] PEG 2021Q4 (GAINER)
[DEBUG] CompareWithPeers bucket size after helper: 2
[DEBUG] CompareWithPeers bucket size before helper: 2
[DEBUG] CompareWithPeers bucket size before helper: 2
[DEBUG] CompareWithPeers bucket size after helper: 2
[DEBUG] CompareWithPeers bucket size after helper: 2
[DONE 428/1977] HD: DOWN(D:4) TL:False Ret:-19.8% Correct:True
[START 438/1977] IQV 2023Q3 (GAINER)
[DONE 429/1977] EFX: DOWN(D:3) TL:False Ret:-13.0% Correct:True
[START 439/1977] CMS 2022Q3 (GAINER)
[DEBUG] CompareWithPeers bucket size before helper: 0
[DEBUG] CompareWithPeers bucket size after helper: 0
[DONE 430/1977] SNPS: DOWN(D:4) TL:False Ret:11.9% Correct:False
[START 440/1977] AMT 2021Q4 (GAINER)
[DEBUG] CompareWithPeers bucket size before helper: 3
[DEBUG] CompareWithPeers bucket size after helper: 3
[DEBUG] CompareWithPeers bucket size before helper: 0
[DEBUG] CompareWithPeers bucket size after helper: 0
[DONE 431/1977] NCLH: DOWN(D:5) TL:False Ret:10.6% Correct:False
[START 441/1977] EQT 2019Q1 (LOSER)
[DEBUG] CompareWithPeers bucket size before helper: 0
[DEBUG] CompareWithPeers bucket size after helper: 0
[DEBUG] CompareWithPeers bucket size before helper: 2
[DONE 432/1977] MGM: DOWN(D:4) TL:False Ret:38.6% Correct:False
[START 442/1977] CSCO 2022Q4 (LOSER)
[DEBUG] CompareWithPeers bucket size after helper: 2
[DEBUG] CompareWithPeers bucket size before helper: 2
[DEBUG] CompareWithPeers bucket size after helper: 2
[DEBUG] CompareWithPeers bucket size before helper: 0
[DEBUG] CompareWithPeers bucket size after helper: 0
[DONE 433/1977] TRMB: DOWN(D:3) TL:False Ret:-16.2% Correct:True
[START 443/1977] ALB 2021Q3 (LOSER)
[DONE 434/1977] ZBH: DOWN(D:4) TL:False Ret:-11.3% Correct:True
[START 444/1977] FDS 2019Q2 (GAINER)
[DONE 435/1977] SLB: UP(D:6) TL:False Ret:22.8% Correct:True
[START 445/1977] EA 2020Q3 (LOSER)
[DONE 436/1977] PEG: DOWN(D:4) TL:False Ret:12.6% Correct:False
[START 446/1977] SMCI 2023Q2 (GAINER)
[DEBUG] CompareWithPeers bucket size before helper: 3
[DONE 437/1977] DECK: DOWN(D:4) TL:False Ret:-13.6% Correct:True
[START 447/1977] SLB 2022Q1 (GAINER)
[DEBUG] CompareWithPeers bucket size after helper: 3
[DONE 438/1977] IQV: DOWN(D:4) TL:False Ret:27.5% Correct:False
[START 448/1977] LNT 2020Q4 (GAINER)
[DEBUG] CompareWithPeers bucket size before helper: 0
[DEBUG] CompareWithPeers bucket size after helper: 0
[DEBUG] CompareWithPeers bucket size before helper: 6
[DEBUG] CompareWithPeers bucket size after helper: 6
[DEBUG] CompareWithPeers bucket size before helper: 0
[DEBUG] CompareWithPeers bucket size after helper: 0
[DONE 439/1977] CMS: DOWN(D:5) TL:False Ret:11.3% Correct:False
[START 449/1977] WDC 2019Q1 (LOSER)
[DEBUG] CompareWithPeers bucket size before helper: 4
[DEBUG] CompareWithPeers bucket size before helper: 0
[DEBUG] CompareWithPeers bucket size after helper: 0
[DONE 440/1977] CSCO: DOWN(D:4) TL:False Ret:-14.3% Correct:True
[START 450/1977] PSA 2022Q1 (LOSER)
[DEBUG] CompareWithPeers bucket size after helper: 4
[DONE 441/1977] EQT: DOWN(D:3) TL:False Ret:-14.7% Correct:True
[START 451/1977] DLTR 2023Q4 (LOSER)
[DEBUG] CompareWithPeers bucket size before helper: 6
[DEBUG] CompareWithPeers bucket size after helper: 6
[DONE 442/1977] ALB: DOWN(D:4) TL:False Ret:-12.2% Correct:True
[START 452/1977] DVA 2022Q3 (LOSER)
[DONE 443/1977] AMT: DOWN(D:4) TL:False Ret:16.8% Correct:False
[START 453/1977] ROST 2022Q1 (LOSER)
[DEBUG] CompareWithPeers bucket size before helper: 0
[DEBUG] CompareWithPeers bucket size after helper: 0
[DEBUG] CompareWithPeers bucket size before helper: 3
[DEBUG] CompareWithPeers bucket size after helper: 3
[DEBUG] CompareWithPeers bucket size before helper: 3
[DEBUG] CompareWithPeers bucket size after helper: 3
[DONE 444/1977] SLB: DOWN(D:4) TL:False Ret:16.2% Correct:False
[START 454/1977] ISRG 2022Q3 (GAINER)
[DEBUG] CompareWithPeers bucket size before helper: 2
[DONE 445/1977] SMCI: UP(D:6) TL:False Ret:34.4% Correct:True
[START 455/1977] SLB 2021Q3 (LOSER)
[DEBUG] CompareWithPeers bucket size after helper: 2
[DONE 446/1977] LNT: DOWN(D:4) TL:False Ret:15.1% Correct:False
[START 456/1977] AAPL 2021Q1 (LOSER)
[DONE 447/1977] EA: UP(D:7) TL:False Ret:-20.6% Correct:False
[START 457/1977] FDS 2022Q2 (LOSER)
[DONE 448/1977] FDS: UP(D:6) TL:False Ret:18.4% Correct:True
[START 458/1977] UBER 2019Q4 (LOSER)
[DEBUG] CompareWithPeers bucket size before helper: 3
[DEBUG] CompareWithPeers bucket size before helper: 2
[DEBUG] CompareWithPeers bucket size after helper: 3
[DEBUG] CompareWithPeers bucket size after helper: 2
[DEBUG] CompareWithPeers bucket size before helper: 4
[DEBUG] CompareWithPeers bucket size after helper: 4
[DEBUG] CompareWithPeers bucket size before helper: 0
[DEBUG] CompareWithPeers bucket size after helper: 0
[DONE 449/1977] WDC: DOWN(D:3) TL:False Ret:-23.0% Correct:True
[START 459/1977] LKQ 2020Q3 (GAINER)

======================================================================
📊 PROGRESS REPORT [450/1977] (22.8%)
======================================================================
⏱️  Elapsed: 80.0 min | ETA: 271.6 min | Avg: 10.7s/sample
✅ Success: 450 | ❌ Failed: 0
🎯 Overall Accuracy: 57.6% (259/450)
📈 Long-only: 27 trades | Win Rate: 81.5% (22/27) | Avg Ret: +14.5%
💰 Total Cost: $1.9242 | Avg: $0.0043/sample
======================================================================

[DONE 450/1977] ROST: DOWN(D:3) TL:False Ret:-20.5% Correct:True
[START 460/1977] NWSA 2023Q2 (LOSER)
[DEBUG] CompareWithPeers bucket size before helper: 4
[DEBUG] CompareWithPeers bucket size before helper: 4
[DONE 451/1977] PSA: UP(D:7) TL:False Ret:-15.7% Correct:False
[START 461/1977] EIX 2021Q4 (GAINER)
[DEBUG] CompareWithPeers bucket size after helper: 4
[DEBUG] CompareWithPeers bucket size after helper: 4
[DEBUG] CompareWithPeers bucket size before helper: 0
[DEBUG] CompareWithPeers bucket size after helper: 0
[DONE 452/1977] DLTR: DOWN(D:3) TL:False Ret:-18.7% Correct:True
[START 462/1977] MKC 2022Q3 (GAINER)
[DEBUG] CompareWithPeers bucket size before helper: 5
[DONE 453/1977] DVA: DOWN(D:2) TL:False Ret:-22.6% Correct:True
[START 463/1977] WRB 2019Q4 (LOSER)
[DEBUG] CompareWithPeers bucket size after helper: 5
[DONE 454/1977] AAPL: DOWN(D:4) TL:False Ret:-14.8% Correct:True
[START 464/1977] AMD 2022Q2 (LOSER)
[DONE 455/1977] ISRG: UP(D:7) TL:True Ret:41.7% Correct:True
[START 465/1977] CMI 2023Q2 (LOSER)
[DEBUG] CompareWithPeers bucket size before helper: 4
[DEBUG] CompareWithPeers bucket size before helper: 2
[DEBUG] CompareWithPeers bucket size after helper: 4
[DEBUG] CompareWithPeers bucket size after helper: 2
[DONE 456/1977] SLB: UP(D:6) TL:False Ret:-12.5% Correct:False
[START 466/1977] LH 2020Q4 (GAINER)
[DONE 457/1977] UBER: UP(D:6) TL:False Ret:-39.6% Correct:False
[START 467/1977] DAL 2023Q2 (LOSER)
[DONE 458/1977] FDS: DOWN(D:4) TL:False Ret:-11.4% Correct:True
[START 468/1977] AEP 2020Q4 (GAINER)
[DEBUG] CompareWithPeers bucket size before helper: 9
[DEBUG] CompareWithPeers bucket size after helper: 9
[DEBUG] CompareWithPeers bucket size before helper: 2
[DEBUG] CompareWithPeers bucket size before helper: 2
[DEBUG] CompareWithPeers bucket size after helper: 2
[DEBUG] CompareWithPeers bucket size before helper: 0
[DEBUG] CompareWithPeers bucket size after helper: 0
[DEBUG] CompareWithPeers bucket size after helper: 2
[DONE 459/1977] EIX: UP(D:6) TL:False Ret:21.6% Correct:True
[START 469/1977] TPL 2021Q2 (LOSER)
[DONE 460/1977] NWSA: DOWN(D:3) TL:False Ret:-19.9% Correct:True
[START 470/1977] BA 2022Q1 (LOSER)
[DEBUG] CompareWithPeers bucket size before helper: 3
[DONE 461/1977] LKQ: UP(D:7) TL:True Ret:23.1% Correct:True
[START 471/1977] PSKY 2021Q3 (LOSER)
[DEBUG] CompareWithPeers bucket size after helper: 3
[DEBUG] CompareWithPeers bucket size before helper: 0
[DEBUG] CompareWithPeers bucket size after helper: 0
[DONE 462/1977] MKC: DOWN(D:3) TL:False Ret:13.4% Correct:False
[START 472/1977] AOS 2021Q4 (LOSER)
[DEBUG] CompareWithPeers bucket size before helper: 3
[DONE 463/1977] AMD: DOWN(D:4) TL:False Ret:-20.0% Correct:True
[START 473/1977] IBKR 2022Q4 (GAINER)
[DONE 464/1977] WRB: DOWN(D:4) TL:False Ret:-28.9% Correct:True
[START 474/1977] TMUS 2021Q1 (GAINER)
[DEBUG] CompareWithPeers bucket size after helper: 3
[DEBUG] CompareWithPeers bucket size before helper: 3
[DEBUG] CompareWithPeers bucket size after helper: 3
[DEBUG] CompareWithPeers bucket size before helper: 3
[DEBUG] CompareWithPeers bucket size before helper: 0
[DEBUG] CompareWithPeers bucket size after helper: 0
[DONE 465/1977] AEP: DOWN(D:4) TL:False Ret:11.4% Correct:False
[START 475/1977] PLTR 2021Q3 (LOSER)
[DEBUG] CompareWithPeers bucket size after helper: 3
[DONE 466/1977] DAL: UP(D:7) TL:False Ret:-12.6% Correct:False
[START 476/1977] FSLR 2021Q3 (LOSER)
[DEBUG] CompareWithPeers bucket size before helper: 4
[DONE 467/1977] CMI: DOWN(D:3) TL:False Ret:-10.2% Correct:True
[START 477/1977] APTV 2021Q4 (LOSER)
[DEBUG] CompareWithPeers bucket size after helper: 4
[DONE 468/1977] LH: DOWN(D:4) TL:False Ret:10.3% Correct:False
[START 478/1977] AEE 2022Q1 (LOSER)
[DEBUG] CompareWithPeers bucket size before helper: 4
[DEBUG] CompareWithPeers bucket size before helper: 6
[DEBUG] CompareWithPeers bucket size after helper: 4
[DEBUG] CompareWithPeers bucket size after helper: 6
[DEBUG] CompareWithPeers bucket size before helper: 0
[DEBUG] CompareWithPeers bucket size after helper: 0
[DONE 469/1977] PSKY: DOWN(D:4) TL:False Ret:-21.4% Correct:True
[START 479/1977] WDAY 2023Q1 (LOSER)
[DEBUG] CompareWithPeers bucket size before helper: 3
[DONE 470/1977] BA: DOWN(D:3) TL:False Ret:-19.9% Correct:True
[START 480/1977] WMB 2019Q4 (LOSER)
[DONE 471/1977] AOS: UP(D:7) TL:False Ret:-12.0% Correct:False
[START 481/1977] TMUS 2023Q1 (LOSER)
[DEBUG] CompareWithPeers bucket size after helper: 3
[DONE 472/1977] TPL: DOWN(D:4) TL:False Ret:-15.4% Correct:True
[START 482/1977] GE 2020Q3 (GAINER)
[DEBUG] CompareWithPeers bucket size before helper: 4
[DONE 473/1977] IBKR: UP(D:7) TL:True Ret:14.9% Correct:True
[START 483/1977] CCL 2021Q4 (GAINER)
[DEBUG] CompareWithPeers bucket size after helper: 4
[DEBUG] CompareWithPeers bucket size before helper: 4
[DEBUG] CompareWithPeers bucket size after helper: 4
[DEBUG] CompareWithPeers bucket size before helper: 3
[DEBUG] CompareWithPeers bucket size after helper: 3
[DEBUG] CompareWithPeers bucket size before helper: 4
[DONE 474/1977] TMUS: UP(D:8) TL:True Ret:14.0% Correct:True
[START 484/1977] ECL 2023Q3 (GAINER)
[DEBUG] CompareWithPeers bucket size after helper: 4
[DEBUG] CompareWithPeers bucket size before helper: 3

======================================================================
📊 PROGRESS REPORT [475/1977] (24.0%)
======================================================================
⏱️  Elapsed: 83.9 min | ETA: 265.4 min | Avg: 10.6s/sample
✅ Success: 475 | ❌ Failed: 0
🎯 Overall Accuracy: 57.9% (275/475)
📈 Long-only: 31 trades | Win Rate: 83.9% (26/31) | Avg Ret: +15.7%
💰 Total Cost: $2.0321 | Avg: $0.0043/sample
======================================================================

[DONE 475/1977] PLTR: UP(D:6) TL:False Ret:-29.4% Correct:False
[START 485/1977] CB 2022Q4 (LOSER)
[DEBUG] CompareWithPeers bucket size before helper: 3
[DEBUG] CompareWithPeers bucket size after helper: 3
[DEBUG] CompareWithPeers bucket size after helper: 3
[DONE 476/1977] AEE: DOWN(D:4) TL:False Ret:-11.6% Correct:True
[START 486/1977] AKAM 2022Q1 (LOSER)
[DONE 477/1977] APTV: DOWN(D:4) TL:False Ret:-15.1% Correct:True
[START 487/1977] NCLH 2022Q4 (LOSER)
[DONE 478/1977] FSLR: DOWN(D:4) TL:False Ret:-26.5% Correct:True
[START 488/1977] XEL 2023Q4 (LOSER)
[DEBUG] CompareWithPeers bucket size before helper: 2
[DEBUG] CompareWithPeers bucket size after helper: 2
[DEBUG] CompareWithPeers bucket size before helper: 3
[DEBUG] CompareWithPeers bucket size after helper: 3
[DONE 479/1977] WDAY: UP(D:4) TL:False Ret:-16.7% Correct:False
[START 489/1977] ATO 2021Q3 (LOSER)
[DEBUG] CompareWithPeers bucket size before helper: 4
[DEBUG] CompareWithPeers bucket size after helper: 4
[DEBUG] CompareWithPeers bucket size before helper: 4
[DEBUG] CompareWithPeers bucket size after helper: 4
[DEBUG] CompareWithPeers bucket size before helper: 3
[DEBUG] CompareWithPeers bucket size after helper: 3
[DONE 480/1977] TMUS: UP(D:7) TL:False Ret:-12.8% Correct:False
[START 490/1977] LEN 2022Q2 (GAINER)
[DONE 481/1977] CCL: UP(D:6) TL:False Ret:14.1% Correct:True
[START 491/1977] CTAS 2020Q4 (GAINER)
[DONE 482/1977] WMB: DOWN(D:4) TL:False Ret:-33.3% Correct:True
[START 492/1977] BLK 2019Q3 (GAINER)
[DONE 483/1977] ECL: UP(D:7) TL:True Ret:24.7% Correct:True
[START 493/1977] COR 2019Q1 (GAINER)
[DEBUG] CompareWithPeers bucket size before helper: 4
[DEBUG] CompareWithPeers bucket size after helper: 4
[DONE 484/1977] GE: DOWN(D:4) TL:False Ret:59.4% Correct:False
[START 494/1977] DLTR 2019Q2 (LOSER)
[DEBUG] CompareWithPeers bucket size before helper: 2
[DEBUG] CompareWithPeers bucket size after helper: 2
[DONE 485/1977] CB: DOWN(D:4) TL:False Ret:-15.7% Correct:True
[START 495/1977] NVDA 2019Q2 (GAINER)
[DEBUG] CompareWithPeers bucket size before helper: 3
[DONE 486/1977] NCLH: DOWN(D:4) TL:False Ret:-22.8% Correct:True
[START 496/1977] CPRT 2020Q2 (LOSER)
[DEBUG] CompareWithPeers bucket size before helper: 2
[DEBUG] CompareWithPeers bucket size after helper: 3
[DEBUG] CompareWithPeers bucket size after helper: 2
[DEBUG] CompareWithPeers bucket size before helper: 0
[DEBUG] CompareWithPeers bucket size after helper: 0
[DONE 487/1977] XEL: DOWN(D:4) TL:False Ret:-15.5% Correct:True
[START 497/1977] OMC 2023Q2 (LOSER)
[DEBUG] CompareWithPeers bucket size before helper: 3
[DONE 488/1977] ATO: DOWN(D:4) TL:False Ret:-10.4% Correct:True
[START 498/1977] BAX 2023Q2 (LOSER)
[DONE 489/1977] AKAM: DOWN(D:3) TL:False Ret:-23.1% Correct:True
[START 499/1977] PTC 2022Q2 (GAINER)
[DEBUG] CompareWithPeers bucket size after helper: 3
[DEBUG] CompareWithPeers bucket size before helper: 3
[DEBUG] CompareWithPeers bucket size before helper: 4
[DEBUG] CompareWithPeers bucket size after helper: 4
[DEBUG] CompareWithPeers bucket size after helper: 3
[DONE 490/1977] LEN: DOWN(D:4) TL:False Ret:27.7% Correct:False
[START 500/1977] CHD 2021Q3 (GAINER)
[DONE 491/1977] COR: DOWN(D:4) TL:False Ret:12.7% Correct:False
[START 501/1977] SPG 2023Q3 (GAINER)
[DONE 492/1977] BLK: DOWN(D:4) TL:False Ret:13.1% Correct:False
[START 502/1977] NWSA 2021Q1 (GAINER)
[DEBUG] CompareWithPeers bucket size before helper: 4
[DEBUG] CompareWithPeers bucket size before helper: 2
[DEBUG] CompareWithPeers bucket size after helper: 4
[DEBUG] CompareWithPeers bucket size after helper: 2
[DEBUG] CompareWithPeers bucket size before helper: 2
[DEBUG] CompareWithPeers bucket size before helper: 3
[DEBUG] CompareWithPeers bucket size after helper: 2
[DEBUG] CompareWithPeers bucket size after helper: 3
[DONE 493/1977] NVDA: DOWN(D:4) TL:False Ret:12.3% Correct:False
[START 503/1977] TMUS 2021Q4 (GAINER)
[DONE 494/1977] CPRT: DOWN(D:4) TL:False Ret:-38.4% Correct:True
[START 504/1977] CCI 2023Q1 (LOSER)
[DEBUG] CompareWithPeers bucket size before helper: 3
[DEBUG] CompareWithPeers bucket size before helper: 3
[DEBUG] CompareWithPeers bucket size after helper: 3
[DEBUG] CompareWithPeers bucket size after helper: 3
[DONE 495/1977] CTAS: DOWN(D:4) TL:False Ret:14.3% Correct:False
[START 505/1977] GRMN 2019Q3 (GAINER)
[DONE 496/1977] OMC: UP(D:6) TL:False Ret:-17.4% Correct:False
[START 506/1977] FOXA 2019Q4 (LOSER)
[DEBUG] CompareWithPeers bucket size before helper: 0
[DEBUG] CompareWithPeers bucket size after helper: 0
[DONE 497/1977] BAX: DOWN(D:3) TL:False Ret:-21.0% Correct:True
[START 507/1977] WELL 2021Q4 (GAINER)
[DONE 498/1977] DLTR: DOWN(D:3) TL:False Ret:-14.1% Correct:True
[START 508/1977] CAT 2019Q1 (LOSER)
[DONE 499/1977] PTC: UP(D:7) TL:True Ret:11.7% Correct:True
[START 509/1977] BMY 2023Q3 (LOSER)
[DEBUG] CompareWithPeers bucket size before helper: 3
[DEBUG] CompareWithPeers bucket size before helper: 4
[DEBUG] CompareWithPeers bucket size after helper: 4
[DEBUG] CompareWithPeers bucket size after helper: 3
[DEBUG] CompareWithPeers bucket size before helper: 2
[DEBUG] CompareWithPeers bucket size after helper: 2

======================================================================
📊 PROGRESS REPORT [500/1977] (25.3%)
======================================================================
⏱️  Elapsed: 88.2 min | ETA: 260.6 min | Avg: 10.6s/sample
✅ Success: 500 | ❌ Failed: 0
🎯 Overall Accuracy: 58.0% (290/500)
📈 Long-only: 33 trades | Win Rate: 84.8% (28/33) | Avg Ret: +15.8%
💰 Total Cost: $2.1436 | Avg: $0.0043/sample
======================================================================

[DONE 500/1977] NWSA: DOWN(D:4) TL:False Ret:16.4% Correct:False
[START 510/1977] IDXX 2023Q3 (GAINER)
[DONE 501/1977] CHD: DOWN(D:4) TL:False Ret:14.6% Correct:False
[START 511/1977] AVY 2022Q2 (GAINER)
[DONE 502/1977] SPG: DOWN(D:4) TL:False Ret:32.2% Correct:False
[START 512/1977] GL 2020Q1 (GAINER)
[DEBUG] CompareWithPeers bucket size before helper: 2
[DEBUG] CompareWithPeers bucket size after helper: 2
[DEBUG] CompareWithPeers bucket size before helper: 3
[DEBUG] CompareWithPeers bucket size before helper: 0
[DEBUG] CompareWithPeers bucket size after helper: 0
[DEBUG] CompareWithPeers bucket size after helper: 3
[DEBUG] CompareWithPeers bucket size before helper: 3
[DONE 503/1977] TMUS: UP(D:7) TL:True Ret:16.1% Correct:True
[START 513/1977] NDSN 2020Q1 (LOSER)
[DEBUG] CompareWithPeers bucket size after helper: 3
[DEBUG] CompareWithPeers bucket size before helper: 2
[DONE 504/1977] GRMN: UP(D:7) TL:False Ret:11.2% Correct:True
[START 514/1977] SWKS 2023Q3 (LOSER)
[DONE 505/1977] CAT: DOWN(D:4) TL:False Ret:-13.1% Correct:True
[START 515/1977] FICO 2019Q1 (GAINER)
[DEBUG] CompareWithPeers bucket size after helper: 2
[DONE 506/1977] FOXA: DOWN(D:4) TL:False Ret:-12.9% Correct:True
[START 516/1977] SPG 2023Q4 (GAINER)
[DONE 507/1977] BMY: DOWN(D:3) TL:False Ret:-11.1% Correct:True
[START 517/1977] ADBE 2021Q2 (GAINER)
[DEBUG] CompareWithPeers bucket size before helper: 0
[DEBUG] CompareWithPeers bucket size after helper: 0
[DEBUG] CompareWithPeers bucket size before helper: 2
[DEBUG] CompareWithPeers bucket size after helper: 2
[DONE 508/1977] WELL: UP(D:6) TL:False Ret:18.5% Correct:True
[START 518/1977] AMD 2019Q4 (GAINER)
[DEBUG] CompareWithPeers bucket size before helper: 3
[DONE 509/1977] IDXX: DOWN(D:4) TL:False Ret:38.7% Correct:False
[START 519/1977] OKE 2019Q4 (LOSER)
[DEBUG] CompareWithPeers bucket size after helper: 3
[DEBUG] CompareWithPeers bucket size before helper: 0
[DEBUG] CompareWithPeers bucket size after helper: 0
[DEBUG] CompareWithPeers bucket size before helper: 0
[DEBUG] CompareWithPeers bucket size after helper: 0
[DONE 510/1977] AVY: UP(D:7) TL:True Ret:10.1% Correct:True
[START 520/1977] MKC 2023Q3 (LOSER)
[DEBUG] CompareWithPeers bucket size before helper: 2
[DONE 511/1977] GL: UP(D:6) TL:False Ret:17.3% Correct:True
[START 521/1977] SBAC 2023Q3 (GAINER)
[DEBUG] CompareWithPeers bucket size after helper: 2
[DONE 512/1977] CCI: DOWN(D:3) TL:False Ret:-14.6% Correct:True
[START 522/1977] TECH 2020Q4 (LOSER)
[DEBUG] CompareWithPeers bucket size before helper: 4
[DEBUG] CompareWithPeers bucket size before helper: 2
[DEBUG] CompareWithPeers bucket size after helper: 4
[DEBUG] CompareWithPeers bucket size after helper: 2
[DEBUG] CompareWithPeers bucket size before helper: 3
[DONE 513/1977] FICO: UP(D:6) TL:False Ret:21.0% Correct:True
[DONE 514/1977] SWKS: DOWN(D:4) TL:False Ret:-12.6% Correct:True
[START 523/1977] LDOS 2019Q1 (GAINER)
[START 524/1977] PAYX 2022Q4 (GAINER)
[DEBUG] CompareWithPeers bucket size before helper: 4
[DEBUG] CompareWithPeers bucket size after helper: 3
[DEBUG] CompareWithPeers bucket size after helper: 4
[DONE 515/1977] NDSN: DOWN(D:3) TL:False Ret:-25.4% Correct:True
[START 525/1977] DVN 2023Q4 (GAINER)
[DEBUG] CompareWithPeers bucket size before helper: 4
[DONE 516/1977] ADBE: UP(D:8) TL:True Ret:12.2% Correct:True
[START 526/1977] CTSH 2019Q4 (LOSER)
[DONE 517/1977] SPG: UP(D:6) TL:True Ret:13.6% Correct:True
[START 527/1977] GE 2020Q2 (LOSER)
[DEBUG] CompareWithPeers bucket size after helper: 4
[DONE 518/1977] AMD: DOWN(D:4) TL:False Ret:13.9% Correct:False
[START 528/1977] LULU 2020Q3 (LOSER)
[DEBUG] CompareWithPeers bucket size before helper: 0
[DEBUG] CompareWithPeers bucket size after helper: 0
[DEBUG] CompareWithPeers bucket size before helper: 5
[DEBUG] CompareWithPeers bucket size after helper: 5
[DEBUG] CompareWithPeers bucket size before helper: 3
[DEBUG] CompareWithPeers bucket size after helper: 3
[DONE 519/1977] OKE: DOWN(D:3) TL:False Ret:-67.7% Correct:True
[START 529/1977] STX 2021Q1 (GAINER)
[DONE 520/1977] SBAC: DOWN(D:4) TL:False Ret:13.4% Correct:False
[START 530/1977] PLTR 2023Q2 (LOSER)
[DONE 521/1977] MKC: DOWN(D:4) TL:False Ret:-11.3% Correct:True
[START 531/1977] TSLA 2022Q1 (LOSER)
[DEBUG] CompareWithPeers bucket size before helper: 3
[DEBUG] CompareWithPeers bucket size after helper: 3
[DEBUG] CompareWithPeers bucket size before helper: 0
[DEBUG] CompareWithPeers bucket size after helper: 0
[DEBUG] CompareWithPeers bucket size before helper: 2
[DEBUG] CompareWithPeers bucket size before helper: 4
[DEBUG] CompareWithPeers bucket size after helper: 2
[DEBUG] CompareWithPeers bucket size after helper: 4
[DONE 522/1977] TECH: DOWN(D:4) TL:False Ret:-12.3% Correct:True
[START 532/1977] AOS 2019Q2 (GAINER)
[DONE 523/1977] LDOS: DOWN(D:4) TL:False Ret:18.5% Correct:False
[START 533/1977] HPQ 2021Q1 (GAINER)
[DONE 524/1977] DVN: DOWN(D:4) TL:False Ret:21.6% Correct:False
[START 534/1977] ISRG 2020Q4 (LOSER)
[DEBUG] CompareWithPeers bucket size before helper: 3
[DEBUG] CompareWithPeers bucket size before helper: 4

======================================================================
📊 PROGRESS REPORT [525/1977] (26.6%)
======================================================================
⏱️  Elapsed: 92.2 min | ETA: 254.9 min | Avg: 10.5s/sample
✅ Success: 525 | ❌ Failed: 0
🎯 Overall Accuracy: 58.7% (308/525)
📈 Long-only: 37 trades | Win Rate: 86.5% (32/37) | Avg Ret: +15.5%
💰 Total Cost: $2.2531 | Avg: $0.0043/sample
======================================================================

[DONE 525/1977] GE: DOWN(D:4) TL:False Ret:-12.9% Correct:True
[START 535/1977] RMD 2019Q3 (GAINER)
[DEBUG] CompareWithPeers bucket size after helper: 3
[DEBUG] CompareWithPeers bucket size after helper: 4
[DEBUG] CompareWithPeers bucket size before helper: 5
[DEBUG] CompareWithPeers bucket size after helper: 5
[DEBUG] CompareWithPeers bucket size before helper: 3
[DONE 526/1977] PAYX: DOWN(D:3) TL:False Ret:10.2% Correct:False
[START 536/1977] WTW 2022Q4 (LOSER)
[DONE 527/1977] LULU: DOWN(D:4) TL:False Ret:-10.7% Correct:True
[START 537/1977] IFF 2023Q1 (LOSER)
[DEBUG] CompareWithPeers bucket size after helper: 3
[DEBUG] CompareWithPeers bucket size before helper: 4
[DEBUG] CompareWithPeers bucket size after helper: 4
[DONE 528/1977] TSLA: DOWN(D:4) TL:False Ret:-28.0% Correct:True
[START 538/1977] EQR 2022Q1 (LOSER)
[DEBUG] CompareWithPeers bucket size before helper: 0
[DEBUG] CompareWithPeers bucket size after helper: 0
[DONE 529/1977] STX: DOWN(D:4) TL:False Ret:22.1% Correct:False
[START 539/1977] COO 2023Q3 (LOSER)
[DONE 530/1977] CTSH: DOWN(D:4) TL:False Ret:-41.7% Correct:True
[START 540/1977] AZO 2020Q2 (LOSER)
[DONE 531/1977] PLTR: DOWN(D:3) TL:False Ret:-18.1% Correct:True
[START 541/1977] ACN 2020Q2 (GAINER)
[DEBUG] CompareWithPeers bucket size before helper: 3
[DEBUG] CompareWithPeers bucket size before helper: 0
[DEBUG] CompareWithPeers bucket size after helper: 0
[DEBUG] CompareWithPeers bucket size before helper: 0
[DEBUG] CompareWithPeers bucket size after helper: 0
[DEBUG] CompareWithPeers bucket size after helper: 3
[DEBUG] CompareWithPeers bucket size before helper: 2
[DONE 532/1977] AOS: UP(D:6) TL:False Ret:16.0% Correct:True
[START 542/1977] AFL 2020Q4 (GAINER)
[DEBUG] CompareWithPeers bucket size after helper: 2
[DEBUG] CompareWithPeers bucket size before helper: 3
[DONE 533/1977] ISRG: DOWN(D:3) TL:False Ret:-14.2% Correct:True
[START 543/1977] IBM 2022Q4 (LOSER)
[DEBUG] CompareWithPeers bucket size after helper: 3
[DONE 534/1977] HPQ: UP(D:8) TL:True Ret:16.1% Correct:True
[START 544/1977] ULTA 2019Q3 (GAINER)
[DEBUG] CompareWithPeers bucket size before helper: 3
[DONE 535/1977] WTW: DOWN(D:4) TL:False Ret:-12.0% Correct:True
[START 545/1977] EXPE 2019Q4 (LOSER)
[DEBUG] CompareWithPeers bucket size before helper: 4
[DONE 536/1977] RMD: UP(D:6) TL:False Ret:12.1% Correct:True
[START 546/1977] FOX 2020Q2 (LOSER)
[DEBUG] CompareWithPeers bucket size after helper: 3
[DEBUG] CompareWithPeers bucket size after helper: 4
[DEBUG] CompareWithPeers bucket size before helper: 2
[DEBUG] CompareWithPeers bucket size after helper: 2
[DONE 537/1977] IFF: DOWN(D:3) TL:False Ret:-16.6% Correct:True
[START 547/1977] GDDY 2021Q4 (GAINER)
[DONE 538/1977] EQR: DOWN(D:4) TL:False Ret:-18.9% Correct:True
[START 548/1977] DGX 2023Q3 (GAINER)
[DEBUG] CompareWithPeers bucket size before helper: 3
[DEBUG] CompareWithPeers bucket size after helper: 3
[DEBUG] CompareWithPeers bucket size before helper: 2
[DEBUG] CompareWithPeers bucket size after helper: 2
[DONE 539/1977] COO: UP(D:6) TL:False Ret:-14.5% Correct:False
[START 549/1977] PEG 2019Q4 (LOSER)
[DONE 540/1977] ACN: DOWN(D:4) TL:False Ret:13.3% Correct:False
[START 550/1977] DGX 2023Q2 (LOSER)
[DEBUG] CompareWithPeers bucket size before helper: 2
[DEBUG] CompareWithPeers bucket size before helper: 2
[DEBUG] CompareWithPeers bucket size after helper: 2
[DEBUG] CompareWithPeers bucket size after helper: 2
[DEBUG] CompareWithPeers bucket size before helper: 3
[DONE 541/1977] AZO: DOWN(D:4) TL:False Ret:-10.9% Correct:True
[START 551/1977] CMG 2019Q2 (GAINER)
[DEBUG] CompareWithPeers bucket size after helper: 3
[DEBUG] CompareWithPeers bucket size before helper: 3
[DEBUG] CompareWithPeers bucket size after helper: 3
[DONE 542/1977] ULTA: UP(D:4) TL:False Ret:16.1% Correct:True
[START 552/1977] STZ 2020Q2 (LOSER)
[DONE 543/1977] AFL: DOWN(D:4) TL:False Ret:11.5% Correct:False
[START 553/1977] DOC 2019Q4 (LOSER)
[DONE 544/1977] IBM: UP(D:6) TL:False Ret:-10.8% Correct:False
[START 554/1977] LYV 2022Q3 (LOSER)
[DONE 545/1977] EXPE: DOWN(D:4) TL:False Ret:-49.0% Correct:True
[START 555/1977] GILD 2019Q4 (GAINER)
[DEBUG] CompareWithPeers bucket size before helper: 0
[DEBUG] CompareWithPeers bucket size after helper: 0
[DEBUG] CompareWithPeers bucket size before helper: 2
[DEBUG] CompareWithPeers bucket size before helper: 3
[DEBUG] CompareWithPeers bucket size after helper: 2
[DEBUG] CompareWithPeers bucket size after helper: 3
[DONE 546/1977] FOX: DOWN(D:4) TL:False Ret:-47.1% Correct:True
[START 556/1977] WAB 2019Q4 (LOSER)
[DEBUG] CompareWithPeers bucket size before helper: 0
[DEBUG] CompareWithPeers bucket size after helper: 0
[DONE 547/1977] GDDY: UP(D:7) TL:False Ret:13.8% Correct:True
[START 557/1977] ADP 2020Q4 (LOSER)
[DEBUG] CompareWithPeers bucket size before helper: 0
[DEBUG] CompareWithPeers bucket size after helper: 0
[DONE 548/1977] DGX: DOWN(D:4) TL:False Ret:11.1% Correct:False
[START 558/1977] KKR 2022Q4 (LOSER)
[DEBUG] CompareWithPeers bucket size before helper: 2
[DONE 549/1977] PEG: DOWN(D:3) TL:False Ret:-11.4% Correct:True
[START 559/1977] DECK 2023Q4 (GAINER)
[DEBUG] CompareWithPeers bucket size after helper: 2
[DEBUG] CompareWithPeers bucket size before helper: 0
[DEBUG] CompareWithPeers bucket size after helper: 0

======================================================================
📊 PROGRESS REPORT [550/1977] (27.8%)
======================================================================
⏱️  Elapsed: 96.0 min | ETA: 249.0 min | Avg: 10.5s/sample
✅ Success: 550 | ❌ Failed: 0
🎯 Overall Accuracy: 59.3% (326/550)
📈 Long-only: 38 trades | Win Rate: 86.8% (33/38) | Avg Ret: +15.5%
💰 Total Cost: $2.3637 | Avg: $0.0043/sample
======================================================================

[DONE 550/1977] CMG: UP(D:8) TL:False Ret:13.3% Correct:True
[START 560/1977] MOH 2022Q4 (LOSER)
[DEBUG] CompareWithPeers bucket size before helper: 0
[DEBUG] CompareWithPeers bucket size after helper: 0
[DEBUG] CompareWithPeers bucket size before helper: 2
[DEBUG] CompareWithPeers bucket size before helper: 0
[DEBUG] CompareWithPeers bucket size after helper: 0
[DONE 551/1977] DOC: DOWN(D:3) TL:False Ret:-25.2% Correct:True
[START 561/1977] ALB 2022Q2 (GAINER)
[DEBUG] CompareWithPeers bucket size after helper: 2
[DONE 552/1977] DGX: DOWN(D:3) TL:False Ret:-12.3% Correct:True
[START 562/1977] BALL 2020Q2 (GAINER)
[DONE 553/1977] LYV: DOWN(D:3) TL:False Ret:-10.5% Correct:True
[START 563/1977] TPR 2020Q2 (LOSER)
[DONE 554/1977] STZ: DOWN(D:3) TL:False Ret:-11.6% Correct:True
[START 564/1977] DPZ 2019Q3 (GAINER)
[DONE 555/1977] GILD: UP(D:4) TL:False Ret:16.5% Correct:True
[START 565/1977] CRM 2021Q2 (GAINER)
[DEBUG] CompareWithPeers bucket size before helper: 2
[DEBUG] CompareWithPeers bucket size after helper: 2
[DEBUG] CompareWithPeers bucket size before helper: 2
[DEBUG] CompareWithPeers bucket size after helper: 2
[DONE 556/1977] WAB: UP(D:6) TL:False Ret:-37.5% Correct:False
[START 566/1977] ABNB 2022Q1 (LOSER)
[DEBUG] CompareWithPeers bucket size before helper: 2
[DEBUG] CompareWithPeers bucket size before helper: 3
[DEBUG] CompareWithPeers bucket size after helper: 2
[DONE 557/1977] ADP: DOWN(D:3) TL:False Ret:-10.1% Correct:True
[START 567/1977] HUBB 2022Q3 (GAINER)
[DEBUG] CompareWithPeers bucket size before helper: 2
[DEBUG] CompareWithPeers bucket size after helper: 3
[DEBUG] CompareWithPeers bucket size after helper: 2
[DEBUG] CompareWithPeers bucket size before helper: 0
[DEBUG] CompareWithPeers bucket size after helper: 0
[DEBUG] CompareWithPeers bucket size before helper: 3
[DEBUG] CompareWithPeers bucket size before helper: 2
[DONE 558/1977] KKR: DOWN(D:4) TL:False Ret:-10.1% Correct:True
[START 568/1977] CRL 2022Q4 (LOSER)
[DEBUG] CompareWithPeers bucket size after helper: 2
[DEBUG] CompareWithPeers bucket size after helper: 3
[DONE 559/1977] BALL: UP(D:3) TL:False Ret:10.5% Correct:True
[START 569/1977] RVTY 2020Q4 (LOSER)
[DONE 560/1977] MOH: DOWN(D:4) TL:False Ret:-12.8% Correct:True
[START 570/1977] HWM 2020Q1 (GAINER)
[DONE 561/1977] DECK: UP(D:6) TL:False Ret:23.0% Correct:True
[START 571/1977] LRCX 2020Q4 (LOSER)
[DONE 562/1977] ALB: UP(D:7) TL:False Ret:19.9% Correct:True
[START 572/1977] GS 2021Q4 (LOSER)
[DEBUG] CompareWithPeers bucket size before helper: 3
[DONE 563/1977] TPR: DOWN(D:4) TL:False Ret:-57.6% Correct:True
[START 573/1977] CTVA 2022Q2 (GAINER)
[DEBUG] CompareWithPeers bucket size before helper: 3
[DEBUG] CompareWithPeers bucket size after helper: 3
[DEBUG] CompareWithPeers bucket size after helper: 3
[DEBUG] CompareWithPeers bucket size before helper: 2
[DEBUG] CompareWithPeers bucket size before helper: 4
[DEBUG] CompareWithPeers bucket size after helper: 4
[DEBUG] CompareWithPeers bucket size after helper: 2
[DONE 564/1977] DPZ: DOWN(D:4) TL:False Ret:18.0% Correct:False
[START 574/1977] ADM 2019Q4 (LOSER)
[DONE 565/1977] CRM: DOWN(D:4) TL:False Ret:20.4% Correct:False
[START 575/1977] GNRC 2019Q2 (GAINER)
[DONE 566/1977] ABNB: UP(D:7) TL:True Ret:-35.7% Correct:False
[START 576/1977] UPS 2019Q1 (LOSER)
[DONE 567/1977] HUBB: UP(D:7) TL:True Ret:10.6% Correct:True
[START 577/1977] IFF 2019Q4 (LOSER)
[DEBUG] CompareWithPeers bucket size before helper: 4
[DEBUG] CompareWithPeers bucket size after helper: 4
[DEBUG] CompareWithPeers bucket size before helper: 0
[DEBUG] CompareWithPeers bucket size after helper: 0
[DONE 568/1977] RVTY: UP(D:4) TL:False Ret:-16.3% Correct:False
[START 578/1977] PLTR 2020Q4 (LOSER)
[DEBUG] CompareWithPeers bucket size before helper: 3
[DEBUG] CompareWithPeers bucket size before helper: 5
[DEBUG] CompareWithPeers bucket size before helper: 0
[DEBUG] CompareWithPeers bucket size after helper: 0
[DEBUG] CompareWithPeers bucket size after helper: 3
[DEBUG] CompareWithPeers bucket size before helper: 2
[DEBUG] CompareWithPeers bucket size after helper: 5
[DEBUG] CompareWithPeers bucket size after helper: 2
[DONE 569/1977] CRL: DOWN(D:3) TL:False Ret:-19.6% Correct:True
[START 579/1977] CPRT 2019Q3 (GAINER)
[DONE 570/1977] HWM: UP(D:6) TL:False Ret:23.8% Correct:True
[START 580/1977] ROK 2023Q3 (LOSER)
[DONE 571/1977] CTVA: UP(D:6) TL:False Ret:11.2% Correct:True
[START 581/1977] DPZ 2022Q3 (GAINER)
[DEBUG] CompareWithPeers bucket size before helper: 5
[DONE 572/1977] LRCX: DOWN(D:4) TL:False Ret:-19.3% Correct:True
[START 582/1977] IRM 2020Q3 (GAINER)
[DEBUG] CompareWithPeers bucket size after helper: 5
[DEBUG] CompareWithPeers bucket size before helper: 2
[DEBUG] CompareWithPeers bucket size before helper: 0
[DEBUG] CompareWithPeers bucket size after helper: 0
[DEBUG] CompareWithPeers bucket size after helper: 2
[DEBUG] CompareWithPeers bucket size before helper: 0
[DEBUG] CompareWithPeers bucket size after helper: 0
[DONE 573/1977] ADM: UP(D:6) TL:False Ret:-20.7% Correct:False
[START 583/1977] IBKR 2021Q4 (LOSER)
[DONE 574/1977] GNRC: DOWN(D:5) TL:False Ret:16.0% Correct:False
[START 584/1977] V 2019Q1 (GAINER)

======================================================================
📊 PROGRESS REPORT [575/1977] (29.1%)
======================================================================
⏱️  Elapsed: 99.9 min | ETA: 243.6 min | Avg: 10.4s/sample
✅ Success: 575 | ❌ Failed: 0
🎯 Overall Accuracy: 59.8% (344/575)
📈 Long-only: 40 trades | Win Rate: 85.0% (34/40) | Avg Ret: +14.1%
💰 Total Cost: $2.4681 | Avg: $0.0043/sample
======================================================================

[DONE 575/1977] UPS: DOWN(D:4) TL:False Ret:-14.2% Correct:True
[START 585/1977] LYV 2022Q2 (LOSER)
[DEBUG] CompareWithPeers bucket size before helper: 2
[DONE 576/1977] IFF: DOWN(D:4) TL:False Ret:-21.0% Correct:True
[START 586/1977] FANG 2023Q4 (GAINER)
[DEBUG] CompareWithPeers bucket size after helper: 2
[DONE 577/1977] GS: DOWN(D:3) TL:False Ret:-11.7% Correct:True
[START 587/1977] RJF 2023Q1 (LOSER)
[DEBUG] CompareWithPeers bucket size before helper: 3
[DEBUG] CompareWithPeers bucket size before helper: 0
[DEBUG] CompareWithPeers bucket size after helper: 0
[DEBUG] CompareWithPeers bucket size after helper: 3
[DONE 578/1977] PLTR: DOWN(D:4) TL:False Ret:-16.3% Correct:True
[START 588/1977] SJM 2022Q2 (GAINER)
[DEBUG] CompareWithPeers bucket size before helper: 3
[DEBUG] CompareWithPeers bucket size after helper: 3
[DONE 579/1977] ROK: DOWN(D:3) TL:False Ret:-15.1% Correct:True
[START 589/1977] RTX 2020Q3 (GAINER)
[DONE 580/1977] DPZ: DOWN(D:4) TL:False Ret:28.9% Correct:False
[START 590/1977] SBUX 2021Q1 (GAINER)
[DONE 581/1977] IRM: DOWN(D:4) TL:False Ret:10.7% Correct:False
[START 591/1977] IRM 2021Q4 (GAINER)
[DEBUG] CompareWithPeers bucket size before helper: 3
[DEBUG] CompareWithPeers bucket size before helper: 4
[DEBUG] CompareWithPeers bucket size before helper: 3
[DEBUG] CompareWithPeers bucket size after helper: 3
[DEBUG] CompareWithPeers bucket size after helper: 4
[DEBUG] CompareWithPeers bucket size after helper: 3
[DEBUG] CompareWithPeers bucket size before helper: 0
[DEBUG] CompareWithPeers bucket size after helper: 0
[DEBUG] CompareWithPeers bucket size before helper: 0
[DEBUG] CompareWithPeers bucket size after helper: 0
[DONE 582/1977] LYV: UP(D:7) TL:False Ret:-10.8% Correct:False
[START 592/1977] EFX 2019Q4 (LOSER)
[DONE 583/1977] IBKR: UP(D:6) TL:False Ret:-14.8% Correct:False
[START 593/1977] TTD 2023Q1 (GAINER)
[DONE 584/1977] CPRT: UP(D:6) TL:False Ret:14.4% Correct:True
[START 594/1977] MMM 2019Q4 (LOSER)
[DONE 585/1977] V: DOWN(D:4) TL:False Ret:13.0% Correct:False
[START 595/1977] WBD 2022Q2 (LOSER)
[DEBUG] CompareWithPeers bucket size before helper: 2
[DONE 586/1977] FANG: DOWN(D:4) TL:False Ret:12.9% Correct:False
[START 596/1977] MRNA 2022Q3 (GAINER)
[DEBUG] CompareWithPeers bucket size after helper: 2
[DEBUG] CompareWithPeers bucket size before helper: 4
[DEBUG] CompareWithPeers bucket size after helper: 4
[DONE 587/1977] RJF: DOWN(D:4) TL:False Ret:-19.7% Correct:True
[START 597/1977] MOH 2022Q2 (GAINER)
[DEBUG] CompareWithPeers bucket size before helper: 2
[DEBUG] CompareWithPeers bucket size before helper: 0
[DEBUG] CompareWithPeers bucket size after helper: 0
[DEBUG] CompareWithPeers bucket size after helper: 2
[DONE 588/1977] RTX: DOWN(D:3) TL:False Ret:20.9% Correct:False
[START 598/1977] TMUS 2023Q3 (GAINER)
[DONE 589/1977] SBUX: UP(D:6) TL:False Ret:10.2% Correct:True
[START 599/1977] AAPL 2020Q1 (LOSER)
[DEBUG] CompareWithPeers bucket size before helper: 3
[DEBUG] CompareWithPeers bucket size after helper: 3
[DONE 590/1977] SJM: UP(D:7) TL:False Ret:11.8% Correct:True
[START 600/1977] COP 2020Q3 (GAINER)
[DEBUG] CompareWithPeers bucket size before helper: 2
[DONE 591/1977] IRM: UP(D:7) TL:False Ret:31.7% Correct:True
[START 601/1977] ADP 2020Q2 (LOSER)
[DEBUG] CompareWithPeers bucket size before helper: 0
[DEBUG] CompareWithPeers bucket size after helper: 0
[DEBUG] CompareWithPeers bucket size after helper: 2
[DEBUG] CompareWithPeers bucket size before helper: 3
[DEBUG] CompareWithPeers bucket size after helper: 3
[DONE 592/1977] MMM: DOWN(D:3) TL:False Ret:-16.2% Correct:True
[START 602/1977] DIS 2022Q4 (LOSER)
[DEBUG] CompareWithPeers bucket size before helper: 0
[DEBUG] CompareWithPeers bucket size after helper: 0
[DONE 593/1977] TTD: DOWN(D:5) TL:False Ret:18.9% Correct:False
[START 603/1977] TTD 2021Q3 (GAINER)
[DONE 594/1977] EFX: DOWN(D:4) TL:False Ret:-22.6% Correct:True
[START 604/1977] APO 2023Q2 (GAINER)
[DEBUG] CompareWithPeers bucket size before helper: 4
[DEBUG] CompareWithPeers bucket size before helper: 3
[DONE 595/1977] MRNA: DOWN(D:4) TL:False Ret:30.1% Correct:False
[START 605/1977] GE 2019Q4 (LOSER)
[DEBUG] CompareWithPeers bucket size after helper: 3
[DEBUG] CompareWithPeers bucket size after helper: 4
[DEBUG] CompareWithPeers bucket size before helper: 2
[DEBUG] CompareWithPeers bucket size after helper: 2
[DEBUG] CompareWithPeers bucket size before helper: 3
[DONE 596/1977] MOH: UP(D:6) TL:False Ret:13.9% Correct:True
[START 606/1977] CTSH 2022Q4 (LOSER)
[DONE 597/1977] TMUS: UP(D:7) TL:False Ret:10.8% Correct:True
[START 607/1977] TSLA 2021Q1 (LOSER)
[DEBUG] CompareWithPeers bucket size after helper: 3
[DONE 598/1977] COP: DOWN(D:4) TL:False Ret:51.0% Correct:False
[START 608/1977] TPR 2023Q4 (LOSER)
[DEBUG] CompareWithPeers bucket size before helper: 0
[DEBUG] CompareWithPeers bucket size after helper: 0
[DEBUG] CompareWithPeers bucket size before helper: 3
[DONE 599/1977] AAPL: UP(D:7) TL:True Ret:-21.9% Correct:False
[START 609/1977] AES 2021Q4 (GAINER)
[DEBUG] CompareWithPeers bucket size after helper: 3
[DEBUG] CompareWithPeers bucket size before helper: 0
[DEBUG] CompareWithPeers bucket size after helper: 0
[DEBUG] CompareWithPeers bucket size before helper: 2
[DEBUG] CompareWithPeers bucket size before helper: 4
[DEBUG] CompareWithPeers bucket size before helper: 2
[DEBUG] CompareWithPeers bucket size after helper: 2
[DEBUG] CompareWithPeers bucket size after helper: 4
[DEBUG] CompareWithPeers bucket size after helper: 2

======================================================================
📊 PROGRESS REPORT [600/1977] (30.3%)
======================================================================
⏱️  Elapsed: 106.5 min | ETA: 244.5 min | Avg: 10.7s/sample
✅ Success: 600 | ❌ Failed: 0
🎯 Overall Accuracy: 59.7% (358/600)
📈 Long-only: 41 trades | Win Rate: 82.9% (34/41) | Avg Ret: +13.2%
💰 Total Cost: $2.5778 | Avg: $0.0043/sample
======================================================================

[DONE 600/1977] CTSH: DOWN(D:4) TL:False Ret:-16.9% Correct:True
[START 610/1977] DPZ 2021Q1 (GAINER)
[DONE 601/1977] TSLA: DOWN(D:4) TL:False Ret:-13.4% Correct:True
[START 611/1977] NEE 2020Q4 (LOSER)
[DONE 602/1977] TPR: DOWN(D:5) TL:False Ret:-16.3% Correct:True
[START 612/1977] ROK 2023Q2 (GAINER)
[DONE 603/1977] AES: UP(D:6) TL:True Ret:18.7% Correct:True
[START 613/1977] SHW 2021Q4 (LOSER)
[DEBUG] CompareWithPeers bucket size before helper: 3
[DEBUG] CompareWithPeers bucket size before helper: 2
[DEBUG] CompareWithPeers bucket size before helper: 3
[DEBUG] CompareWithPeers bucket size after helper: 3
[DEBUG] CompareWithPeers bucket size after helper: 2
[DEBUG] CompareWithPeers bucket size before helper: 4
[DEBUG] CompareWithPeers bucket size after helper: 3
[DEBUG] CompareWithPeers bucket size after helper: 4
[DONE 604/1977] ROK: UP(D:8) TL:True Ret:12.9% Correct:True
[START 614/1977] INCY 2022Q4 (LOSER)
[DONE 605/1977] DPZ: UP(D:6) TL:False Ret:12.1% Correct:True
[START 615/1977] GDDY 2021Q2 (LOSER)
[DONE 606/1977] SHW: DOWN(D:4) TL:False Ret:-20.2% Correct:True
[START 616/1977] PCG 2022Q1 (LOSER)
[DONE 607/1977] NEE: DOWN(D:4) TL:False Ret:-14.3% Correct:True
[START 617/1977] AMZN 2023Q1 (GAINER)
[DEBUG] CompareWithPeers bucket size before helper: 4
[DEBUG] CompareWithPeers bucket size after helper: 4
[DEBUG] CompareWithPeers bucket size before helper: 3
[DEBUG] CompareWithPeers bucket size after helper: 3
[DEBUG] CompareWithPeers bucket size before helper: 0
[DEBUG] CompareWithPeers bucket size after helper: 0
[DONE 608/1977] INCY: DOWN(D:4) TL:False Ret:-14.3% Correct:True
[START 618/1977] PODD 2019Q3 (GAINER)
[DONE 609/1977] GDDY: DOWN(D:3) TL:False Ret:-13.3% Correct:True
[START 619/1977] HD 2021Q3 (GAINER)
[DEBUG] CompareWithPeers bucket size before helper: 0
[DEBUG] CompareWithPeers bucket size after helper: 0
[DONE 610/1977] PCG: UP(D:6) TL:False Ret:-12.1% Correct:False
[START 620/1977] EG 2019Q4 (LOSER)
[DONE 611/1977] AMZN: UP(D:6) TL:False Ret:17.6% Correct:True
[START 621/1977] VLO 2020Q2 (LOSER)
[DEBUG] CompareWithPeers bucket size before helper: 4
[DEBUG] CompareWithPeers bucket size after helper: 4
[DEBUG] CompareWithPeers bucket size before helper: 3
[DONE 612/1977] PODD: UP(D:6) TL:False Ret:17.8% Correct:True
[START 622/1977] CMG 2022Q2 (GAINER)
[DEBUG] CompareWithPeers bucket size after helper: 3
[DEBUG] CompareWithPeers bucket size before helper: 7
[DEBUG] CompareWithPeers bucket size after helper: 7
[DEBUG] CompareWithPeers bucket size before helper: 2
[DONE 613/1977] HD: DOWN(D:4) TL:False Ret:10.5% Correct:False
[START 623/1977] TT 2021Q2 (LOSER)
[DONE 614/1977] EG: DOWN(D:4) TL:False Ret:-38.8% Correct:True
[START 624/1977] JKHY 2022Q2 (GAINER)
[DEBUG] CompareWithPeers bucket size after helper: 2
[DONE 615/1977] VLO: DOWN(D:3) TL:False Ret:-22.3% Correct:True
[START 625/1977] PFE 2019Q4 (LOSER)
[DEBUG] CompareWithPeers bucket size before helper: 2
[DEBUG] CompareWithPeers bucket size after helper: 2
[DEBUG] CompareWithPeers bucket size before helper: 4
[DONE 616/1977] CMG: UP(D:7) TL:True Ret:29.7% Correct:True
[START 626/1977] ROST 2021Q4 (GAINER)
[DEBUG] CompareWithPeers bucket size after helper: 4
[DEBUG] CompareWithPeers bucket size before helper: 4
[DEBUG] CompareWithPeers bucket size after helper: 4
[DONE 617/1977] TT: UP(D:6) TL:False Ret:-10.1% Correct:False
[START 627/1977] TDG 2023Q4 (GAINER)
[DONE 618/1977] JKHY: UP(D:7) TL:True Ret:11.9% Correct:True
[START 628/1977] HCA 2019Q3 (GAINER)
[DEBUG] CompareWithPeers bucket size before helper: 0
[DEBUG] CompareWithPeers bucket size after helper: 0
[DONE 619/1977] PFE: DOWN(D:3) TL:False Ret:-19.9% Correct:True
[START 629/1977] T 2019Q2 (GAINER)
[DEBUG] CompareWithPeers bucket size before helper: 6
[DEBUG] CompareWithPeers bucket size after helper: 6
[DONE 620/1977] ROST: DOWN(D:3) TL:False Ret:11.8% Correct:False
[START 630/1977] MRK 2021Q3 (LOSER)
[DEBUG] CompareWithPeers bucket size before helper: 4
[DEBUG] CompareWithPeers bucket size after helper: 4
[DEBUG] CompareWithPeers bucket size before helper: 3
[DEBUG] CompareWithPeers bucket size after helper: 3
[DONE 621/1977] TDG: DOWN(D:4) TL:False Ret:11.8% Correct:False
[START 631/1977] MDT 2022Q2 (LOSER)
[DEBUG] CompareWithPeers bucket size before helper: 0
[DEBUG] CompareWithPeers bucket size after helper: 0
[DEBUG] CompareWithPeers bucket size before helper: 2
[DEBUG] CompareWithPeers bucket size before helper: 6
[DONE 622/1977] WBD: DOWN(D:2) TL:False Ret:-24.7% Correct:True
[START 632/1977] MCO 2022Q3 (GAINER)
[DEBUG] CompareWithPeers bucket size after helper: 2
[DONE 623/1977] HCA: UP(D:7) TL:False Ret:12.3% Correct:True
[START 633/1977] NTAP 2020Q3 (LOSER)
[DONE 624/1977] DIS: DOWN(D:3) TL:False Ret:-13.2% Correct:True
[START 634/1977] AAPL 2019Q4 (GAINER)
[DEBUG] CompareWithPeers bucket size after helper: 6
[DEBUG] CompareWithPeers bucket size before helper: 0
[DEBUG] CompareWithPeers bucket size after helper: 0

======================================================================
📊 PROGRESS REPORT [625/1977] (31.6%)
======================================================================
⏱️  Elapsed: 114.2 min | ETA: 247.0 min | Avg: 11.0s/sample
✅ Success: 625 | ❌ Failed: 0
🎯 Overall Accuracy: 60.5% (378/625)
📈 Long-only: 45 trades | Win Rate: 84.4% (38/45) | Avg Ret: +13.7%
💰 Total Cost: $2.6905 | Avg: $0.0043/sample
======================================================================

[DONE 625/1977] ADP: DOWN(D:4) TL:False Ret:-26.9% Correct:True
[START 635/1977] ADM 2021Q1 (GAINER)
[DEBUG] CompareWithPeers bucket size before helper: 3
[DEBUG] CompareWithPeers bucket size after helper: 3
[DONE 626/1977] TTD: UP(D:6) TL:False Ret:36.4% Correct:True
[START 636/1977] EXPE 2019Q3 (LOSER)
[DONE 627/1977] T: UP(D:6) TL:False Ret:11.8% Correct:True
[START 637/1977] IT 2020Q3 (GAINER)
[DONE 628/1977] APO: UP(D:6) TL:False Ret:12.8% Correct:True
[START 638/1977] ERIE 2023Q4 (GAINER)
[DEBUG] CompareWithPeers bucket size before helper: 0
[DEBUG] CompareWithPeers bucket size after helper: 0
[DONE 629/1977] MRK: UP(D:8) TL:True Ret:-10.9% Correct:False
[START 639/1977] TSLA 2023Q4 (LOSER)
[DONE 630/1977] GE: UP(D:6) TL:False Ret:-38.4% Correct:False
[START 640/1977] WST 2022Q4 (GAINER)
[DEBUG] CompareWithPeers bucket size before helper: 3
[DEBUG] CompareWithPeers bucket size after helper: 3
[DONE 631/1977] MDT: DOWN(D:4) TL:False Ret:-10.2% Correct:True
[START 641/1977] TTWO 2019Q4 (GAINER)
[DEBUG] CompareWithPeers bucket size before helper: 2
[DEBUG] CompareWithPeers bucket size after helper: 2
[DEBUG] CompareWithPeers bucket size before helper: 3
[DEBUG] CompareWithPeers bucket size before helper: 0
[DEBUG] CompareWithPeers bucket size after helper: 0
[DEBUG] CompareWithPeers bucket size before helper: 0
[DEBUG] CompareWithPeers bucket size after helper: 0
[DEBUG] CompareWithPeers bucket size after helper: 3
[DEBUG] CompareWithPeers bucket size before helper: 3
[DEBUG] CompareWithPeers bucket size after helper: 3
[DONE 632/1977] AAPL: UP(D:7) TL:False Ret:13.1% Correct:True
[START 642/1977] ADI 2019Q2 (GAINER)
[DONE 633/1977] NTAP: DOWN(D:3) TL:False Ret:-33.9% Correct:True
[START 643/1977] HPQ 2019Q1 (LOSER)
[DONE 634/1977] MCO: DOWN(D:4) TL:False Ret:12.5% Correct:False
[START 644/1977] EBAY 2021Q3 (LOSER)
[DONE 635/1977] ADM: UP(D:7) TL:True Ret:13.6% Correct:True
[START 645/1977] ANET 2022Q1 (LOSER)
[DEBUG] CompareWithPeers bucket size before helper: 3
[DEBUG] CompareWithPeers bucket size before helper: 0
[DEBUG] CompareWithPeers bucket size after helper: 0
[DONE 636/1977] ERIE: DOWN(D:4) TL:False Ret:11.0% Correct:False
[START 646/1977] IVZ 2020Q3 (GAINER)
[DEBUG] CompareWithPeers bucket size after helper: 3
[DEBUG] CompareWithPeers bucket size before helper: 2
[DEBUG] CompareWithPeers bucket size after helper: 2
[DONE 637/1977] EXPE: DOWN(D:2) TL:False Ret:-18.7% Correct:True
[START 647/1977] ABBV 2021Q4 (GAINER)
[DONE 638/1977] TSLA: DOWN(D:3) TL:False Ret:-15.6% Correct:True
[START 648/1977] PWR 2023Q4 (GAINER)
[DONE 639/1977] IT: DOWN(D:4) TL:False Ret:25.8% Correct:False
[START 649/1977] APA 2022Q2 (GAINER)
[DEBUG] CompareWithPeers bucket size before helper: 2
[DEBUG] CompareWithPeers bucket size before helper: 3
[DEBUG] CompareWithPeers bucket size before helper: 2
[DEBUG] CompareWithPeers bucket size after helper: 3
[DEBUG] CompareWithPeers bucket size after helper: 2
[DEBUG] CompareWithPeers bucket size before helper: 0
[DEBUG] CompareWithPeers bucket size after helper: 0
[DEBUG] CompareWithPeers bucket size after helper: 2
[DEBUG] CompareWithPeers bucket size before helper: 3
[DEBUG] CompareWithPeers bucket size after helper: 3
[DONE 640/1977] WST: UP(D:3) TL:False Ret:24.1% Correct:True
[START 650/1977] TTWO 2022Q4 (GAINER)
[DONE 641/1977] TTWO: UP(D:6) TL:False Ret:11.5% Correct:True
[START 651/1977] LYB 2020Q3 (GAINER)
[DONE 642/1977] HPQ: DOWN(D:3) TL:False Ret:-16.4% Correct:True
[START 652/1977] AZO 2022Q4 (GAINER)
[DONE 643/1977] EBAY: UP(D:4) TL:False Ret:-13.9% Correct:False
[START 653/1977] RMD 2021Q2 (LOSER)
[DONE 644/1977] ADI: UP(D:4) TL:False Ret:16.1% Correct:True
[START 654/1977] ADBE 2020Q2 (GAINER)
[DEBUG] CompareWithPeers bucket size before helper: 3
[DEBUG] CompareWithPeers bucket size before helper: 0
[DEBUG] CompareWithPeers bucket size after helper: 0
[DEBUG] CompareWithPeers bucket size after helper: 3
[DONE 645/1977] ANET: DOWN(D:3) TL:False Ret:-21.5% Correct:True
[START 655/1977] CARR 2023Q3 (GAINER)
[DEBUG] CompareWithPeers bucket size before helper: 3
[DONE 646/1977] IVZ: UP(D:6) TL:False Ret:28.4% Correct:True
[START 656/1977] GM 2021Q2 (LOSER)
[DEBUG] CompareWithPeers bucket size before helper: 3
[DEBUG] CompareWithPeers bucket size after helper: 3
[DEBUG] CompareWithPeers bucket size after helper: 3
[DEBUG] CompareWithPeers bucket size before helper: 2
[DEBUG] CompareWithPeers bucket size before helper: 0
[DEBUG] CompareWithPeers bucket size after helper: 0
[DEBUG] CompareWithPeers bucket size after helper: 2
[DONE 647/1977] APA: DOWN(D:4) TL:False Ret:17.5% Correct:False
[START 657/1977] DVN 2021Q1 (GAINER)
[DONE 648/1977] PWR: DOWN(D:4) TL:False Ret:24.6% Correct:False
[START 658/1977] JPM 2021Q4 (LOSER)
[DEBUG] CompareWithPeers bucket size before helper: 3
[DONE 649/1977] ABBV: DOWN(D:4) TL:False Ret:15.8% Correct:False
[START 659/1977] PH 2020Q4 (GAINER)
[DEBUG] CompareWithPeers bucket size before helper: 5
[DEBUG] CompareWithPeers bucket size after helper: 3
[DEBUG] CompareWithPeers bucket size before helper: 3
[DEBUG] CompareWithPeers bucket size after helper: 5
[DEBUG] CompareWithPeers bucket size after helper: 3

======================================================================
📊 PROGRESS REPORT [650/1977] (32.9%)
======================================================================
⏱️  Elapsed: 118.0 min | ETA: 240.8 min | Avg: 10.9s/sample
✅ Success: 650 | ❌ Failed: 0
🎯 Overall Accuracy: 60.5% (393/650)
📈 Long-only: 47 trades | Win Rate: 83.0% (39/47) | Avg Ret: +13.2%
💰 Total Cost: $2.7965 | Avg: $0.0043/sample
======================================================================

[DONE 650/1977] LYB: DOWN(D:3) TL:False Ret:20.6% Correct:False
[START 660/1977] VST 2020Q4 (LOSER)
[DONE 651/1977] AZO: DOWN(D:4) TL:False Ret:17.0% Correct:False
[START 661/1977] DDOG 2020Q4 (LOSER)
[DONE 652/1977] TTWO: DOWN(D:4) TL:False Ret:11.3% Correct:False
[START 662/1977] CAG 2019Q3 (GAINER)
[DONE 653/1977] RMD: UP(D:6) TL:True Ret:-13.5% Correct:False
[START 663/1977] CI 2020Q4 (GAINER)
[DEBUG] CompareWithPeers bucket size before helper: 5
[DEBUG] CompareWithPeers bucket size after helper: 5
[DEBUG] CompareWithPeers bucket size before helper: 0
[DEBUG] CompareWithPeers bucket size after helper: 0
[DEBUG] CompareWithPeers bucket size before helper: 0
[DEBUG] CompareWithPeers bucket size after helper: 0
[DONE 654/1977] ADBE: UP(D:6) TL:False Ret:12.8% Correct:True
[START 664/1977] ORLY 2019Q4 (LOSER)
[DONE 655/1977] GM: DOWN(D:4) TL:False Ret:-11.0% Correct:True
[START 665/1977] ZBRA 2022Q2 (LOSER)
[DONE 656/1977] CARR: DOWN(D:4) TL:False Ret:17.5% Correct:False
[START 666/1977] NUE 2021Q4 (GAINER)
[DEBUG] CompareWithPeers bucket size before helper: 4
[DEBUG] CompareWithPeers bucket size after helper: 4
[DEBUG] CompareWithPeers bucket size before helper: 3
[DEBUG] CompareWithPeers bucket size after helper: 3
[DEBUG] CompareWithPeers bucket size before helper: 0
[DEBUG] CompareWithPeers bucket size after helper: 0
[DONE 657/1977] JPM: DOWN(D:3) TL:False Ret:-18.9% Correct:True
[START 667/1977] PKG 2020Q3 (GAINER)
[DEBUG] CompareWithPeers bucket size before helper: 2
[DONE 658/1977] DVN: UP(D:6) TL:False Ret:17.7% Correct:True
[START 668/1977] QCOM 2020Q4 (GAINER)
[DEBUG] CompareWithPeers bucket size before helper: 2
[DEBUG] CompareWithPeers bucket size after helper: 2
[DONE 659/1977] PH: DOWN(D:4) TL:False Ret:12.3% Correct:False
[START 669/1977] ON 2020Q3 (GAINER)
[DEBUG] CompareWithPeers bucket size after helper: 2
[DEBUG] CompareWithPeers bucket size before helper: 2
[DEBUG] CompareWithPeers bucket size after helper: 2
[DONE 660/1977] CAG: DOWN(D:4) TL:False Ret:31.0% Correct:False
[START 670/1977] ON 2021Q2 (GAINER)
[DONE 661/1977] VST: DOWN(D:3) TL:False Ret:-24.6% Correct:True
[START 671/1977] HRL 2023Q3 (LOSER)
[DONE 662/1977] DDOG: UP(D:7) TL:False Ret:-31.4% Correct:False
[START 672/1977] IT 2021Q2 (GAINER)
[DEBUG] CompareWithPeers bucket size before helper: 2
[DEBUG] CompareWithPeers bucket size after helper: 2
[DEBUG] CompareWithPeers bucket size before helper: 3
[DEBUG] CompareWithPeers bucket size after helper: 3
[DEBUG] CompareWithPeers bucket size before helper: 0
[DEBUG] CompareWithPeers bucket size after helper: 0
[DONE 663/1977] ORLY: DOWN(D:4) TL:False Ret:-37.1% Correct:True
[START 673/1977] BEN 2022Q4 (GAINER)
[DEBUG] CompareWithPeers bucket size before helper: 2
[DEBUG] CompareWithPeers bucket size after helper: 2
[DONE 664/1977] ZBRA: DOWN(D:3) TL:False Ret:-17.4% Correct:True
[START 674/1977] SNPS 2020Q1 (LOSER)
[DEBUG] CompareWithPeers bucket size before helper: 4
[DONE 665/1977] NUE: UP(D:6) TL:False Ret:36.5% Correct:True
[START 675/1977] IRM 2021Q1 (GAINER)
[DEBUG] CompareWithPeers bucket size before helper: 3
[DEBUG] CompareWithPeers bucket size after helper: 4
[DEBUG] CompareWithPeers bucket size after helper: 3
[DEBUG] CompareWithPeers bucket size before helper: 0
[DEBUG] CompareWithPeers bucket size after helper: 0
[DONE 666/1977] QCOM: UP(D:8) TL:True Ret:14.3% Correct:True
[START 676/1977] CCI 2023Q2 (LOSER)
[DEBUG] CompareWithPeers bucket size before helper: 2
[DONE 667/1977] PKG: DOWN(D:4) TL:False Ret:17.7% Correct:False
[START 677/1977] AKAM 2021Q3 (GAINER)
[DEBUG] CompareWithPeers bucket size after helper: 2
[DONE 668/1977] CI: DOWN(D:3) TL:False Ret:10.9% Correct:False
[START 678/1977] MMM 2023Q4 (LOSER)
[DONE 669/1977] ON: DOWN(D:3) TL:False Ret:25.0% Correct:False
[START 679/1977] APTV 2020Q3 (GAINER)
[DEBUG] CompareWithPeers bucket size before helper: 2
[DEBUG] CompareWithPeers bucket size after helper: 2
[DEBUG] CompareWithPeers bucket size before helper: 3
[DONE 670/1977] ON: DOWN(D:4) TL:False Ret:22.5% Correct:False
[START 680/1977] LMT 2019Q4 (LOSER)
[DEBUG] CompareWithPeers bucket size after helper: 3
[DONE 671/1977] HRL: DOWN(D:3) TL:False Ret:-19.3% Correct:True
[START 681/1977] FTV 2019Q2 (LOSER)
[DEBUG] CompareWithPeers bucket size before helper: 3
[DEBUG] CompareWithPeers bucket size after helper: 3
[DEBUG] CompareWithPeers bucket size before helper: 3
[DEBUG] CompareWithPeers bucket size before helper: 3
[DEBUG] CompareWithPeers bucket size after helper: 3
[DONE 672/1977] IT: UP(D:6) TL:False Ret:19.6% Correct:True
[START 682/1977] NKE 2022Q1 (GAINER)
[DEBUG] CompareWithPeers bucket size after helper: 3
[DEBUG] CompareWithPeers bucket size before helper: 0
[DEBUG] CompareWithPeers bucket size after helper: 0
[DONE 673/1977] SNPS: DOWN(D:4) TL:False Ret:-22.0% Correct:True
[START 683/1977] HSIC 2021Q4 (GAINER)
[DONE 674/1977] BEN: DOWN(D:4) TL:False Ret:15.6% Correct:False
[START 684/1977] STT 2021Q4 (LOSER)

======================================================================
📊 PROGRESS REPORT [675/1977] (34.1%)
======================================================================
⏱️  Elapsed: 121.7 min | ETA: 234.8 min | Avg: 10.8s/sample
✅ Success: 675 | ❌ Failed: 0
🎯 Overall Accuracy: 60.1% (406/675)
📈 Long-only: 49 trades | Win Rate: 81.6% (40/49) | Avg Ret: +12.6%
💰 Total Cost: $2.9033 | Avg: $0.0043/sample
======================================================================

[DONE 675/1977] CCI: DOWN(D:4) TL:False Ret:-11.5% Correct:True
[START 685/1977] DXCM 2019Q1 (GAINER)
[DONE 676/1977] IRM: UP(D:7) TL:True Ret:14.3% Correct:True
[START 686/1977] CBOE 2021Q1 (GAINER)
[DEBUG] CompareWithPeers bucket size before helper: 3
[DEBUG] CompareWithPeers bucket size after helper: 3
[DEBUG] CompareWithPeers bucket size before helper: 3
[DEBUG] CompareWithPeers bucket size before helper: 3
[DEBUG] CompareWithPeers bucket size after helper: 3
[DEBUG] CompareWithPeers bucket size after helper: 3
[DONE 677/1977] APTV: UP(D:6) TL:False Ret:30.6% Correct:True
[START 687/1977] MS 2020Q1 (LOSER)
[DONE 678/1977] AKAM: UP(D:6) TL:False Ret:11.1% Correct:True
[START 688/1977] PTC 2021Q3 (LOSER)
[DEBUG] CompareWithPeers bucket size before helper: 0
[DEBUG] CompareWithPeers bucket size after helper: 0
[DONE 679/1977] MMM: DOWN(D:4) TL:False Ret:-14.4% Correct:True
[START 689/1977] NUE 2019Q2 (LOSER)
[DEBUG] CompareWithPeers bucket size before helper: 2
[DEBUG] CompareWithPeers bucket size after helper: 2
[DEBUG] CompareWithPeers bucket size before helper: 2
[DONE 680/1977] LMT: UP(D:6) TL:False Ret:-17.4% Correct:False
[START 690/1977] DGX 2020Q2 (LOSER)
[DEBUG] CompareWithPeers bucket size after helper: 2
[DEBUG] CompareWithPeers bucket size before helper: 2
[DEBUG] CompareWithPeers bucket size after helper: 2
[DEBUG] CompareWithPeers bucket size before helper: 0
[DEBUG] CompareWithPeers bucket size after helper: 0
[DONE 681/1977] FTV: DOWN(D:4) TL:False Ret:-16.8% Correct:True
[START 691/1977] HLT 2019Q3 (GAINER)
[DONE 682/1977] CBOE: DOWN(D:5) TL:False Ret:11.1% Correct:False
[START 692/1977] ISRG 2022Q1 (LOSER)
[DONE 683/1977] HSIC: UP(D:6) TL:False Ret:15.9% Correct:True
[START 693/1977] EXC 2023Q3 (LOSER)
[DEBUG] CompareWithPeers bucket size before helper: 5
[DONE 684/1977] NKE: DOWN(D:4) TL:False Ret:11.2% Correct:False
[START 694/1977] HST 2022Q4 (LOSER)
[DEBUG] CompareWithPeers bucket size after helper: 5
[DONE 685/1977] DXCM: UP(D:7) TL:False Ret:24.8% Correct:True
[START 695/1977] CRWD 2020Q2 (LOSER)
[DEBUG] CompareWithPeers bucket size before helper: 4
[DEBUG] CompareWithPeers bucket size before helper: 5
[DEBUG] CompareWithPeers bucket size after helper: 4
[DEBUG] CompareWithPeers bucket size after helper: 5
[DEBUG] CompareWithPeers bucket size before helper: 4
[DONE 686/1977] STT: DOWN(D:4) TL:False Ret:-16.9% Correct:True
[START 696/1977] PSX 2020Q3 (GAINER)
[DONE 687/1977] NUE: UP(D:3) TL:False Ret:-10.4% Correct:False
[START 697/1977] TT 2020Q3 (GAINER)
[DEBUG] CompareWithPeers bucket size after helper: 4
[DEBUG] CompareWithPeers bucket size before helper: 0
[DEBUG] CompareWithPeers bucket size after helper: 0
[DEBUG] CompareWithPeers bucket size before helper: 3
[DEBUG] CompareWithPeers bucket size before helper: 4
[DONE 688/1977] PTC: DOWN(D:4) TL:False Ret:-13.5% Correct:True
[START 698/1977] EL 2023Q2 (LOSER)
[DEBUG] CompareWithPeers bucket size after helper: 3
[DEBUG] CompareWithPeers bucket size after helper: 4
[DEBUG] CompareWithPeers bucket size before helper: 0
[DEBUG] CompareWithPeers bucket size after helper: 0
[DONE 689/1977] DGX: DOWN(D:4) TL:False Ret:-16.3% Correct:True
[START 699/1977] NVDA 2023Q4 (GAINER)
[DEBUG] CompareWithPeers bucket size before helper: 3
[DEBUG] CompareWithPeers bucket size after helper: 3
[DONE 690/1977] EXC: DOWN(D:4) TL:False Ret:-10.2% Correct:True
[START 700/1977] EPAM 2022Q4 (LOSER)
[DONE 691/1977] HLT: DOWN(D:4) TL:False Ret:15.6% Correct:False
[START 701/1977] FTNT 2020Q2 (LOSER)
[DONE 692/1977] ISRG: DOWN(D:3) TL:False Ret:-26.5% Correct:True
[START 702/1977] WAT 2021Q1 (GAINER)
[DEBUG] CompareWithPeers bucket size before helper: 3
[DEBUG] CompareWithPeers bucket size before helper: 4
[DEBUG] CompareWithPeers bucket size before helper: 0
[DEBUG] CompareWithPeers bucket size after helper: 0
[DEBUG] CompareWithPeers bucket size after helper: 3
[DONE 693/1977] MS: DOWN(D:4) TL:False Ret:-18.0% Correct:True
[START 703/1977] JCI 2023Q2 (GAINER)
[DEBUG] CompareWithPeers bucket size after helper: 4
[DONE 694/1977] CRWD: DOWN(D:3) TL:False Ret:-45.8% Correct:True
[START 704/1977] HAL 2019Q1 (LOSER)
[DONE 695/1977] TT: UP(D:7) TL:True Ret:12.6% Correct:True
[START 705/1977] DHI 2023Q4 (GAINER)
[DONE 696/1977] HST: DOWN(D:3) TL:False Ret:-10.5% Correct:True
[START 706/1977] LIN 2022Q3 (GAINER)
[DEBUG] CompareWithPeers bucket size before helper: 6
[DEBUG] CompareWithPeers bucket size after helper: 6
[DEBUG] CompareWithPeers bucket size before helper: 3
[DEBUG] CompareWithPeers bucket size after helper: 3
[DEBUG] CompareWithPeers bucket size before helper: 0
[DEBUG] CompareWithPeers bucket size after helper: 0
[DONE 697/1977] PSX: UP(D:6) TL:False Ret:46.1% Correct:True
[START 707/1977] NWSA 2023Q3 (GAINER)
[DEBUG] CompareWithPeers bucket size before helper: 2
[DEBUG] CompareWithPeers bucket size before helper: 6
[DEBUG] CompareWithPeers bucket size after helper: 2
[DEBUG] CompareWithPeers bucket size after helper: 6
[DONE 698/1977] EL: DOWN(D:4) TL:False Ret:-16.5% Correct:True
[START 708/1977] INCY 2023Q1 (LOSER)
[DONE 699/1977] NVDA: UP(D:6) TL:False Ret:30.3% Correct:True
[START 709/1977] APA 2021Q3 (LOSER)
[DEBUG] CompareWithPeers bucket size before helper: 0
[DEBUG] CompareWithPeers bucket size after helper: 0

======================================================================
📊 PROGRESS REPORT [700/1977] (35.4%)
======================================================================
⏱️  Elapsed: 126.4 min | ETA: 230.6 min | Avg: 10.8s/sample
✅ Success: 700 | ❌ Failed: 0
🎯 Overall Accuracy: 60.9% (426/700)
📈 Long-only: 52 trades | Win Rate: 82.7% (43/52) | Avg Ret: +12.7%
💰 Total Cost: $3.0069 | Avg: $0.0043/sample
======================================================================

[DONE 700/1977] WAT: UP(D:8) TL:True Ret:15.6% Correct:True
[START 710/1977] MOS 2019Q4 (LOSER)
[DONE 701/1977] FTNT: DOWN(D:4) TL:False Ret:-15.5% Correct:True
[START 711/1977] HPE 2021Q4 (GAINER)
[DONE 702/1977] EPAM: DOWN(D:3) TL:False Ret:-18.4% Correct:True
[START 712/1977] PEP 2019Q4 (LOSER)
[DEBUG] CompareWithPeers bucket size before helper: 4
[DEBUG] CompareWithPeers bucket size after helper: 4
[DEBUG] CompareWithPeers bucket size before helper: 3
[DEBUG] CompareWithPeers bucket size before helper: 5
[DONE 703/1977] HAL: DOWN(D:3) TL:False Ret:-29.5% Correct:True
[START 713/1977] TTD 2020Q4 (LOSER)
[DEBUG] CompareWithPeers bucket size after helper: 3
[DEBUG] CompareWithPeers bucket size after helper: 5
[DEBUG] CompareWithPeers bucket size before helper: 4
[DEBUG] CompareWithPeers bucket size after helper: 4
[DONE 704/1977] JCI: UP(D:7) TL:True Ret:12.3% Correct:True
[START 714/1977] LVS 2020Q1 (GAINER)
[DEBUG] CompareWithPeers bucket size before helper: 2
[DEBUG] CompareWithPeers bucket size after helper: 2
[DEBUG] CompareWithPeers bucket size before helper: 2
[DONE 705/1977] LIN: UP(D:6) TL:False Ret:12.7% Correct:True
[START 715/1977] DLR 2022Q1 (LOSER)
[DEBUG] CompareWithPeers bucket size after helper: 2
[DEBUG] CompareWithPeers bucket size before helper: 4
[DONE 706/1977] DHI: DOWN(D:4) TL:False Ret:24.1% Correct:False
[START 716/1977] CRM 2023Q4 (GAINER)
[DONE 707/1977] NWSA: DOWN(D:4) TL:False Ret:14.9% Correct:False
[START 717/1977] HBAN 2020Q3 (GAINER)
[DEBUG] CompareWithPeers bucket size after helper: 4
[DEBUG] CompareWithPeers bucket size before helper: 4
[DEBUG] CompareWithPeers bucket size after helper: 4
[DEBUG] CompareWithPeers bucket size before helper: 3
[DEBUG] CompareWithPeers bucket size after helper: 3
[DONE 708/1977] INCY: DOWN(D:3) TL:False Ret:-18.4% Correct:True
[START 718/1977] HLT 2022Q4 (LOSER)
[DEBUG] CompareWithPeers bucket size before helper: 4
[DEBUG] CompareWithPeers bucket size after helper: 4
[DEBUG] CompareWithPeers bucket size before helper: 0
[DEBUG] CompareWithPeers bucket size after helper: 0
[DONE 709/1977] APA: UP(D:6) TL:False Ret:-11.8% Correct:False
[START 719/1977] SYY 2020Q2 (LOSER)
[DONE 710/1977] HPE: DOWN(D:4) TL:False Ret:21.9% Correct:False
[START 720/1977] BX 2021Q2 (GAINER)
[DONE 711/1977] TTD: UP(D:8) TL:True Ret:-22.8% Correct:False
[START 721/1977] VST 2022Q4 (GAINER)
[DONE 712/1977] PEP: DOWN(D:5) TL:False Ret:-17.5% Correct:True
[START 722/1977] BAC 2019Q4 (LOSER)
[DONE 713/1977] MOS: DOWN(D:4) TL:False Ret:-46.7% Correct:True
[START 723/1977] STE 2023Q1 (LOSER)
[DEBUG] CompareWithPeers bucket size before helper: 2
[DEBUG] CompareWithPeers bucket size after helper: 2
[DEBUG] CompareWithPeers bucket size before helper: 3
[DEBUG] CompareWithPeers bucket size before helper: 6
[DEBUG] CompareWithPeers bucket size after helper: 3
[DEBUG] CompareWithPeers bucket size after helper: 6
[DONE 714/1977] DLR: DOWN(D:4) TL:False Ret:-16.1% Correct:True
[START 724/1977] HII 2022Q4 (LOSER)
[DEBUG] CompareWithPeers bucket size before helper: 3
[DONE 715/1977] LVS: DOWN(D:4) TL:False Ret:29.1% Correct:False
[START 725/1977] ALL 2022Q2 (GAINER)
[DEBUG] CompareWithPeers bucket size before helper: 6
[DEBUG] CompareWithPeers bucket size after helper: 3
[DEBUG] CompareWithPeers bucket size before helper: 4
[DONE 716/1977] CRM: UP(D:7) TL:True Ret:16.3% Correct:True
[START 726/1977] ROL 2023Q2 (LOSER)
[DEBUG] CompareWithPeers bucket size after helper: 6
[DEBUG] CompareWithPeers bucket size after helper: 4
[DEBUG] CompareWithPeers bucket size before helper: 2
[DEBUG] CompareWithPeers bucket size before helper: 2
[DEBUG] CompareWithPeers bucket size after helper: 2
[DONE 717/1977] HLT: UP(D:7) TL:True Ret:-10.5% Correct:False
[START 727/1977] EL 2019Q4 (GAINER)
[DEBUG] CompareWithPeers bucket size after helper: 2
[DONE 718/1977] SYY: UP(D:3) TL:False Ret:-57.3% Correct:False
[START 728/1977] FTNT 2019Q3 (GAINER)
[DEBUG] CompareWithPeers bucket size before helper: 3
[DONE 719/1977] VST: DOWN(D:3) TL:False Ret:12.9% Correct:False
[START 729/1977] OTIS 2021Q4 (LOSER)
[DEBUG] CompareWithPeers bucket size after helper: 3
[DONE 720/1977] HBAN: DOWN(D:4) TL:False Ret:35.3% Correct:False
[START 730/1977] CMI 2020Q1 (LOSER)
[DONE 721/1977] BX: UP(D:6) TL:False Ret:21.3% Correct:True
[START 731/1977] ROL 2019Q1 (LOSER)
[DONE 722/1977] STE: DOWN(D:3) TL:False Ret:-11.2% Correct:True
[START 732/1977] PAYC 2023Q3 (LOSER)
[DEBUG] CompareWithPeers bucket size before helper: 2
[DEBUG] CompareWithPeers bucket size after helper: 2
[DEBUG] CompareWithPeers bucket size before helper: 2
[DEBUG] CompareWithPeers bucket size after helper: 2
[DONE 723/1977] BAC: DOWN(D:4) TL:False Ret:-19.3% Correct:True
[START 733/1977] GIS 2023Q2 (LOSER)
[DEBUG] CompareWithPeers bucket size before helper: 2
[DEBUG] CompareWithPeers bucket size after helper: 2
[DONE 724/1977] HII: DOWN(D:3) TL:False Ret:-11.4% Correct:True
[START 734/1977] MDT 2020Q3 (LOSER)
[DEBUG] CompareWithPeers bucket size before helper: 0
[DEBUG] CompareWithPeers bucket size after helper: 0

======================================================================
📊 PROGRESS REPORT [725/1977] (36.7%)
======================================================================
⏱️  Elapsed: 130.0 min | ETA: 224.5 min | Avg: 10.8s/sample
✅ Success: 725 | ❌ Failed: 0
🎯 Overall Accuracy: 60.7% (440/725)
📈 Long-only: 56 trades | Win Rate: 80.4% (45/56) | Avg Ret: +11.7%
💰 Total Cost: $3.1166 | Avg: $0.0043/sample
======================================================================

[DONE 725/1977] ALL: DOWN(D:4) TL:False Ret:12.5% Correct:False
[START 735/1977] RL 2020Q2 (GAINER)
[DEBUG] CompareWithPeers bucket size before helper: 0
[DEBUG] CompareWithPeers bucket size after helper: 0
[DEBUG] CompareWithPeers bucket size before helper: 3
[DEBUG] CompareWithPeers bucket size before helper: 2
[DEBUG] CompareWithPeers bucket size after helper: 3
[DEBUG] CompareWithPeers bucket size after helper: 2
[DONE 726/1977] EL: UP(D:6) TL:False Ret:10.1% Correct:True
[START 736/1977] DIS 2021Q4 (LOSER)
[DONE 727/1977] ROL: DOWN(D:3) TL:False Ret:-19.4% Correct:True
[START 737/1977] WRB 2021Q4 (GAINER)
[DEBUG] CompareWithPeers bucket size before helper: 0
[DEBUG] CompareWithPeers bucket size after helper: 0
[DONE 728/1977] FTNT: UP(D:7) TL:False Ret:18.0% Correct:True
[START 738/1977] WST 2019Q2 (GAINER)
[DONE 729/1977] PAYC: DOWN(D:3) TL:False Ret:-16.8% Correct:True
[START 739/1977] NUE 2019Q1 (LOSER)
[DEBUG] CompareWithPeers bucket size before helper: 0
[DEBUG] CompareWithPeers bucket size after helper: 0
[DEBUG] CompareWithPeers bucket size before helper: 3
[DEBUG] CompareWithPeers bucket size after helper: 3
[DONE 730/1977] CMI: DOWN(D:4) TL:False Ret:-17.4% Correct:True
[START 740/1977] PSX 2022Q1 (GAINER)
[DONE 731/1977] ROL: DOWN(D:3) TL:False Ret:-13.2% Correct:True
[START 741/1977] ESS 2020Q3 (GAINER)
[DEBUG] CompareWithPeers bucket size before helper: 0
[DEBUG] CompareWithPeers bucket size after helper: 0
[DONE 732/1977] GIS: DOWN(D:4) TL:False Ret:-13.4% Correct:True
[START 742/1977] MMC 2021Q2 (GAINER)
[DONE 733/1977] OTIS: UP(D:6) TL:False Ret:-11.0% Correct:False
[START 743/1977] ZBH 2021Q3 (LOSER)
[DEBUG] CompareWithPeers bucket size before helper: 2
[DEBUG] CompareWithPeers bucket size before helper: 0
[DEBUG] CompareWithPeers bucket size after helper: 0
[DEBUG] CompareWithPeers bucket size after helper: 2
[DEBUG] CompareWithPeers bucket size before helper: 3
[DEBUG] CompareWithPeers bucket size before helper: 2
[DEBUG] CompareWithPeers bucket size after helper: 3
[DONE 734/1977] MDT: DOWN(D:3) TL:False Ret:-23.1% Correct:True
[START 744/1977] MSCI 2020Q2 (LOSER)
[DEBUG] CompareWithPeers bucket size after helper: 2
[DONE 735/1977] RL: DOWN(D:3) TL:False Ret:17.4% Correct:False
[START 745/1977] HWM 2023Q4 (GAINER)
[DEBUG] CompareWithPeers bucket size before helper: 4
[DEBUG] CompareWithPeers bucket size before helper: 3
[DEBUG] CompareWithPeers bucket size after helper: 4
[DONE 736/1977] WRB: UP(D:7) TL:True Ret:15.2% Correct:True
[START 746/1977] TECH 2019Q2 (GAINER)
[DEBUG] CompareWithPeers bucket size after helper: 3
[DONE 737/1977] DIS: DOWN(D:3) TL:False Ret:-12.4% Correct:True
[START 747/1977] WDAY 2020Q4 (LOSER)
[DEBUG] CompareWithPeers bucket size before helper: 5
[DEBUG] CompareWithPeers bucket size after helper: 5
[DONE 738/1977] WST: UP(D:7) TL:False Ret:22.4% Correct:True
[START 748/1977] DAY 2019Q4 (LOSER)
[DEBUG] CompareWithPeers bucket size before helper: 0
[DEBUG] CompareWithPeers bucket size after helper: 0
[DONE 739/1977] NUE: UP(D:6) TL:False Ret:-14.0% Correct:False
[START 749/1977] CCL 2019Q2 (LOSER)
[DEBUG] CompareWithPeers bucket size before helper: 5
[DEBUG] CompareWithPeers bucket size after helper: 5
[DONE 740/1977] PSX: DOWN(D:4) TL:False Ret:16.3% Correct:False
[START 750/1977] MDT 2019Q4 (GAINER)
[DEBUG] CompareWithPeers bucket size before helper: 4
[DONE 741/1977] MMC: UP(D:6) TL:False Ret:12.0% Correct:True
[START 751/1977] PM 2020Q4 (GAINER)
[DEBUG] CompareWithPeers bucket size after helper: 4
[DONE 742/1977] ESS: DOWN(D:4) TL:False Ret:30.9% Correct:False
[START 752/1977] AMGN 2019Q3 (GAINER)
[DONE 743/1977] ZBH: DOWN(D:3) TL:False Ret:-18.8% Correct:True
[START 753/1977] GWW 2022Q4 (GAINER)
[DEBUG] CompareWithPeers bucket size before helper: 3
[DEBUG] CompareWithPeers bucket size before helper: 2
[DEBUG] CompareWithPeers bucket size before helper: 4
[DEBUG] CompareWithPeers bucket size after helper: 3
[DEBUG] CompareWithPeers bucket size after helper: 2
[DEBUG] CompareWithPeers bucket size after helper: 4
[DEBUG] CompareWithPeers bucket size before helper: 0
[DEBUG] CompareWithPeers bucket size after helper: 0
[DONE 744/1977] MSCI: DOWN(D:4) TL:False Ret:-11.5% Correct:True
[START 754/1977] EL 2019Q2 (GAINER)
[DONE 745/1977] HWM: UP(D:7) TL:True Ret:15.7% Correct:True
[START 755/1977] DASH 2021Q4 (GAINER)
[DONE 746/1977] TECH: DOWN(D:4) TL:False Ret:11.7% Correct:False
[START 756/1977] APO 2019Q2 (GAINER)
[DONE 747/1977] WDAY: DOWN(D:3) TL:False Ret:-17.1% Correct:True
[START 757/1977] PANW 2023Q3 (GAINER)
[DEBUG] CompareWithPeers bucket size before helper: 2
[DEBUG] CompareWithPeers bucket size after helper: 2
[DEBUG] CompareWithPeers bucket size before helper: 3
[DEBUG] CompareWithPeers bucket size before helper: 0
[DEBUG] CompareWithPeers bucket size after helper: 0
[DEBUG] CompareWithPeers bucket size after helper: 3
[DONE 748/1977] DAY: DOWN(D:3) TL:False Ret:-35.0% Correct:True
[START 758/1977] GILD 2021Q4 (LOSER)
[DEBUG] CompareWithPeers bucket size before helper: 3
[DONE 749/1977] MDT: UP(D:6) TL:False Ret:10.4% Correct:True
[START 759/1977] ADI 2021Q2 (GAINER)
[DEBUG] CompareWithPeers bucket size after helper: 3

======================================================================
📊 PROGRESS REPORT [750/1977] (37.9%)
======================================================================
⏱️  Elapsed: 133.6 min | ETA: 218.5 min | Avg: 10.7s/sample
✅ Success: 750 | ❌ Failed: 0
🎯 Overall Accuracy: 61.2% (459/750)
📈 Long-only: 58 trades | Win Rate: 81.0% (47/58) | Avg Ret: +11.9%
💰 Total Cost: $3.2175 | Avg: $0.0043/sample
======================================================================

[DONE 750/1977] CCL: DOWN(D:3) TL:False Ret:-13.0% Correct:True
[START 760/1977] COIN 2023Q4 (GAINER)
[DEBUG] CompareWithPeers bucket size before helper: 0
[DEBUG] CompareWithPeers bucket size after helper: 0
[DEBUG] CompareWithPeers bucket size before helper: 3
[DEBUG] CompareWithPeers bucket size after helper: 3
[DONE 751/1977] PM: UP(D:8) TL:True Ret:11.2% Correct:True
[START 761/1977] GNRC 2019Q4 (LOSER)
[DONE 752/1977] GWW: DOWN(D:4) TL:False Ret:10.9% Correct:False
[START 762/1977] LW 2020Q4 (LOSER)
[DEBUG] CompareWithPeers bucket size before helper: 2
[DEBUG] CompareWithPeers bucket size before helper: 0
[DEBUG] CompareWithPeers bucket size after helper: 0
[DONE 753/1977] AMGN: DOWN(D:4) TL:False Ret:12.8% Correct:False
[START 763/1977] MU 2023Q1 (GAINER)
[DEBUG] CompareWithPeers bucket size after helper: 2
[DEBUG] CompareWithPeers bucket size before helper: 2
[DEBUG] CompareWithPeers bucket size after helper: 2
[DONE 754/1977] EL: UP(D:6) TL:False Ret:17.3% Correct:True
[START 764/1977] SWKS 2019Q2 (LOSER)
[DONE 755/1977] PANW: UP(D:8) TL:True Ret:30.4% Correct:True
[START 765/1977] BBY 2023Q4 (LOSER)
[DEBUG] CompareWithPeers bucket size before helper: 5
[DEBUG] CompareWithPeers bucket size before helper: 0
[DEBUG] CompareWithPeers bucket size after helper: 0
[DONE 756/1977] DASH: DOWN(D:3) TL:False Ret:15.1% Correct:False
[START 766/1977] MTCH 2019Q1 (GAINER)
[DEBUG] CompareWithPeers bucket size after helper: 5
[DEBUG] CompareWithPeers bucket size before helper: 5
[DEBUG] CompareWithPeers bucket size after helper: 5
[DONE 757/1977] APO: DOWN(D:3) TL:False Ret:15.8% Correct:False
[START 767/1977] AMCR 2020Q2 (LOSER)
[DEBUG] CompareWithPeers bucket size before helper: 2
[DONE 758/1977] ADI: UP(D:8) TL:True Ret:16.0% Correct:True
[START 768/1977] F 2021Q4 (LOSER)
[DEBUG] CompareWithPeers bucket size after helper: 2
[DONE 759/1977] COIN: DOWN(D:4) TL:False Ret:48.4% Correct:False
[START 769/1977] EW 2019Q4 (LOSER)
[DEBUG] CompareWithPeers bucket size before helper: 0
[DEBUG] CompareWithPeers bucket size after helper: 0
[DEBUG] CompareWithPeers bucket size before helper: 2
[DONE 760/1977] GILD: DOWN(D:3) TL:False Ret:-13.5% Correct:True
[START 770/1977] LEN 2021Q2 (GAINER)
[DEBUG] CompareWithPeers bucket size after helper: 2
[DEBUG] CompareWithPeers bucket size before helper: 4
[DEBUG] CompareWithPeers bucket size after helper: 4
[DONE 761/1977] GNRC: DOWN(D:4) TL:False Ret:-21.8% Correct:True
[START 771/1977] NCLH 2023Q4 (GAINER)
[DONE 762/1977] LW: DOWN(D:3) TL:False Ret:-12.9% Correct:True
[START 772/1977] TAP 2019Q1 (LOSER)
[DEBUG] CompareWithPeers bucket size before helper: 0
[DEBUG] CompareWithPeers bucket size after helper: 0
[DEBUG] CompareWithPeers bucket size before helper: 3
[DONE 763/1977] MU: DOWN(D:3) TL:False Ret:18.4% Correct:False
[START 773/1977] AIG 2021Q3 (LOSER)
[DEBUG] CompareWithPeers bucket size after helper: 3
[DEBUG] CompareWithPeers bucket size before helper: 5
[DEBUG] CompareWithPeers bucket size before helper: 0
[DEBUG] CompareWithPeers bucket size after helper: 0
[DONE 764/1977] BBY: DOWN(D:4) TL:False Ret:-11.1% Correct:True
[START 774/1977] HPQ 2021Q2 (LOSER)
[DEBUG] CompareWithPeers bucket size after helper: 5
[DEBUG] CompareWithPeers bucket size before helper: 4
[DEBUG] CompareWithPeers bucket size after helper: 4
[DONE 765/1977] MTCH: DOWN(D:4) TL:False Ret:14.6% Correct:False
[START 775/1977] SW 2023Q3 (GAINER)
[DONE 766/1977] SWKS: DOWN(D:4) TL:False Ret:-20.2% Correct:True
[START 776/1977] SWKS 2019Q4 (GAINER)
[DONE 767/1977] F: DOWN(D:3) TL:False Ret:-17.1% Correct:True
[START 777/1977] FIS 2021Q2 (LOSER)
[DEBUG] CompareWithPeers bucket size before helper: 3
[DEBUG] CompareWithPeers bucket size before helper: 0
[DEBUG] CompareWithPeers bucket size after helper: 0
[DONE 768/1977] AMCR: UP(D:7) TL:True Ret:-28.7% Correct:False
[START 778/1977] KKR 2021Q4 (LOSER)
[DEBUG] CompareWithPeers bucket size after helper: 3
[DONE 769/1977] EW: DOWN(D:4) TL:False Ret:-19.8% Correct:True
[START 779/1977] PPG 2021Q4 (LOSER)
[DEBUG] CompareWithPeers bucket size before helper: 0
[DEBUG] CompareWithPeers bucket size after helper: 0
[DONE 770/1977] NCLH: DOWN(D:4) TL:False Ret:15.5% Correct:False
[START 780/1977] CPT 2022Q4 (LOSER)
[DEBUG] CompareWithPeers bucket size before helper: 5
[DEBUG] CompareWithPeers bucket size after helper: 5
[DEBUG] CompareWithPeers bucket size before helper: 2
[DONE 771/1977] LEN: UP(D:6) TL:False Ret:15.1% Correct:True
[START 781/1977] MLM 2020Q2 (LOSER)
[DEBUG] CompareWithPeers bucket size before helper: 3
[DEBUG] CompareWithPeers bucket size after helper: 2
[DEBUG] CompareWithPeers bucket size after helper: 3
[DEBUG] CompareWithPeers bucket size before helper: 2
[DONE 772/1977] TAP: DOWN(D:3) TL:False Ret:-14.1% Correct:True
[START 782/1977] TFC 2020Q4 (GAINER)
[DEBUG] CompareWithPeers bucket size before helper: 0
[DEBUG] CompareWithPeers bucket size after helper: 0
[DEBUG] CompareWithPeers bucket size after helper: 2
[DEBUG] CompareWithPeers bucket size before helper: 4
[DEBUG] CompareWithPeers bucket size before helper: 2
[DEBUG] CompareWithPeers bucket size after helper: 4
[DEBUG] CompareWithPeers bucket size after helper: 2
[DONE 773/1977] SWKS: UP(D:6) TL:False Ret:20.4% Correct:True
[START 783/1977] EXR 2022Q3 (LOSER)
[DONE 774/1977] HPQ: DOWN(D:3) TL:False Ret:-12.2% Correct:True
[START 784/1977] MGM 2021Q3 (LOSER)

======================================================================
📊 PROGRESS REPORT [775/1977] (39.2%)
======================================================================
⏱️  Elapsed: 137.4 min | ETA: 213.1 min | Avg: 10.6s/sample
✅ Success: 775 | ❌ Failed: 0
🎯 Overall Accuracy: 61.3% (475/775)
📈 Long-only: 62 trades | Win Rate: 80.6% (50/62) | Avg Ret: +11.6%
💰 Total Cost: $3.3187 | Avg: $0.0043/sample
======================================================================

[DONE 775/1977] AIG: DOWN(D:4) TL:False Ret:-12.4% Correct:True
[START 785/1977] FTNT 2022Q4 (GAINER)
[DONE 776/1977] SW: DOWN(D:4) TL:False Ret:12.3% Correct:False
[START 786/1977] SBAC 2023Q1 (LOSER)
[DONE 777/1977] FIS: UP(D:6) TL:False Ret:-10.1% Correct:False
[START 787/1977] HPE 2022Q2 (LOSER)
[DONE 778/1977] KKR: DOWN(D:4) TL:False Ret:-16.6% Correct:True
[START 788/1977] CRL 2022Q1 (LOSER)
[DEBUG] CompareWithPeers bucket size before helper: 0
[DEBUG] CompareWithPeers bucket size after helper: 0
[DONE 779/1977] CPT: DOWN(D:4) TL:False Ret:-18.2% Correct:True
[START 789/1977] DHR 2021Q2 (GAINER)
[DEBUG] CompareWithPeers bucket size before helper: 3
[DEBUG] CompareWithPeers bucket size after helper: 3
[DEBUG] CompareWithPeers bucket size before helper: 3
[DEBUG] CompareWithPeers bucket size after helper: 3
[DEBUG] CompareWithPeers bucket size before helper: 4
[DEBUG] CompareWithPeers bucket size before helper: 2
[DEBUG] CompareWithPeers bucket size after helper: 2
[DEBUG] CompareWithPeers bucket size after helper: 4
[DONE 780/1977] FTNT: UP(D:7) TL:True Ret:17.6% Correct:True
[START 790/1977] ODFL 2021Q2 (GAINER)
[DONE 781/1977] MLM: DOWN(D:3) TL:False Ret:-10.8% Correct:True
[START 791/1977] CMCSA 2019Q4 (LOSER)
[DONE 782/1977] PPG: DOWN(D:3) TL:False Ret:-28.3% Correct:True
[START 792/1977] LULU 2023Q4 (LOSER)
[DEBUG] CompareWithPeers bucket size before helper: 0
[DEBUG] CompareWithPeers bucket size after helper: 0
[DONE 783/1977] MGM: DOWN(D:4) TL:False Ret:-13.2% Correct:True
[START 793/1977] KEY 2022Q3 (GAINER)
[DEBUG] CompareWithPeers bucket size before helper: 3
[DEBUG] CompareWithPeers bucket size after helper: 3
[DEBUG] CompareWithPeers bucket size before helper: 0
[DEBUG] CompareWithPeers bucket size after helper: 0
[DONE 784/1977] EXR: DOWN(D:3) TL:False Ret:-12.5% Correct:True
[START 794/1977] SBUX 2023Q2 (LOSER)
[DEBUG] CompareWithPeers bucket size before helper: 3
[DONE 785/1977] SBAC: DOWN(D:3) TL:False Ret:-12.0% Correct:True
[START 795/1977] PYPL 2021Q1 (GAINER)
[DEBUG] CompareWithPeers bucket size after helper: 3
[DONE 786/1977] CRL: DOWN(D:4) TL:False Ret:-18.3% Correct:True
[START 796/1977] ROST 2019Q4 (LOSER)
[DEBUG] CompareWithPeers bucket size before helper: 3
[DEBUG] CompareWithPeers bucket size after helper: 3
[DONE 787/1977] DHR: UP(D:7) TL:True Ret:18.5% Correct:True
[START 797/1977] KKR 2023Q4 (GAINER)
[DEBUG] CompareWithPeers bucket size before helper: 0
[DEBUG] CompareWithPeers bucket size after helper: 0
[DEBUG] CompareWithPeers bucket size before helper: 3
[DONE 788/1977] HPE: DOWN(D:4) TL:False Ret:-16.6% Correct:True
[START 798/1977] DOW 2019Q3 (GAINER)
[DEBUG] CompareWithPeers bucket size after helper: 3
[DONE 789/1977] TFC: DOWN(D:4) TL:False Ret:13.7% Correct:False
[START 799/1977] DD 2020Q1 (GAINER)
[DEBUG] CompareWithPeers bucket size before helper: 3
[DEBUG] CompareWithPeers bucket size after helper: 3
[DEBUG] CompareWithPeers bucket size before helper: 0
[DEBUG] CompareWithPeers bucket size after helper: 0
[DONE 790/1977] CMCSA: DOWN(D:4) TL:False Ret:-14.9% Correct:True
[START 800/1977] COR 2022Q1 (GAINER)
[DONE 791/1977] ODFL: UP(D:7) TL:False Ret:11.7% Correct:True
[START 801/1977] HLT 2019Q4 (LOSER)
[DEBUG] CompareWithPeers bucket size before helper: 4
[DEBUG] CompareWithPeers bucket size after helper: 4
[DONE 792/1977] LULU: DOWN(D:3) TL:False Ret:-26.9% Correct:True
[START 802/1977] CI 2021Q2 (LOSER)
[DEBUG] CompareWithPeers bucket size before helper: 3
[DEBUG] CompareWithPeers bucket size after helper: 3
[DEBUG] CompareWithPeers bucket size before helper: 2
[DEBUG] CompareWithPeers bucket size after helper: 2
[DONE 793/1977] SBUX: DOWN(D:4) TL:False Ret:-11.4% Correct:True
[START 803/1977] MAS 2023Q3 (GAINER)
[DEBUG] CompareWithPeers bucket size before helper: 0
[DEBUG] CompareWithPeers bucket size after helper: 0
[DONE 794/1977] KEY: DOWN(D:4) TL:False Ret:12.5% Correct:False
[START 804/1977] NTAP 2020Q1 (GAINER)
[DEBUG] CompareWithPeers bucket size before helper: 3
[DONE 795/1977] KKR: UP(D:6) TL:False Ret:11.5% Correct:True
[START 805/1977] TDG 2021Q2 (GAINER)
[DONE 796/1977] PYPL: UP(D:6) TL:True Ret:14.5% Correct:True
[START 806/1977] UBER 2021Q4 (LOSER)
[DEBUG] CompareWithPeers bucket size after helper: 3
[DEBUG] CompareWithPeers bucket size before helper: 0
[DEBUG] CompareWithPeers bucket size after helper: 0
[DEBUG] CompareWithPeers bucket size before helper: 0
[DEBUG] CompareWithPeers bucket size after helper: 0
[DEBUG] CompareWithPeers bucket size before helper: 4
[DEBUG] CompareWithPeers bucket size after helper: 4
[DONE 797/1977] DOW: UP(D:6) TL:False Ret:12.7% Correct:True
[START 807/1977] DLTR 2023Q2 (LOSER)
[DONE 798/1977] ROST: DOWN(D:4) TL:False Ret:-20.9% Correct:True
[START 808/1977] WMT 2022Q4 (GAINER)
[DEBUG] CompareWithPeers bucket size before helper: 2
[DEBUG] CompareWithPeers bucket size after helper: 2
[DONE 799/1977] DD: DOWN(D:5) TL:False Ret:18.0% Correct:False
[START 809/1977] SYY 2019Q4 (GAINER)
[DEBUG] CompareWithPeers bucket size before helper: 4
[DEBUG] CompareWithPeers bucket size after helper: 4

======================================================================
📊 PROGRESS REPORT [800/1977] (40.5%)
======================================================================
⏱️  Elapsed: 142.1 min | ETA: 209.1 min | Avg: 10.7s/sample
✅ Success: 800 | ❌ Failed: 0
🎯 Overall Accuracy: 61.9% (495/800)
📈 Long-only: 65 trades | Win Rate: 81.5% (53/65) | Avg Ret: +11.8%
💰 Total Cost: $3.4230 | Avg: $0.0043/sample
======================================================================

[DONE 800/1977] COR: UP(D:6) TL:False Ret:10.6% Correct:True
[START 810/1977] CB 2020Q3 (GAINER)
[DONE 801/1977] HLT: DOWN(D:4) TL:False Ret:-35.1% Correct:True
[START 811/1977] ICE 2019Q4 (LOSER)
[DEBUG] CompareWithPeers bucket size before helper: 2
[DEBUG] CompareWithPeers bucket size after helper: 2
[DONE 802/1977] CI: DOWN(D:4) TL:False Ret:-11.2% Correct:True
[START 812/1977] LDOS 2021Q2 (LOSER)
[DEBUG] CompareWithPeers bucket size before helper: 0
[DEBUG] CompareWithPeers bucket size after helper: 0
[DEBUG] CompareWithPeers bucket size before helper: 4
[DEBUG] CompareWithPeers bucket size after helper: 4
[DONE 803/1977] MAS: UP(D:7) TL:True Ret:32.4% Correct:True
[START 813/1977] TTD 2020Q1 (GAINER)
[DEBUG] CompareWithPeers bucket size before helper: 2
[DONE 804/1977] NTAP: DOWN(D:4) TL:False Ret:20.6% Correct:False
[START 814/1977] CTRA 2020Q1 (LOSER)
[DEBUG] CompareWithPeers bucket size after helper: 2
[DEBUG] CompareWithPeers bucket size before helper: 3
[DEBUG] CompareWithPeers bucket size after helper: 3
[DONE 805/1977] TDG: DOWN(D:4) TL:False Ret:13.5% Correct:False
[START 815/1977] PCAR 2023Q3 (GAINER)
[DONE 806/1977] UBER: DOWN(D:4) TL:False Ret:-15.3% Correct:True
[START 816/1977] TFC 2023Q3 (GAINER)
[DONE 807/1977] WMT: DOWN(D:4) TL:False Ret:13.1% Correct:False
[START 817/1977] VICI 2020Q2 (GAINER)
[DEBUG] CompareWithPeers bucket size before helper: 0
[DEBUG] CompareWithPeers bucket size after helper: 0
[DEBUG] CompareWithPeers bucket size before helper: 5
[DEBUG] CompareWithPeers bucket size after helper: 5
[DONE 808/1977] DLTR: DOWN(D:3) TL:False Ret:-25.9% Correct:True
[START 818/1977] GM 2021Q4 (LOSER)
[DEBUG] CompareWithPeers bucket size before helper: 3
[DEBUG] CompareWithPeers bucket size after helper: 3
[DEBUG] CompareWithPeers bucket size before helper: 2
[DEBUG] CompareWithPeers bucket size before helper: 4
[DEBUG] CompareWithPeers bucket size before helper: 0
[DEBUG] CompareWithPeers bucket size after helper: 0
[DEBUG] CompareWithPeers bucket size after helper: 2
[DEBUG] CompareWithPeers bucket size after helper: 4
[DONE 809/1977] SYY: DOWN(D:4) TL:False Ret:12.3% Correct:False
[START 819/1977] TSN 2019Q4 (GAINER)
[DONE 810/1977] CB: DOWN(D:4) TL:False Ret:24.5% Correct:False
[START 820/1977] TAP 2022Q2 (LOSER)
[DEBUG] CompareWithPeers bucket size before helper: 3
[DONE 811/1977] LDOS: DOWN(D:3) TL:False Ret:-12.1% Correct:True
[START 821/1977] CCL 2023Q1 (GAINER)
[DONE 812/1977] CTRA: DOWN(D:4) TL:False Ret:-10.3% Correct:True
[START 822/1977] PFG 2022Q4 (LOSER)
[DEBUG] CompareWithPeers bucket size after helper: 3
[DONE 813/1977] ICE: DOWN(D:4) TL:False Ret:-21.4% Correct:True
[START 823/1977] BR 2020Q2 (LOSER)
[DEBUG] CompareWithPeers bucket size before helper: 3
[DEBUG] CompareWithPeers bucket size before helper: 4
[DEBUG] CompareWithPeers bucket size after helper: 3
[DEBUG] CompareWithPeers bucket size after helper: 4
[DONE 814/1977] TTD: UP(D:4) TL:False Ret:24.9% Correct:True
[START 824/1977] ODFL 2021Q3 (GAINER)
[DEBUG] CompareWithPeers bucket size before helper: 4
[DEBUG] CompareWithPeers bucket size after helper: 4
[DONE 815/1977] PCAR: UP(D:6) TL:False Ret:16.4% Correct:True
[START 825/1977] RL 2023Q2 (GAINER)
[DONE 816/1977] TFC: UP(D:3) TL:False Ret:15.8% Correct:True
[START 826/1977] JBL 2019Q2 (GAINER)
[DONE 817/1977] VICI: UP(D:6) TL:False Ret:12.3% Correct:True
[START 827/1977] AIG 2020Q1 (GAINER)
[DEBUG] CompareWithPeers bucket size before helper: 0
[DEBUG] CompareWithPeers bucket size after helper: 0
[DEBUG] CompareWithPeers bucket size before helper: 4
[DEBUG] CompareWithPeers bucket size before helper: 2
[DEBUG] CompareWithPeers bucket size before helper: 3
[DONE 818/1977] GM: DOWN(D:4) TL:False Ret:-19.3% Correct:True
[START 828/1977] HON 2020Q3 (GAINER)
[DEBUG] CompareWithPeers bucket size after helper: 4
[DEBUG] CompareWithPeers bucket size after helper: 2
[DEBUG] CompareWithPeers bucket size after helper: 3
[DONE 819/1977] TAP: DOWN(D:3) TL:False Ret:-15.1% Correct:True
[START 829/1977] ANET 2019Q1 (LOSER)
[DONE 820/1977] TSN: DOWN(D:4) TL:False Ret:10.4% Correct:False
[START 830/1977] BEN 2022Q1 (LOSER)
[DEBUG] CompareWithPeers bucket size before helper: 3
[DONE 821/1977] CCL: UP(D:7) TL:False Ret:15.4% Correct:True
[START 831/1977] MHK 2021Q3 (LOSER)
[DEBUG] CompareWithPeers bucket size after helper: 3
[DEBUG] CompareWithPeers bucket size before helper: 3
[DEBUG] CompareWithPeers bucket size after helper: 3
[DEBUG] CompareWithPeers bucket size before helper: 0
[DEBUG] CompareWithPeers bucket size after helper: 0
[DEBUG] CompareWithPeers bucket size before helper: 0
[DEBUG] CompareWithPeers bucket size after helper: 0
[DONE 822/1977] BR: DOWN(D:3) TL:False Ret:-23.0% Correct:True
[START 832/1977] GNRC 2022Q3 (LOSER)
[DEBUG] CompareWithPeers bucket size before helper: 4
[DONE 823/1977] JBL: DOWN(D:4) TL:False Ret:10.4% Correct:False
[START 833/1977] ROP 2020Q1 (GAINER)
[DONE 824/1977] ODFL: DOWN(D:4) TL:False Ret:10.0% Correct:False
[START 834/1977] A 2019Q3 (GAINER)
[DEBUG] CompareWithPeers bucket size after helper: 4
[DEBUG] CompareWithPeers bucket size before helper: 0
[DEBUG] CompareWithPeers bucket size after helper: 0

======================================================================
📊 PROGRESS REPORT [825/1977] (41.7%)
======================================================================
⏱️  Elapsed: 146.2 min | ETA: 204.1 min | Avg: 10.6s/sample
✅ Success: 825 | ❌ Failed: 0
🎯 Overall Accuracy: 61.9% (511/825)
📈 Long-only: 66 trades | Win Rate: 81.8% (54/66) | Avg Ret: +12.1%
💰 Total Cost: $3.5294 | Avg: $0.0043/sample
======================================================================

[DONE 825/1977] RL: DOWN(D:4) TL:False Ret:15.6% Correct:False
[START 835/1977] DASH 2023Q3 (GAINER)
[DONE 826/1977] PFG: UP(D:4) TL:False Ret:-25.4% Correct:False
[START 836/1977] IQV 2022Q4 (LOSER)
[DONE 827/1977] AIG: DOWN(D:4) TL:False Ret:34.1% Correct:False
[START 837/1977] MU 2021Q3 (LOSER)
[DEBUG] CompareWithPeers bucket size before helper: 0
[DEBUG] CompareWithPeers bucket size after helper: 0
[DEBUG] CompareWithPeers bucket size before helper: 2
[DEBUG] CompareWithPeers bucket size before helper: 3
[DEBUG] CompareWithPeers bucket size after helper: 2
[DEBUG] CompareWithPeers bucket size after helper: 3
[DONE 828/1977] HON: DOWN(D:4) TL:False Ret:28.7% Correct:False
[START 838/1977] DOV 2022Q1 (LOSER)
[DEBUG] CompareWithPeers bucket size before helper: 3
[DEBUG] CompareWithPeers bucket size after helper: 3
[DONE 829/1977] ANET: DOWN(D:3) TL:False Ret:-23.3% Correct:True
[START 839/1977] BLDR 2021Q2 (GAINER)
[DONE 830/1977] BEN: UP(D:6) TL:True Ret:-12.8% Correct:False
[START 840/1977] KLAC 2022Q1 (GAINER)
[DEBUG] CompareWithPeers bucket size before helper: 2
[DEBUG] CompareWithPeers bucket size after helper: 2
[DONE 831/1977] GNRC: DOWN(D:3) TL:False Ret:-19.0% Correct:True
[START 841/1977] HD 2023Q3 (GAINER)
[DEBUG] CompareWithPeers bucket size before helper: 3
[DEBUG] CompareWithPeers bucket size before helper: 3
[DONE 832/1977] DASH: UP(D:7) TL:True Ret:33.8% Correct:True
[START 842/1977] AMZN 2022Q1 (LOSER)
[DEBUG] CompareWithPeers bucket size after helper: 3
[DEBUG] CompareWithPeers bucket size after helper: 3
[DEBUG] CompareWithPeers bucket size before helper: 2
[DEBUG] CompareWithPeers bucket size before helper: 0
[DEBUG] CompareWithPeers bucket size after helper: 0
[DEBUG] CompareWithPeers bucket size after helper: 2
[DONE 833/1977] IQV: DOWN(D:4) TL:False Ret:-17.1% Correct:True
[START 843/1977] TFC 2020Q1 (GAINER)
[DEBUG] CompareWithPeers bucket size before helper: 0
[DEBUG] CompareWithPeers bucket size after helper: 0
[DONE 834/1977] A: UP(D:7) TL:False Ret:16.5% Correct:True
[START 844/1977] AXON 2023Q4 (GAINER)
[DONE 835/1977] MHK: DOWN(D:3) TL:False Ret:-12.3% Correct:True
[START 845/1977] AMD 2022Q3 (GAINER)
[DONE 836/1977] MU: UP(D:7) TL:False Ret:-16.5% Correct:False
[START 846/1977] HII 2021Q4 (GAINER)
[DEBUG] CompareWithPeers bucket size before helper: 4
[DONE 837/1977] ROP: DOWN(D:4) TL:False Ret:27.6% Correct:False
[START 847/1977] FAST 2020Q2 (GAINER)
[DEBUG] CompareWithPeers bucket size before helper: 3
[DEBUG] CompareWithPeers bucket size after helper: 4
[DEBUG] CompareWithPeers bucket size after helper: 3
[DEBUG] CompareWithPeers bucket size before helper: 2
[DEBUG] CompareWithPeers bucket size after helper: 2
[DONE 838/1977] BLDR: DOWN(D:4) TL:False Ret:10.8% Correct:False
[START 848/1977] APA 2020Q4 (LOSER)
[DONE 839/1977] DOV: DOWN(D:3) TL:False Ret:-14.2% Correct:True
[START 849/1977] DLR 2023Q2 (GAINER)
[DONE 840/1977] KLAC: UP(D:8) TL:True Ret:20.6% Correct:True
[START 850/1977] WAT 2022Q4 (LOSER)
[DEBUG] CompareWithPeers bucket size before helper: 2
[DEBUG] CompareWithPeers bucket size after helper: 2
[DEBUG] CompareWithPeers bucket size before helper: 0
[DEBUG] CompareWithPeers bucket size after helper: 0
[DONE 841/1977] HD: DOWN(D:3) TL:False Ret:20.6% Correct:False
[START 851/1977] GRMN 2021Q2 (GAINER)
[DEBUG] CompareWithPeers bucket size before helper: 3
[DEBUG] CompareWithPeers bucket size before helper: 3
[DEBUG] CompareWithPeers bucket size after helper: 3
[DONE 842/1977] AMZN: DOWN(D:3) TL:False Ret:-28.3% Correct:True
[START 852/1977] BLDR 2022Q4 (GAINER)
[DEBUG] CompareWithPeers bucket size after helper: 3
[DEBUG] CompareWithPeers bucket size before helper: 0
[DEBUG] CompareWithPeers bucket size after helper: 0
[DONE 843/1977] AMD: DOWN(D:4) TL:False Ret:14.8% Correct:False
[START 853/1977] FIS 2023Q3 (GAINER)
[DEBUG] CompareWithPeers bucket size before helper: 0
[DEBUG] CompareWithPeers bucket size after helper: 0
[DONE 844/1977] AXON: UP(D:7) TL:True Ret:19.2% Correct:True
[START 854/1977] BXP 2020Q3 (GAINER)
[DONE 845/1977] HII: DOWN(D:3) TL:False Ret:10.0% Correct:False
[START 855/1977] HON 2022Q4 (LOSER)
[DONE 846/1977] TFC: UP(D:6) TL:False Ret:12.6% Correct:True
[START 856/1977] CRWD 2023Q3 (LOSER)
[DEBUG] CompareWithPeers bucket size before helper: 0
[DEBUG] CompareWithPeers bucket size after helper: 0
[DEBUG] CompareWithPeers bucket size before helper: 2
[DEBUG] CompareWithPeers bucket size after helper: 2
[DONE 847/1977] FAST: DOWN(D:5) TL:False Ret:10.4% Correct:False
[START 857/1977] ROK 2020Q1 (LOSER)
[DONE 848/1977] DLR: UP(D:4) TL:False Ret:13.9% Correct:True
[START 858/1977] BDX 2020Q3 (LOSER)
[DEBUG] CompareWithPeers bucket size before helper: 0
[DEBUG] CompareWithPeers bucket size after helper: 0
[DEBUG] CompareWithPeers bucket size before helper: 2
[DEBUG] CompareWithPeers bucket size before helper: 0
[DEBUG] CompareWithPeers bucket size after helper: 0
[DEBUG] CompareWithPeers bucket size after helper: 2
[DEBUG] CompareWithPeers bucket size before helper: 4
[DONE 849/1977] APA: DOWN(D:4) TL:False Ret:-17.1% Correct:True
[START 859/1977] MDLZ 2021Q4 (LOSER)
[DEBUG] CompareWithPeers bucket size after helper: 4

======================================================================
📊 PROGRESS REPORT [850/1977] (43.0%)
======================================================================
⏱️  Elapsed: 150.6 min | ETA: 199.7 min | Avg: 10.6s/sample
✅ Success: 850 | ❌ Failed: 0
🎯 Overall Accuracy: 61.8% (525/850)
📈 Long-only: 70 trades | Win Rate: 81.4% (57/70) | Avg Ret: +12.3%
💰 Total Cost: $3.6315 | Avg: $0.0043/sample
======================================================================

[DONE 850/1977] WAT: DOWN(D:4) TL:False Ret:-10.2% Correct:True
[START 860/1977] REGN 2022Q2 (GAINER)
[DEBUG] CompareWithPeers bucket size before helper: 2
[DEBUG] CompareWithPeers bucket size after helper: 2
[DONE 851/1977] GRMN: UP(D:7) TL:True Ret:13.9% Correct:True
[START 861/1977] APD 2020Q1 (LOSER)
[DEBUG] CompareWithPeers bucket size before helper: 0
[DEBUG] CompareWithPeers bucket size after helper: 0
[DONE 852/1977] BLDR: DOWN(D:4) TL:False Ret:14.0% Correct:False
[START 862/1977] PANW 2023Q1 (LOSER)
[DEBUG] CompareWithPeers bucket size before helper: 2
[DONE 853/1977] FIS: DOWN(D:4) TL:False Ret:13.8% Correct:False
[START 863/1977] AES 2023Q3 (GAINER)
[DEBUG] CompareWithPeers bucket size after helper: 2
[DEBUG] CompareWithPeers bucket size before helper: 0
[DEBUG] CompareWithPeers bucket size after helper: 0
[DONE 854/1977] BXP: DOWN(D:3) TL:False Ret:38.2% Correct:False
[START 864/1977] WTW 2023Q2 (LOSER)
[DEBUG] CompareWithPeers bucket size before helper: 3
[DEBUG] CompareWithPeers bucket size after helper: 3
[DONE 855/1977] CRWD: DOWN(D:3) TL:False Ret:-27.9% Correct:True
[START 865/1977] CRM 2020Q4 (LOSER)
[DONE 856/1977] ROK: DOWN(D:4) TL:False Ret:-23.9% Correct:True
[START 866/1977] NEM 2022Q2 (LOSER)
[DEBUG] CompareWithPeers bucket size before helper: 0
[DEBUG] CompareWithPeers bucket size after helper: 0
[DONE 857/1977] HON: DOWN(D:5) TL:False Ret:-10.7% Correct:True
[START 867/1977] DOW 2020Q1 (GAINER)
[DEBUG] CompareWithPeers bucket size before helper: 2
[DEBUG] CompareWithPeers bucket size before helper: 4
[DEBUG] CompareWithPeers bucket size after helper: 2
[DEBUG] CompareWithPeers bucket size after helper: 4
[DEBUG] CompareWithPeers bucket size before helper: 3
[DONE 858/1977] BDX: DOWN(D:3) TL:False Ret:-18.2% Correct:True
[START 868/1977] WBD 2022Q3 (LOSER)
[DEBUG] CompareWithPeers bucket size after helper: 3
[DEBUG] CompareWithPeers bucket size before helper: 4
[DONE 859/1977] MDLZ: DOWN(D:4) TL:False Ret:-12.0% Correct:True
[START 869/1977] SLB 2022Q2 (GAINER)
[DEBUG] CompareWithPeers bucket size after helper: 4
[DONE 860/1977] REGN: UP(D:6) TL:True Ret:16.7% Correct:True
[START 870/1977] BALL 2021Q1 (LOSER)
[DONE 861/1977] APD: UP(D:6) TL:False Ret:-13.5% Correct:False
[START 871/1977] BX 2021Q1 (GAINER)
[DEBUG] CompareWithPeers bucket size before helper: 3
[DEBUG] CompareWithPeers bucket size after helper: 3
[DEBUG] CompareWithPeers bucket size before helper: 4
[DEBUG] CompareWithPeers bucket size after helper: 4
[DEBUG] CompareWithPeers bucket size before helper: 2
[DEBUG] CompareWithPeers bucket size after helper: 2
[DONE 862/1977] AES: UP(D:6) TL:False Ret:22.7% Correct:True
[START 872/1977] TSLA 2021Q4 (LOSER)
[DONE 863/1977] PANW: UP(D:8) TL:True Ret:-11.5% Correct:False
[START 873/1977] KLAC 2020Q3 (GAINER)
[DONE 864/1977] WTW: DOWN(D:3) TL:False Ret:-12.9% Correct:True
[START 874/1977] EME 2023Q1 (GAINER)
[DEBUG] CompareWithPeers bucket size before helper: 3
[DEBUG] CompareWithPeers bucket size after helper: 3
[DONE 865/1977] DOW: DOWN(D:4) TL:False Ret:10.0% Correct:False
[START 875/1977] V 2020Q1 (LOSER)
[DONE 866/1977] NEM: DOWN(D:3) TL:False Ret:-18.8% Correct:True
[START 876/1977] CHRW 2019Q4 (LOSER)
[DEBUG] CompareWithPeers bucket size before helper: 6
[DEBUG] CompareWithPeers bucket size after helper: 6
[DEBUG] CompareWithPeers bucket size before helper: 0
[DEBUG] CompareWithPeers bucket size after helper: 0
[DONE 867/1977] BX: UP(D:6) TL:False Ret:16.1% Correct:True
[START 877/1977] KKR 2023Q3 (GAINER)
[DONE 868/1977] BALL: DOWN(D:4) TL:False Ret:-14.7% Correct:True
[START 878/1977] CHTR 2021Q3 (LOSER)
[DEBUG] CompareWithPeers bucket size before helper: 3
[DEBUG] CompareWithPeers bucket size before helper: 2
[DEBUG] CompareWithPeers bucket size after helper: 3
[DEBUG] CompareWithPeers bucket size after helper: 2
[DEBUG] CompareWithPeers bucket size before helper: 0
[DEBUG] CompareWithPeers bucket size after helper: 0
[DEBUG] CompareWithPeers bucket size before helper: 2
[DEBUG] CompareWithPeers bucket size after helper: 2
[DONE 869/1977] CRM: UP(D:7) TL:False Ret:-16.6% Correct:False
[START 879/1977] UAL 2021Q4 (LOSER)
[DONE 870/1977] KLAC: UP(D:6) TL:False Ret:24.5% Correct:True
[START 880/1977] ZBRA 2019Q3 (GAINER)
[DONE 871/1977] SLB: UP(D:8) TL:True Ret:13.2% Correct:True
[START 881/1977] NFLX 2021Q4 (LOSER)
[DEBUG] CompareWithPeers bucket size before helper: 0
[DEBUG] CompareWithPeers bucket size after helper: 0
[DONE 872/1977] TSLA: DOWN(D:4) TL:False Ret:-15.2% Correct:True
[START 882/1977] LHX 2023Q2 (LOSER)
[DONE 873/1977] V: DOWN(D:3) TL:False Ret:-27.0% Correct:True
[START 883/1977] RL 2019Q2 (LOSER)
[DEBUG] CompareWithPeers bucket size before helper: 0
[DEBUG] CompareWithPeers bucket size after helper: 0
[DEBUG] CompareWithPeers bucket size before helper: 3
[DEBUG] CompareWithPeers bucket size after helper: 3
[DEBUG] CompareWithPeers bucket size before helper: 3
[DEBUG] CompareWithPeers bucket size before helper: 4
[DEBUG] CompareWithPeers bucket size before helper: 3
[DEBUG] CompareWithPeers bucket size after helper: 3
[DONE 874/1977] CHRW: DOWN(D:3) TL:False Ret:-22.8% Correct:True
[START 884/1977] AMP 2019Q3 (GAINER)
[DEBUG] CompareWithPeers bucket size after helper: 4
[DEBUG] CompareWithPeers bucket size after helper: 3
[DEBUG] CompareWithPeers bucket size before helper: 2
[DEBUG] CompareWithPeers bucket size after helper: 2

======================================================================
📊 PROGRESS REPORT [875/1977] (44.3%)
======================================================================
⏱️  Elapsed: 155.2 min | ETA: 195.5 min | Avg: 10.6s/sample
✅ Success: 875 | ❌ Failed: 0
🎯 Overall Accuracy: 61.9% (542/875)
📈 Long-only: 74 trades | Win Rate: 81.1% (60/74) | Avg Ret: +12.1%
💰 Total Cost: $3.7364 | Avg: $0.0043/sample
======================================================================

[DONE 875/1977] KKR: DOWN(D:4) TL:False Ret:38.1% Correct:False
[START 885/1977] PWR 2023Q3 (GAINER)
[DONE 876/1977] EME: UP(D:6) TL:False Ret:10.6% Correct:True
[START 886/1977] TXT 2019Q2 (LOSER)
[DONE 877/1977] WBD: DOWN(D:4) TL:False Ret:-22.7% Correct:True
[START 887/1977] EBAY 2022Q2 (LOSER)
[DEBUG] CompareWithPeers bucket size before helper: 3
[DONE 878/1977] ZBRA: DOWN(D:4) TL:False Ret:15.3% Correct:False
[START 888/1977] TGT 2023Q1 (LOSER)
[DONE 879/1977] CHTR: DOWN(D:4) TL:False Ret:-14.3% Correct:True
[START 889/1977] CMCSA 2022Q3 (GAINER)
[DEBUG] CompareWithPeers bucket size after helper: 3
[DEBUG] CompareWithPeers bucket size before helper: 0
[DEBUG] CompareWithPeers bucket size after helper: 0
[DONE 880/1977] UAL: DOWN(D:3) TL:False Ret:-17.3% Correct:True
[START 890/1977] AKAM 2023Q4 (LOSER)
[DEBUG] CompareWithPeers bucket size before helper: 3
[DEBUG] CompareWithPeers bucket size after helper: 3
[DEBUG] CompareWithPeers bucket size before helper: 2
[DONE 881/1977] NFLX: DOWN(D:2) TL:False Ret:-31.1% Correct:True
[START 891/1977] BSX 2022Q1 (LOSER)
[DEBUG] CompareWithPeers bucket size after helper: 2
[DONE 882/1977] LHX: DOWN(D:4) TL:False Ret:-17.1% Correct:True
[START 892/1977] MMM 2021Q4 (LOSER)
[DEBUG] CompareWithPeers bucket size before helper: 3
[DONE 883/1977] RL: DOWN(D:3) TL:False Ret:-27.3% Correct:True
[START 893/1977] MTCH 2021Q4 (LOSER)
[DEBUG] CompareWithPeers bucket size after helper: 3
[DEBUG] CompareWithPeers bucket size before helper: 5
[DEBUG] CompareWithPeers bucket size after helper: 5
[DONE 884/1977] AMP: DOWN(D:4) TL:False Ret:14.9% Correct:False
[START 894/1977] STLD 2019Q2 (LOSER)
[DEBUG] CompareWithPeers bucket size before helper: 3
[DEBUG] CompareWithPeers bucket size before helper: 2
[DEBUG] CompareWithPeers bucket size after helper: 3
[DEBUG] CompareWithPeers bucket size after helper: 2
[DONE 885/1977] EBAY: DOWN(D:4) TL:False Ret:-16.8% Correct:True
[START 895/1977] XOM 2020Q2 (LOSER)
[DEBUG] CompareWithPeers bucket size before helper: 2
[DEBUG] CompareWithPeers bucket size before helper: 2
[DEBUG] CompareWithPeers bucket size after helper: 2
[DEBUG] CompareWithPeers bucket size after helper: 2
[DEBUG] CompareWithPeers bucket size before helper: 2
[DONE 886/1977] TGT: DOWN(D:4) TL:False Ret:-15.9% Correct:True
[START 896/1977] ADI 2022Q3 (LOSER)
[DEBUG] CompareWithPeers bucket size before helper: 0
[DEBUG] CompareWithPeers bucket size after helper: 0
[DEBUG] CompareWithPeers bucket size after helper: 2
[DONE 887/1977] PWR: UP(D:7) TL:True Ret:34.7% Correct:True
[START 897/1977] INVH 2021Q1 (GAINER)
[DONE 888/1977] AKAM: DOWN(D:4) TL:False Ret:-13.0% Correct:True
[START 898/1977] ALGN 2019Q4 (LOSER)
[DONE 889/1977] CMCSA: DOWN(D:4) TL:False Ret:12.1% Correct:False
[START 899/1977] QCOM 2023Q4 (GAINER)
[DONE 890/1977] TXT: DOWN(D:3) TL:False Ret:-19.7% Correct:True
[START 900/1977] FICO 2019Q4 (GAINER)
[DONE 891/1977] BSX: UP(D:7) TL:True Ret:-15.0% Correct:False
[START 901/1977] FDS 2022Q1 (LOSER)
[DEBUG] CompareWithPeers bucket size before helper: 0
[DEBUG] CompareWithPeers bucket size after helper: 0
[DEBUG] CompareWithPeers bucket size before helper: 3
[DONE 892/1977] MTCH: DOWN(D:4) TL:False Ret:-15.0% Correct:True
[START 902/1977] INTC 2021Q4 (LOSER)
[DEBUG] CompareWithPeers bucket size after helper: 3
[DEBUG] CompareWithPeers bucket size before helper: 0
[DEBUG] CompareWithPeers bucket size after helper: 0
[DONE 893/1977] STLD: DOWN(D:4) TL:False Ret:-14.2% Correct:True
[START 903/1977] SNA 2020Q3 (GAINER)
[DEBUG] CompareWithPeers bucket size before helper: 4
[DEBUG] CompareWithPeers bucket size after helper: 4
[DONE 894/1977] MMM: UP(D:6) TL:False Ret:-15.2% Correct:False
[START 904/1977] J 2019Q1 (GAINER)
[DEBUG] CompareWithPeers bucket size before helper: 2
[DEBUG] CompareWithPeers bucket size after helper: 2
[DEBUG] CompareWithPeers bucket size before helper: 3
[DONE 895/1977] XOM: DOWN(D:3) TL:False Ret:-12.4% Correct:True
[START 905/1977] RVTY 2022Q1 (LOSER)
[DEBUG] CompareWithPeers bucket size after helper: 3
[DEBUG] CompareWithPeers bucket size before helper: 2
[DEBUG] CompareWithPeers bucket size after helper: 2
[DEBUG] CompareWithPeers bucket size before helper: 0
[DEBUG] CompareWithPeers bucket size after helper: 0
[DONE 896/1977] INVH: UP(D:7) TL:True Ret:10.4% Correct:True
[START 906/1977] CVS 2021Q3 (GAINER)
[DONE 897/1977] ADI: DOWN(D:4) TL:False Ret:-20.7% Correct:True
[START 907/1977] IVZ 2020Q1 (GAINER)
[DONE 898/1977] ALGN: DOWN(D:4) TL:False Ret:-25.1% Correct:True
[START 908/1977] HSIC 2023Q4 (LOSER)
[DONE 899/1977] QCOM: DOWN(D:5) TL:False Ret:29.1% Correct:False
[START 909/1977] GNRC 2019Q1 (GAINER)
[DEBUG] CompareWithPeers bucket size before helper: 2
[DEBUG] CompareWithPeers bucket size before helper: 0
[DEBUG] CompareWithPeers bucket size after helper: 0
[DEBUG] CompareWithPeers bucket size after helper: 2
[DEBUG] CompareWithPeers bucket size before helper: 0
[DEBUG] CompareWithPeers bucket size after helper: 0

======================================================================
📊 PROGRESS REPORT [900/1977] (45.5%)
======================================================================
⏱️  Elapsed: 159.1 min | ETA: 190.3 min | Avg: 10.6s/sample
✅ Success: 900 | ❌ Failed: 0
🎯 Overall Accuracy: 62.3% (561/900)
📈 Long-only: 77 trades | Win Rate: 80.5% (62/77) | Avg Ret: +12.0%
💰 Total Cost: $3.8416 | Avg: $0.0043/sample
======================================================================

[DONE 900/1977] INTC: DOWN(D:3) TL:False Ret:-11.3% Correct:True
[START 910/1977] EXR 2021Q4 (GAINER)
[DEBUG] CompareWithPeers bucket size before helper: 5
[DEBUG] CompareWithPeers bucket size before helper: 3
[DONE 901/1977] FDS: UP(D:6) TL:False Ret:-11.0% Correct:False
[START 911/1977] GE 2019Q2 (LOSER)
[DONE 902/1977] FICO: DOWN(D:5) TL:False Ret:21.6% Correct:False
[START 912/1977] NEE 2022Q3 (GAINER)
[DEBUG] CompareWithPeers bucket size after helper: 3
[DEBUG] CompareWithPeers bucket size after helper: 5
[DONE 903/1977] J: UP(D:8) TL:False Ret:11.9% Correct:True
[START 913/1977] HAL 2020Q1 (GAINER)
[DONE 904/1977] SNA: UP(D:6) TL:False Ret:16.7% Correct:True
[START 914/1977] FDX 2021Q3 (GAINER)
[DEBUG] CompareWithPeers bucket size before helper: 0
[DEBUG] CompareWithPeers bucket size after helper: 0
[DEBUG] CompareWithPeers bucket size before helper: 0
[DEBUG] CompareWithPeers bucket size after helper: 0
[DEBUG] CompareWithPeers bucket size before helper: 3
[DEBUG] CompareWithPeers bucket size after helper: 3
[DONE 905/1977] RVTY: DOWN(D:4) TL:False Ret:-10.0% Correct:True
[START 915/1977] AMGN 2019Q4 (LOSER)
[DEBUG] CompareWithPeers bucket size before helper: 5
[DONE 906/1977] CVS: DOWN(D:4) TL:False Ret:11.0% Correct:False
[START 916/1977] JBHT 2021Q3 (GAINER)
[DEBUG] CompareWithPeers bucket size before helper: 4
[DEBUG] CompareWithPeers bucket size before helper: 0
[DEBUG] CompareWithPeers bucket size after helper: 0
[DEBUG] CompareWithPeers bucket size after helper: 5
[DEBUG] CompareWithPeers bucket size after helper: 4
[DEBUG] CompareWithPeers bucket size before helper: 2
[DEBUG] CompareWithPeers bucket size after helper: 2
[DONE 907/1977] HSIC: DOWN(D:4) TL:False Ret:-10.8% Correct:True
[START 917/1977] IR 2021Q2 (GAINER)
[DONE 908/1977] IVZ: DOWN(D:2) TL:False Ret:13.4% Correct:False
[START 918/1977] ADP 2019Q2 (GAINER)
[DONE 909/1977] GE: DOWN(D:4) TL:False Ret:-12.0% Correct:True
[START 919/1977] DPZ 2023Q4 (GAINER)
[DONE 910/1977] GNRC: DOWN(D:4) TL:False Ret:18.1% Correct:False
[START 920/1977] MRNA 2019Q4 (GAINER)
[DONE 911/1977] EXR: UP(D:7) TL:True Ret:14.3% Correct:True
[START 921/1977] DECK 2019Q3 (GAINER)
[DEBUG] CompareWithPeers bucket size before helper: 4
[DEBUG] CompareWithPeers bucket size after helper: 4
[DEBUG] CompareWithPeers bucket size before helper: 3
[DEBUG] CompareWithPeers bucket size before helper: 3
[DEBUG] CompareWithPeers bucket size after helper: 3
[DEBUG] CompareWithPeers bucket size after helper: 3
[DONE 912/1977] FDX: UP(D:7) TL:True Ret:15.6% Correct:True
[START 922/1977] INTU 2022Q3 (GAINER)
[DONE 913/1977] HAL: DOWN(D:3) TL:False Ret:67.4% Correct:False
[START 923/1977] PH 2021Q1 (GAINER)
[DEBUG] CompareWithPeers bucket size before helper: 0
[DEBUG] CompareWithPeers bucket size after helper: 0
[DEBUG] CompareWithPeers bucket size before helper: 6
[DONE 914/1977] NEE: DOWN(D:4) TL:False Ret:14.7% Correct:False
[START 924/1977] LRCX 2020Q2 (LOSER)
[DEBUG] CompareWithPeers bucket size after helper: 6
[DONE 915/1977] AMGN: DOWN(D:3) TL:False Ret:-16.6% Correct:True
[START 925/1977] RMD 2020Q1 (GAINER)
[DEBUG] CompareWithPeers bucket size before helper: 2
[DEBUG] CompareWithPeers bucket size before helper: 4
[DEBUG] CompareWithPeers bucket size before helper: 5
[DEBUG] CompareWithPeers bucket size after helper: 4
[DONE 916/1977] JBHT: DOWN(D:4) TL:False Ret:11.8% Correct:False
[START 926/1977] RMD 2023Q2 (LOSER)
[DEBUG] CompareWithPeers bucket size after helper: 5
[DEBUG] CompareWithPeers bucket size after helper: 2
[DEBUG] CompareWithPeers bucket size before helper: 0
[DEBUG] CompareWithPeers bucket size after helper: 0
[DONE 917/1977] ADP: UP(D:7) TL:False Ret:11.4% Correct:True
[START 927/1977] NXPI 2022Q3 (GAINER)
[DONE 918/1977] IR: UP(D:8) TL:True Ret:15.3% Correct:True
[START 928/1977] CTAS 2019Q1 (LOSER)
[DONE 919/1977] MRNA: DOWN(D:4) TL:False Ret:36.4% Correct:False
[START 929/1977] ADSK 2023Q4 (LOSER)
[DEBUG] CompareWithPeers bucket size before helper: 3
[DEBUG] CompareWithPeers bucket size after helper: 3
[DONE 920/1977] DPZ: DOWN(D:4) TL:False Ret:14.9% Correct:False
[START 930/1977] BIIB 2023Q4 (LOSER)
[DEBUG] CompareWithPeers bucket size before helper: 2
[DEBUG] CompareWithPeers bucket size after helper: 2
[DONE 921/1977] DECK: DOWN(D:4) TL:False Ret:12.6% Correct:False
[START 931/1977] TTD 2022Q1 (GAINER)
[DEBUG] CompareWithPeers bucket size before helper: 2
[DEBUG] CompareWithPeers bucket size before helper: 0
[DEBUG] CompareWithPeers bucket size after helper: 0
[DEBUG] CompareWithPeers bucket size after helper: 2
[DONE 922/1977] INTU: UP(D:6) TL:False Ret:12.1% Correct:True
[START 932/1977] MPWR 2022Q3 (GAINER)
[DEBUG] CompareWithPeers bucket size before helper: 4
[DEBUG] CompareWithPeers bucket size after helper: 4
[DONE 923/1977] PH: UP(D:6) TL:False Ret:24.8% Correct:True
[START 933/1977] MMM 2022Q4 (LOSER)
[DEBUG] CompareWithPeers bucket size before helper: 3
[DONE 924/1977] LRCX: DOWN(D:5) TL:False Ret:-12.2% Correct:True
[START 934/1977] NTAP 2019Q3 (GAINER)
[DEBUG] CompareWithPeers bucket size before helper: 3
[DEBUG] CompareWithPeers bucket size after helper: 3
[DEBUG] CompareWithPeers bucket size before helper: 4
[DEBUG] CompareWithPeers bucket size after helper: 3
[DEBUG] CompareWithPeers bucket size after helper: 4

======================================================================
📊 PROGRESS REPORT [925/1977] (46.8%)
======================================================================
⏱️  Elapsed: 163.1 min | ETA: 185.5 min | Avg: 10.6s/sample
✅ Success: 925 | ❌ Failed: 0
🎯 Overall Accuracy: 62.2% (575/925)
📈 Long-only: 80 trades | Win Rate: 81.2% (65/80) | Avg Ret: +12.1%
💰 Total Cost: $3.9482 | Avg: $0.0043/sample
======================================================================

[DONE 925/1977] RMD: UP(D:6) TL:False Ret:18.8% Correct:True
[START 935/1977] ANET 2019Q4 (LOSER)
[DEBUG] CompareWithPeers bucket size before helper: 4
[DEBUG] CompareWithPeers bucket size after helper: 4
[DONE 926/1977] CTAS: UP(D:6) TL:False Ret:-14.8% Correct:False
[START 936/1977] STT 2019Q3 (GAINER)
[DONE 927/1977] NXPI: UP(D:6) TL:False Ret:17.4% Correct:True
[START 937/1977] KR 2022Q3 (GAINER)
[DONE 928/1977] RMD: UP(D:6) TL:False Ret:-10.9% Correct:False
[START 938/1977] TDY 2022Q1 (LOSER)
[DEBUG] CompareWithPeers bucket size before helper: 2
[DEBUG] CompareWithPeers bucket size before helper: 0
[DEBUG] CompareWithPeers bucket size after helper: 0
[DONE 929/1977] ADSK: DOWN(D:4) TL:False Ret:-10.4% Correct:True
[START 939/1977] HAS 2023Q3 (LOSER)
[DEBUG] CompareWithPeers bucket size after helper: 2
[DONE 930/1977] BIIB: DOWN(D:3) TL:False Ret:-11.6% Correct:True
[START 940/1977] TPL 2023Q3 (LOSER)
[DONE 931/1977] TTD: UP(D:6) TL:False Ret:13.1% Correct:True
[START 941/1977] DAL 2022Q3 (GAINER)
[DEBUG] CompareWithPeers bucket size before helper: 2
[DEBUG] CompareWithPeers bucket size before helper: 3
[DEBUG] CompareWithPeers bucket size after helper: 2
[DEBUG] CompareWithPeers bucket size before helper: 4
[DEBUG] CompareWithPeers bucket size after helper: 3
[DEBUG] CompareWithPeers bucket size after helper: 4
[DONE 932/1977] NTAP: UP(D:6) TL:False Ret:10.6% Correct:True
[START 942/1977] PM 2021Q3 (LOSER)
[DONE 933/1977] MPWR: DOWN(D:3) TL:False Ret:19.3% Correct:False
[START 943/1977] DLTR 2022Q1 (GAINER)
[DEBUG] CompareWithPeers bucket size before helper: 3
[DEBUG] CompareWithPeers bucket size after helper: 3
[DONE 934/1977] MMM: DOWN(D:3) TL:False Ret:-12.6% Correct:True
[START 944/1977] FOXA 2020Q2 (LOSER)
[DEBUG] CompareWithPeers bucket size before helper: 2
[DEBUG] CompareWithPeers bucket size after helper: 2
[DEBUG] CompareWithPeers bucket size before helper: 2
[DONE 935/1977] KR: DOWN(D:4) TL:False Ret:22.2% Correct:False
[START 945/1977] CAH 2020Q4 (LOSER)
[DEBUG] CompareWithPeers bucket size after helper: 2
[DONE 936/1977] STT: UP(D:6) TL:False Ret:26.3% Correct:True
[START 946/1977] FAST 2019Q3 (GAINER)
[DEBUG] CompareWithPeers bucket size before helper: 3
[DEBUG] CompareWithPeers bucket size after helper: 3
[DEBUG] CompareWithPeers bucket size before helper: 0
[DEBUG] CompareWithPeers bucket size after helper: 0
[DONE 937/1977] TPL: DOWN(D:4) TL:False Ret:-13.3% Correct:True
[START 947/1977] NEM 2021Q4 (GAINER)
[DONE 938/1977] HAS: DOWN(D:3) TL:False Ret:-11.1% Correct:True
[START 948/1977] EL 2021Q2 (GAINER)
[DONE 939/1977] TDY: DOWN(D:4) TL:False Ret:-14.9% Correct:True
[START 949/1977] HD 2020Q4 (GAINER)
[DEBUG] CompareWithPeers bucket size before helper: 3
[DEBUG] CompareWithPeers bucket size after helper: 3
[DEBUG] CompareWithPeers bucket size before helper: 3
[DEBUG] CompareWithPeers bucket size after helper: 3
[DEBUG] CompareWithPeers bucket size before helper: 0
[DEBUG] CompareWithPeers bucket size after helper: 0
[DEBUG] CompareWithPeers bucket size before helper: 3
[DEBUG] CompareWithPeers bucket size after helper: 3
[DONE 940/1977] DAL: UP(D:6) TL:False Ret:20.2% Correct:True
[START 950/1977] IFF 2022Q2 (LOSER)
[DONE 941/1977] PM: UP(D:4) TL:False Ret:-10.9% Correct:False
[START 951/1977] HBAN 2020Q4 (GAINER)
[DEBUG] CompareWithPeers bucket size before helper: 3
[DONE 942/1977] DLTR: DOWN(D:4) TL:False Ret:22.9% Correct:False
[START 952/1977] PWR 2021Q1 (LOSER)
[DEBUG] CompareWithPeers bucket size after helper: 3
[DEBUG] CompareWithPeers bucket size before helper: 2
[DEBUG] CompareWithPeers bucket size after helper: 2
[DEBUG] CompareWithPeers bucket size before helper: 3
[DONE 943/1977] ANET: DOWN(D:3) TL:False Ret:-13.4% Correct:True
[START 953/1977] IFF 2022Q3 (GAINER)
[DEBUG] CompareWithPeers bucket size after helper: 3
[DONE 944/1977] CAH: DOWN(D:3) TL:False Ret:-17.2% Correct:True
[START 954/1977] NI 2021Q4 (GAINER)
[DEBUG] CompareWithPeers bucket size before helper: 2
[DONE 945/1977] FOXA: DOWN(D:4) TL:False Ret:-45.7% Correct:True
[START 955/1977] PTC 2023Q1 (LOSER)
[DEBUG] CompareWithPeers bucket size after helper: 2
[DEBUG] CompareWithPeers bucket size before helper: 3
[DONE 946/1977] FAST: DOWN(D:4) TL:False Ret:15.2% Correct:False
[START 956/1977] WTW 2023Q3 (GAINER)
[DEBUG] CompareWithPeers bucket size after helper: 3
[DEBUG] CompareWithPeers bucket size before helper: 4
[DEBUG] CompareWithPeers bucket size after helper: 4
[DEBUG] CompareWithPeers bucket size before helper: 0
[DEBUG] CompareWithPeers bucket size after helper: 0
[DONE 947/1977] EL: DOWN(D:4) TL:False Ret:13.1% Correct:False
[START 957/1977] MOH 2019Q2 (LOSER)
[DONE 948/1977] NEM: DOWN(D:4) TL:False Ret:18.7% Correct:False
[START 958/1977] EXR 2020Q1 (GAINER)
[DONE 949/1977] HD: DOWN(D:4) TL:False Ret:13.3% Correct:False
[START 959/1977] NOC 2019Q2 (GAINER)

======================================================================
📊 PROGRESS REPORT [950/1977] (48.1%)
======================================================================
⏱️  Elapsed: 167.4 min | ETA: 180.9 min | Avg: 10.6s/sample
✅ Success: 950 | ❌ Failed: 0
🎯 Overall Accuracy: 62.1% (590/950)
📈 Long-only: 80 trades | Win Rate: 81.2% (65/80) | Avg Ret: +12.1%
💰 Total Cost: $4.0577 | Avg: $0.0043/sample
======================================================================

[DONE 950/1977] IFF: DOWN(D:5) TL:False Ret:-18.7% Correct:True
[START 960/1977] DD 2023Q4 (GAINER)
[DEBUG] CompareWithPeers bucket size before helper: 3
[DEBUG] CompareWithPeers bucket size after helper: 3
[DEBUG] CompareWithPeers bucket size before helper: 5
[DEBUG] CompareWithPeers bucket size before helper: 2
[DEBUG] CompareWithPeers bucket size after helper: 5
[DEBUG] CompareWithPeers bucket size after helper: 2
[DEBUG] CompareWithPeers bucket size before helper: 3
[DONE 951/1977] HBAN: DOWN(D:4) TL:False Ret:14.5% Correct:False
[START 961/1977] EQIX 2021Q4 (GAINER)
[DEBUG] CompareWithPeers bucket size after helper: 3
[DEBUG] CompareWithPeers bucket size before helper: 0
[DEBUG] CompareWithPeers bucket size after helper: 0
[DONE 952/1977] PTC: DOWN(D:4) TL:False Ret:-14.0% Correct:True
[START 962/1977] ACGL 2019Q4 (LOSER)
[DEBUG] CompareWithPeers bucket size before helper: 3
[DONE 953/1977] PWR: DOWN(D:4) TL:False Ret:-11.8% Correct:True
[START 963/1977] BMY 2019Q2 (GAINER)
[DONE 954/1977] IFF: DOWN(D:4) TL:False Ret:13.0% Correct:False
[START 964/1977] APTV 2020Q1 (GAINER)
[DONE 955/1977] WTW: DOWN(D:4) TL:False Ret:16.8% Correct:False
[START 965/1977] XOM 2020Q4 (GAINER)
[DEBUG] CompareWithPeers bucket size after helper: 3
[DEBUG] CompareWithPeers bucket size before helper: 3
[DEBUG] CompareWithPeers bucket size after helper: 3
[DONE 956/1977] EXR: DOWN(D:4) TL:False Ret:10.7% Correct:False
[START 966/1977] AMT 2023Q3 (GAINER)
[DEBUG] CompareWithPeers bucket size before helper: 0
[DEBUG] CompareWithPeers bucket size after helper: 0
[DONE 957/1977] MOH: DOWN(D:4) TL:False Ret:-17.1% Correct:True
[START 967/1977] PFG 2023Q3 (GAINER)
[DONE 958/1977] NI: DOWN(D:5) TL:False Ret:14.5% Correct:False
[START 968/1977] MAA 2021Q1 (GAINER)
[DEBUG] CompareWithPeers bucket size before helper: 0
[DEBUG] CompareWithPeers bucket size after helper: 0
[DEBUG] CompareWithPeers bucket size before helper: 3
[DEBUG] CompareWithPeers bucket size before helper: 4
[DEBUG] CompareWithPeers bucket size before helper: 3
[DEBUG] CompareWithPeers bucket size after helper: 4
[DEBUG] CompareWithPeers bucket size after helper: 3
[DONE 959/1977] NOC: UP(D:6) TL:False Ret:13.7% Correct:True
[START 969/1977] IP 2019Q4 (LOSER)
[DEBUG] CompareWithPeers bucket size before helper: 4
[DEBUG] CompareWithPeers bucket size after helper: 3
[DEBUG] CompareWithPeers bucket size after helper: 4
[DEBUG] CompareWithPeers bucket size before helper: 2
[DONE 960/1977] EQIX: UP(D:6) TL:False Ret:13.3% Correct:True
[START 970/1977] APA 2021Q4 (GAINER)
[DEBUG] CompareWithPeers bucket size after helper: 2
[DONE 961/1977] APTV: DOWN(D:3) TL:False Ret:18.3% Correct:False
[START 971/1977] FRT 2020Q1 (GAINER)
[DONE 962/1977] DD: UP(D:6) TL:False Ret:21.7% Correct:True
[START 972/1977] STZ 2019Q4 (GAINER)
[DEBUG] CompareWithPeers bucket size before helper: 0
[DEBUG] CompareWithPeers bucket size after helper: 0
[DONE 963/1977] BMY: DOWN(D:4) TL:False Ret:11.7% Correct:False
[START 973/1977] JPM 2022Q3 (GAINER)
[DONE 964/1977] ACGL: DOWN(D:4) TL:False Ret:-37.9% Correct:True
[START 974/1977] FTV 2020Q3 (GAINER)
[DEBUG] CompareWithPeers bucket size before helper: 3
[DEBUG] CompareWithPeers bucket size after helper: 3
[DONE 965/1977] XOM: UP(D:6) TL:False Ret:32.2% Correct:True
[START 975/1977] VRTX 2019Q3 (GAINER)
[DEBUG] CompareWithPeers bucket size before helper: 4
[DEBUG] CompareWithPeers bucket size after helper: 4
[DEBUG] CompareWithPeers bucket size before helper: 2
[DONE 966/1977] AMT: UP(D:7) TL:True Ret:27.5% Correct:True
[START 976/1977] LULU 2019Q1 (GAINER)
[DEBUG] CompareWithPeers bucket size after helper: 2
[DONE 967/1977] PFG: DOWN(D:4) TL:False Ret:11.2% Correct:False
[START 977/1977] VTR 2022Q3 (GAINER)
[DONE 968/1977] MAA: UP(D:7) TL:True Ret:10.4% Correct:True
[START 978/1977] EPAM 2021Q4 (LOSER)
[DEBUG] CompareWithPeers bucket size before helper: 3
[DEBUG] CompareWithPeers bucket size after helper: 3
[DEBUG] CompareWithPeers bucket size before helper: 2
[DEBUG] CompareWithPeers bucket size after helper: 2
[DEBUG] CompareWithPeers bucket size before helper: 4
[DONE 969/1977] IP: DOWN(D:3) TL:False Ret:-29.6% Correct:True
[START 979/1977] IP 2021Q3 (LOSER)
[DEBUG] CompareWithPeers bucket size before helper: 2
[DEBUG] CompareWithPeers bucket size after helper: 4
[DEBUG] CompareWithPeers bucket size before helper: 0
[DEBUG] CompareWithPeers bucket size after helper: 0
[DEBUG] CompareWithPeers bucket size after helper: 2
[DONE 970/1977] APA: DOWN(D:4) TL:False Ret:29.6% Correct:False
[START 980/1977] VLO 2021Q1 (GAINER)
[DONE 971/1977] FRT: DOWN(D:3) TL:False Ret:15.6% Correct:False
[START 981/1977] LYV 2023Q2 (LOSER)
[DONE 972/1977] STZ: DOWN(D:4) TL:False Ret:14.0% Correct:False
[START 982/1977] NXPI 2019Q4 (LOSER)
[DEBUG] CompareWithPeers bucket size before helper: 4
[DONE 973/1977] FTV: DOWN(D:5) TL:False Ret:10.9% Correct:False
[START 983/1977] BX 2020Q4 (GAINER)
[DEBUG] CompareWithPeers bucket size after helper: 4
[DEBUG] CompareWithPeers bucket size before helper: 5
[DEBUG] CompareWithPeers bucket size after helper: 5
[DEBUG] CompareWithPeers bucket size before helper: 0
[DEBUG] CompareWithPeers bucket size after helper: 0
[DONE 974/1977] JPM: DOWN(D:4) TL:False Ret:22.8% Correct:False
[START 984/1977] MS 2021Q1 (GAINER)

======================================================================
📊 PROGRESS REPORT [975/1977] (49.3%)
======================================================================
⏱️  Elapsed: 171.7 min | ETA: 176.4 min | Avg: 10.6s/sample
✅ Success: 975 | ❌ Failed: 0
🎯 Overall Accuracy: 61.7% (602/975)
📈 Long-only: 82 trades | Win Rate: 81.7% (67/82) | Avg Ret: +12.3%
💰 Total Cost: $4.1660 | Avg: $0.0043/sample
======================================================================

[DONE 975/1977] LULU: UP(D:7) TL:False Ret:11.5% Correct:True
[START 985/1977] CAH 2020Q2 (LOSER)
[DEBUG] CompareWithPeers bucket size before helper: 0
[DEBUG] CompareWithPeers bucket size after helper: 0
[DEBUG] CompareWithPeers bucket size before helper: 3
[DONE 976/1977] VTR: UP(D:6) TL:False Ret:20.4% Correct:True
[START 986/1977] IDXX 2023Q2 (LOSER)
[DEBUG] CompareWithPeers bucket size after helper: 3
[DEBUG] CompareWithPeers bucket size before helper: 3
[DEBUG] CompareWithPeers bucket size before helper: 3
[DONE 977/1977] EPAM: DOWN(D:4) TL:False Ret:-36.3% Correct:True
[START 987/1977] ON 2019Q4 (LOSER)
[DEBUG] CompareWithPeers bucket size after helper: 3
[DEBUG] CompareWithPeers bucket size after helper: 3
[DONE 978/1977] VRTX: UP(D:7) TL:False Ret:12.3% Correct:True
[START 988/1977] MU 2019Q1 (GAINER)
[DONE 979/1977] LYV: UP(D:4) TL:False Ret:-14.8% Correct:False
[START 989/1977] DIS 2023Q1 (LOSER)
[DEBUG] CompareWithPeers bucket size before helper: 5
[DONE 980/1977] IP: DOWN(D:4) TL:False Ret:-13.0% Correct:True
[START 990/1977] LVS 2021Q3 (LOSER)
[DEBUG] CompareWithPeers bucket size after helper: 5
[DEBUG] CompareWithPeers bucket size before helper: 0
[DEBUG] CompareWithPeers bucket size after helper: 0
[DEBUG] CompareWithPeers bucket size before helper: 3
[DEBUG] CompareWithPeers bucket size before helper: 4
[DONE 981/1977] VLO: DOWN(D:4) TL:False Ret:18.4% Correct:False
[START 991/1977] INTC 2019Q4 (LOSER)
[DEBUG] CompareWithPeers bucket size after helper: 4
[DEBUG] CompareWithPeers bucket size after helper: 3
[DONE 982/1977] NXPI: UP(D:6) TL:False Ret:-48.6% Correct:False
[START 992/1977] ROP 2023Q3 (GAINER)
[DONE 983/1977] BX: UP(D:6) TL:False Ret:14.0% Correct:True
[START 993/1977] LULU 2021Q3 (LOSER)
[DONE 984/1977] CAH: UP(D:7) TL:True Ret:-17.7% Correct:False
[START 994/1977] FDS 2021Q4 (GAINER)
[DEBUG] CompareWithPeers bucket size before helper: 0
[DEBUG] CompareWithPeers bucket size before helper: 0
[DEBUG] CompareWithPeers bucket size after helper: 0
[DEBUG] CompareWithPeers bucket size after helper: 0
[DEBUG] CompareWithPeers bucket size before helper: 3
[DEBUG] CompareWithPeers bucket size after helper: 3
[DEBUG] CompareWithPeers bucket size before helper: 0
[DEBUG] CompareWithPeers bucket size after helper: 0
[DONE 985/1977] IDXX: DOWN(D:4) TL:False Ret:-17.4% Correct:True
[START 995/1977] HBAN 2021Q4 (LOSER)
[DEBUG] CompareWithPeers bucket size before helper: 2
[DEBUG] CompareWithPeers bucket size before helper: 2
[DONE 986/1977] MS: DOWN(D:4) TL:False Ret:12.5% Correct:False
[START 996/1977] PFE 2023Q3 (LOSER)
[DEBUG] CompareWithPeers bucket size after helper: 2
[DEBUG] CompareWithPeers bucket size after helper: 2
[DONE 987/1977] LVS: DOWN(D:4) TL:False Ret:-11.7% Correct:True
[START 997/1977] EL 2023Q4 (LOSER)
[DONE 988/1977] ON: DOWN(D:2) TL:False Ret:-50.1% Correct:True
[START 998/1977] HD 2021Q4 (LOSER)
[DONE 989/1977] DIS: UP(D:4) TL:False Ret:-15.8% Correct:False
[START 999/1977] TER 2021Q4 (LOSER)
[DONE 990/1977] MU: DOWN(D:3) TL:False Ret:15.7% Correct:False
[START 1000/1977] HPE 2020Q2 (LOSER)
[DEBUG] CompareWithPeers bucket size before helper: 2
[DEBUG] CompareWithPeers bucket size before helper: 4
[DEBUG] CompareWithPeers bucket size after helper: 2
[DEBUG] CompareWithPeers bucket size before helper: 0
[DEBUG] CompareWithPeers bucket size after helper: 0
[DEBUG] CompareWithPeers bucket size after helper: 4
[DONE 991/1977] INTC: UP(D:6) TL:False Ret:-19.7% Correct:False
[START 1001/1977] PCAR 2022Q4 (GAINER)
[DONE 992/1977] ROP: UP(D:7) TL:False Ret:10.8% Correct:True
[START 1002/1977] DPZ 2021Q3 (GAINER)
[DEBUG] CompareWithPeers bucket size before helper: 0
[DEBUG] CompareWithPeers bucket size after helper: 0
[DONE 993/1977] LULU: DOWN(D:4) TL:False Ret:-25.9% Correct:True
[START 1003/1977] EL 2023Q1 (GAINER)
[DONE 994/1977] FDS: UP(D:6) TL:False Ret:20.8% Correct:True
[START 1004/1977] DGX 2019Q4 (LOSER)
[DEBUG] CompareWithPeers bucket size before helper: 3
[DEBUG] CompareWithPeers bucket size after helper: 3
[DEBUG] CompareWithPeers bucket size before helper: 3
[DONE 995/1977] TER: DOWN(D:3) TL:False Ret:-25.5% Correct:True
[START 1005/1977] TGT 2021Q2 (LOSER)
[DEBUG] CompareWithPeers bucket size after helper: 3
[DEBUG] CompareWithPeers bucket size before helper: 0
[DEBUG] CompareWithPeers bucket size after helper: 0
[DEBUG] CompareWithPeers bucket size before helper: 4
[DONE 996/1977] HBAN: DOWN(D:4) TL:False Ret:-15.5% Correct:True
[START 1006/1977] TGT 2020Q4 (GAINER)
[DONE 997/1977] PFE: UP(D:6) TL:False Ret:-12.7% Correct:False
[START 1007/1977] TER 2023Q1 (GAINER)
[DEBUG] CompareWithPeers bucket size before helper: 5
[DEBUG] CompareWithPeers bucket size after helper: 4
[DEBUG] CompareWithPeers bucket size after helper: 5
[DEBUG] CompareWithPeers bucket size before helper: 2
[DEBUG] CompareWithPeers bucket size after helper: 2
[DEBUG] CompareWithPeers bucket size before helper: 4
[DEBUG] CompareWithPeers bucket size after helper: 4
[DONE 998/1977] HD: DOWN(D:4) TL:False Ret:-12.1% Correct:True
[START 1008/1977] DAY 2021Q3 (LOSER)
[DONE 999/1977] HPE: DOWN(D:3) TL:False Ret:-12.5% Correct:True
[START 1009/1977] MRNA 2022Q2 (LOSER)
[DEBUG] CompareWithPeers bucket size before helper: 2
[DEBUG] CompareWithPeers bucket size after helper: 2
[DEBUG] CompareWithPeers bucket size before helper: 3

======================================================================
📊 PROGRESS REPORT [1000/1977] (50.6%)
======================================================================
⏱️  Elapsed: 176.0 min | ETA: 171.9 min | Avg: 10.6s/sample
✅ Success: 1000 | ❌ Failed: 0
🎯 Overall Accuracy: 61.7% (617/1000)
📈 Long-only: 83 trades | Win Rate: 80.7% (67/83) | Avg Ret: +11.9%
💰 Total Cost: $4.2664 | Avg: $0.0043/sample
======================================================================

[DONE 1000/1977] DPZ: DOWN(D:4) TL:False Ret:11.3% Correct:False
[START 1010/1977] HST 2022Q1 (LOSER)
[DONE 1001/1977] DGX: DOWN(D:4) TL:False Ret:-12.6% Correct:True
[START 1011/1977] PANW 2022Q3 (GAINER)
[DEBUG] CompareWithPeers bucket size after helper: 3
[DONE 1002/1977] EL: DOWN(D:3) TL:False Ret:16.4% Correct:False
[START 1012/1977] DHI 2019Q3 (GAINER)
[DEBUG] CompareWithPeers bucket size before helper: 3
[DONE 1003/1977] TGT: DOWN(D:4) TL:False Ret:-10.2% Correct:True
[START 1013/1977] NEE 2021Q2 (GAINER)
[DEBUG] CompareWithPeers bucket size after helper: 3
[DEBUG] CompareWithPeers bucket size before helper: 2
[DONE 1004/1977] PCAR: UP(D:7) TL:False Ret:11.4% Correct:True
[START 1014/1977] KO 2019Q4 (LOSER)
[DEBUG] CompareWithPeers bucket size after helper: 2
[DONE 1005/1977] EL: DOWN(D:3) TL:False Ret:-11.5% Correct:True
[START 1015/1977] AMP 2022Q3 (GAINER)
[DEBUG] CompareWithPeers bucket size before helper: 4
[DEBUG] CompareWithPeers bucket size after helper: 4
[DEBUG] CompareWithPeers bucket size before helper: 2
[DEBUG] CompareWithPeers bucket size after helper: 2
[DONE 1006/1977] TER: DOWN(D:3) TL:False Ret:12.5% Correct:False
[START 1016/1977] CNC 2021Q2 (LOSER)
[DEBUG] CompareWithPeers bucket size before helper: 4
[DEBUG] CompareWithPeers bucket size after helper: 4
[DEBUG] CompareWithPeers bucket size before helper: 3
[DEBUG] CompareWithPeers bucket size before helper: 0
[DEBUG] CompareWithPeers bucket size after helper: 0
[DEBUG] CompareWithPeers bucket size after helper: 3
[DONE 1007/1977] MRNA: DOWN(D:4) TL:False Ret:-15.5% Correct:True
[START 1017/1977] DUK 2022Q1 (LOSER)
[DEBUG] CompareWithPeers bucket size before helper: 0
[DEBUG] CompareWithPeers bucket size after helper: 0
[DEBUG] CompareWithPeers bucket size before helper: 3
[DONE 1008/1977] DAY: DOWN(D:3) TL:False Ret:-20.6% Correct:True
[START 1018/1977] AVB 2020Q3 (GAINER)
[DONE 1009/1977] PANW: UP(D:8) TL:True Ret:18.0% Correct:True
[START 1019/1977] DELL 2020Q1 (LOSER)
[DEBUG] CompareWithPeers bucket size after helper: 3
[DEBUG] CompareWithPeers bucket size before helper: 2
[DONE 1010/1977] HST: UP(D:6) TL:False Ret:-19.5% Correct:False
[START 1020/1977] PTC 2019Q4 (GAINER)
[DEBUG] CompareWithPeers bucket size after helper: 2
[DONE 1011/1977] NEE: UP(D:6) TL:False Ret:12.6% Correct:True
[START 1021/1977] NTRS 2019Q3 (GAINER)
[DEBUG] CompareWithPeers bucket size before helper: 2
[DEBUG] CompareWithPeers bucket size after helper: 2
[DEBUG] CompareWithPeers bucket size before helper: 5
[DONE 1012/1977] DHI: UP(D:7) TL:False Ret:12.4% Correct:True
[START 1022/1977] MPC 2019Q3 (LOSER)
[DEBUG] CompareWithPeers bucket size after helper: 5
[DONE 1013/1977] TGT: DOWN(D:4) TL:False Ret:10.5% Correct:False
[START 1023/1977] FIS 2022Q2 (LOSER)
[DONE 1014/1977] KO: UP(D:6) TL:False Ret:-15.0% Correct:False
[START 1024/1977] KMB 2021Q4 (LOSER)
[DONE 1015/1977] AMP: DOWN(D:4) TL:False Ret:16.1% Correct:False
[START 1025/1977] ROST 2023Q4 (LOSER)
[DEBUG] CompareWithPeers bucket size before helper: 2
[DEBUG] CompareWithPeers bucket size after helper: 2
[DEBUG] CompareWithPeers bucket size before helper: 2
[DEBUG] CompareWithPeers bucket size after helper: 2
[DEBUG] CompareWithPeers bucket size before helper: 2
[DEBUG] CompareWithPeers bucket size after helper: 2
[DONE 1016/1977] CNC: DOWN(D:4) TL:False Ret:-13.5% Correct:True
[START 1026/1977] HBAN 2019Q4 (LOSER)
[DONE 1017/1977] DUK: DOWN(D:4) TL:False Ret:-10.0% Correct:True
[START 1027/1977] DXCM 2020Q4 (LOSER)
[DEBUG] CompareWithPeers bucket size before helper: 2
[DEBUG] CompareWithPeers bucket size after helper: 2
[DEBUG] CompareWithPeers bucket size before helper: 0
[DEBUG] CompareWithPeers bucket size after helper: 0
[DONE 1018/1977] DELL: DOWN(D:3) TL:False Ret:-16.9% Correct:True
[START 1028/1977] AMGN 2021Q2 (LOSER)
[DEBUG] CompareWithPeers bucket size before helper: 4
[DONE 1019/1977] AVB: DOWN(D:3) TL:False Ret:22.3% Correct:False
[START 1029/1977] J 2020Q1 (LOSER)
[DEBUG] CompareWithPeers bucket size after helper: 4
[DEBUG] CompareWithPeers bucket size before helper: 0
[DEBUG] CompareWithPeers bucket size after helper: 0
[DONE 1020/1977] PTC: UP(D:6) TL:False Ret:13.2% Correct:True
[START 1030/1977] MSCI 2023Q1 (LOSER)
[DEBUG] CompareWithPeers bucket size before helper: 3
[DEBUG] CompareWithPeers bucket size before helper: 0
[DEBUG] CompareWithPeers bucket size after helper: 0
[DONE 1021/1977] NTRS: DOWN(D:4) TL:False Ret:10.6% Correct:False
[START 1031/1977] CINF 2020Q1 (LOSER)
[DEBUG] CompareWithPeers bucket size after helper: 3
[DONE 1022/1977] MPC: DOWN(D:3) TL:False Ret:-11.5% Correct:True
[START 1032/1977] WFC 2021Q4 (LOSER)
[DEBUG] CompareWithPeers bucket size before helper: 0
[DEBUG] CompareWithPeers bucket size after helper: 0
[DONE 1023/1977] KMB: DOWN(D:4) TL:False Ret:-14.2% Correct:True
[START 1033/1977] SRE 2021Q4 (GAINER)
[DONE 1024/1977] ROST: DOWN(D:4) TL:False Ret:-11.4% Correct:True
[START 1034/1977] VST 2021Q4 (GAINER)

======================================================================
📊 PROGRESS REPORT [1025/1977] (51.8%)
======================================================================
⏱️  Elapsed: 180.2 min | ETA: 167.3 min | Avg: 10.5s/sample
✅ Success: 1025 | ❌ Failed: 0
🎯 Overall Accuracy: 61.9% (634/1025)
📈 Long-only: 84 trades | Win Rate: 81.0% (68/84) | Avg Ret: +12.0%
💰 Total Cost: $4.3717 | Avg: $0.0043/sample
======================================================================

[DONE 1025/1977] FIS: DOWN(D:3) TL:False Ret:-19.1% Correct:True
[START 1035/1977] ICE 2020Q3 (GAINER)
[DEBUG] CompareWithPeers bucket size before helper: 3
[DEBUG] CompareWithPeers bucket size after helper: 3
[DEBUG] CompareWithPeers bucket size before helper: 0
[DEBUG] CompareWithPeers bucket size after helper: 0
[DEBUG] CompareWithPeers bucket size before helper: 3
[DEBUG] CompareWithPeers bucket size before helper: 7
[DEBUG] CompareWithPeers bucket size after helper: 3
[DEBUG] CompareWithPeers bucket size after helper: 7
[DONE 1026/1977] HBAN: DOWN(D:3) TL:False Ret:-24.5% Correct:True
[START 1036/1977] CAG 2023Q4 (LOSER)
[DONE 1027/1977] DXCM: UP(D:8) TL:False Ret:-11.7% Correct:False
[START 1037/1977] DDOG 2023Q2 (LOSER)
[DEBUG] CompareWithPeers bucket size before helper: 0
[DEBUG] CompareWithPeers bucket size after helper: 0
[DEBUG] CompareWithPeers bucket size before helper: 3
[DEBUG] CompareWithPeers bucket size after helper: 3
[DONE 1028/1977] AMGN: DOWN(D:3) TL:False Ret:-10.9% Correct:True
[START 1038/1977] OMC 2022Q3 (GAINER)
[DONE 1029/1977] MSCI: DOWN(D:3) TL:False Ret:-13.2% Correct:True
[START 1039/1977] DRI 2023Q1 (GAINER)
[DONE 1030/1977] CINF: DOWN(D:3) TL:False Ret:-20.5% Correct:True
[START 1040/1977] EL 2022Q1 (GAINER)
[DONE 1031/1977] J: UP(D:7) TL:False Ret:-14.6% Correct:False
[START 1041/1977] USB 2023Q1 (LOSER)
[DEBUG] CompareWithPeers bucket size before helper: 0
[DEBUG] CompareWithPeers bucket size after helper: 0
[DEBUG] CompareWithPeers bucket size before helper: 3
[DEBUG] CompareWithPeers bucket size before helper: 0
[DEBUG] CompareWithPeers bucket size after helper: 0
[DEBUG] CompareWithPeers bucket size after helper: 3
[DEBUG] CompareWithPeers bucket size before helper: 2
[DEBUG] CompareWithPeers bucket size after helper: 2
[DONE 1032/1977] SRE: UP(D:6) TL:False Ret:26.5% Correct:True
[START 1042/1977] LUV 2022Q1 (LOSER)
[DONE 1033/1977] WFC: DOWN(D:4) TL:False Ret:-10.2% Correct:True
[START 1043/1977] LKQ 2023Q2 (LOSER)
[DONE 1034/1977] ICE: UP(D:6) TL:False Ret:16.0% Correct:True
[START 1044/1977] AMD 2022Q4 (GAINER)
[DONE 1035/1977] VST: DOWN(D:4) TL:False Ret:13.1% Correct:False
[START 1045/1977] FDX 2019Q1 (LOSER)
[DEBUG] CompareWithPeers bucket size before helper: 0
[DEBUG] CompareWithPeers bucket size after helper: 0
[DEBUG] CompareWithPeers bucket size before helper: 3
[DEBUG] CompareWithPeers bucket size before helper: 0
[DEBUG] CompareWithPeers bucket size after helper: 0
[DEBUG] CompareWithPeers bucket size after helper: 3
[DEBUG] CompareWithPeers bucket size before helper: 4
[DEBUG] CompareWithPeers bucket size after helper: 4
[DEBUG] CompareWithPeers bucket size before helper: 3
[DONE 1036/1977] DDOG: DOWN(D:3) TL:False Ret:-13.4% Correct:True
[START 1046/1977] EL 2021Q1 (GAINER)
[DEBUG] CompareWithPeers bucket size after helper: 3
[DONE 1037/1977] CAG: DOWN(D:5) TL:False Ret:-10.1% Correct:True
[START 1047/1977] COO 2022Q3 (LOSER)
[DEBUG] CompareWithPeers bucket size before helper: 0
[DEBUG] CompareWithPeers bucket size after helper: 0
[DONE 1038/1977] EL: DOWN(D:4) TL:False Ret:12.3% Correct:False
[START 1048/1977] AEP 2023Q2 (LOSER)
[DONE 1039/1977] DRI: DOWN(D:4) TL:False Ret:12.7% Correct:False
[START 1049/1977] CAT 2022Q3 (GAINER)
[DONE 1040/1977] USB: DOWN(D:4) TL:False Ret:-13.3% Correct:True
[START 1050/1977] KEYS 2023Q3 (LOSER)
[DONE 1041/1977] OMC: DOWN(D:4) TL:False Ret:15.3% Correct:False
[START 1051/1977] WEC 2020Q3 (LOSER)
[DEBUG] CompareWithPeers bucket size before helper: 0
[DEBUG] CompareWithPeers bucket size after helper: 0
[DEBUG] CompareWithPeers bucket size before helper: 2
[DONE 1042/1977] LKQ: DOWN(D:3) TL:False Ret:-12.2% Correct:True
[START 1052/1977] ODFL 2019Q1 (LOSER)
[DEBUG] CompareWithPeers bucket size after helper: 2
[DEBUG] CompareWithPeers bucket size before helper: 3
[DEBUG] CompareWithPeers bucket size after helper: 3
[DEBUG] CompareWithPeers bucket size before helper: 0
[DEBUG] CompareWithPeers bucket size after helper: 0
[DONE 1043/1977] FDX: DOWN(D:4) TL:False Ret:-15.3% Correct:True
[START 1053/1977] D 2020Q1 (GAINER)
[DONE 1044/1977] LUV: UP(D:6) TL:False Ret:-12.6% Correct:False
[START 1054/1977] INTC 2023Q3 (GAINER)
[DONE 1045/1977] AMD: UP(D:6) TL:False Ret:28.5% Correct:True
[START 1055/1977] CRL 2022Q2 (LOSER)
[DEBUG] CompareWithPeers bucket size before helper: 2
[DEBUG] CompareWithPeers bucket size before helper: 4
[DEBUG] CompareWithPeers bucket size after helper: 2
[DEBUG] CompareWithPeers bucket size before helper: 0
[DEBUG] CompareWithPeers bucket size after helper: 0
[DEBUG] CompareWithPeers bucket size after helper: 4
[DEBUG] CompareWithPeers bucket size before helper: 0
[DEBUG] CompareWithPeers bucket size after helper: 0
[DONE 1046/1977] EL: UP(D:6) TL:False Ret:14.0% Correct:True
[START 1056/1977] PYPL 2023Q2 (LOSER)
[DEBUG] CompareWithPeers bucket size before helper: 0
[DEBUG] CompareWithPeers bucket size after helper: 0
[DONE 1047/1977] CAT: DOWN(D:4) TL:False Ret:15.4% Correct:False
[START 1057/1977] HOOD 2022Q4 (LOSER)
[DONE 1048/1977] COO: UP(D:7) TL:False Ret:-13.5% Correct:False
[START 1058/1977] HAL 2021Q3 (LOSER)
[DONE 1049/1977] AEP: DOWN(D:4) TL:False Ret:-11.3% Correct:True
[START 1059/1977] MPC 2021Q1 (GAINER)
[DEBUG] CompareWithPeers bucket size before helper: 0
[DEBUG] CompareWithPeers bucket size after helper: 0

======================================================================
📊 PROGRESS REPORT [1050/1977] (53.1%)
======================================================================
⏱️  Elapsed: 184.6 min | ETA: 163.0 min | Avg: 10.5s/sample
✅ Success: 1050 | ❌ Failed: 0
🎯 Overall Accuracy: 61.9% (650/1050)
📈 Long-only: 84 trades | Win Rate: 81.0% (68/84) | Avg Ret: +12.0%
💰 Total Cost: $4.4745 | Avg: $0.0043/sample
======================================================================

[DONE 1050/1977] KEYS: DOWN(D:3) TL:False Ret:-12.2% Correct:True
[START 1060/1977] TXN 2019Q4 (LOSER)
[DONE 1051/1977] WEC: UP(D:6) TL:False Ret:-10.5% Correct:False
[START 1061/1977] ZBH 2022Q3 (GAINER)
[DEBUG] CompareWithPeers bucket size before helper: 2
[DEBUG] CompareWithPeers bucket size after helper: 2
[DEBUG] CompareWithPeers bucket size before helper: 2
[DEBUG] CompareWithPeers bucket size after helper: 2
[DEBUG] CompareWithPeers bucket size before helper: 3
[DEBUG] CompareWithPeers bucket size before helper: 0
[DEBUG] CompareWithPeers bucket size after helper: 0
[DEBUG] CompareWithPeers bucket size after helper: 3
[DEBUG] CompareWithPeers bucket size before helper: 2
[DONE 1052/1977] D: DOWN(D:4) TL:False Ret:11.0% Correct:False
[START 1062/1977] GRMN 2019Q2 (GAINER)
[DEBUG] CompareWithPeers bucket size after helper: 2
[DONE 1053/1977] CRL: DOWN(D:3) TL:False Ret:-16.4% Correct:True
[START 1063/1977] VTRS 2023Q3 (GAINER)
[DONE 1054/1977] ODFL: DOWN(D:4) TL:False Ret:-14.3% Correct:True
[START 1064/1977] NDAQ 2023Q3 (GAINER)
[DEBUG] CompareWithPeers bucket size before helper: 3
[DEBUG] CompareWithPeers bucket size after helper: 3
[DONE 1055/1977] INTC: UP(D:7) TL:True Ret:37.0% Correct:True
[START 1065/1977] DGX 2022Q3 (GAINER)
[DEBUG] CompareWithPeers bucket size before helper: 0
[DEBUG] CompareWithPeers bucket size after helper: 0
[DEBUG] CompareWithPeers bucket size before helper: 3
[DONE 1056/1977] PYPL: DOWN(D:4) TL:False Ret:-12.3% Correct:True
[START 1066/1977] JBL 2019Q3 (GAINER)
[DONE 1057/1977] HAL: UP(D:6) TL:False Ret:-18.7% Correct:False
[START 1067/1977] PNR 2021Q4 (LOSER)
[DEBUG] CompareWithPeers bucket size before helper: 0
[DEBUG] CompareWithPeers bucket size after helper: 0
[DEBUG] CompareWithPeers bucket size after helper: 3
[DONE 1058/1977] TXN: UP(D:6) TL:False Ret:-15.1% Correct:False
[START 1068/1977] ANET 2022Q4 (GAINER)
[DONE 1059/1977] HOOD: UP(D:6) TL:False Ret:-18.8% Correct:False
[START 1069/1977] AVGO 2022Q2 (LOSER)
[DONE 1060/1977] MPC: DOWN(D:4) TL:False Ret:10.7% Correct:False
[START 1070/1977] ALB 2022Q4 (LOSER)
[DEBUG] CompareWithPeers bucket size before helper: 2
[DEBUG] CompareWithPeers bucket size before helper: 3
[DEBUG] CompareWithPeers bucket size after helper: 2
[DEBUG] CompareWithPeers bucket size before helper: 3
[DEBUG] CompareWithPeers bucket size after helper: 3
[DEBUG] CompareWithPeers bucket size after helper: 3
[DEBUG] CompareWithPeers bucket size before helper: 4
[DONE 1061/1977] VTRS: DOWN(D:4) TL:False Ret:16.6% Correct:False
[START 1071/1977] AMGN 2023Q4 (LOSER)
[DEBUG] CompareWithPeers bucket size after helper: 4
[DEBUG] CompareWithPeers bucket size before helper: 4
[DONE 1062/1977] NDAQ: DOWN(D:4) TL:False Ret:11.8% Correct:False
[START 1072/1977] GPN 2023Q3 (GAINER)
[DEBUG] CompareWithPeers bucket size before helper: 2
[DEBUG] CompareWithPeers bucket size after helper: 4
[DONE 1063/1977] GRMN: UP(D:8) TL:False Ret:11.6% Correct:True
[START 1073/1977] SWKS 2020Q1 (LOSER)
[DEBUG] CompareWithPeers bucket size after helper: 2
[DEBUG] CompareWithPeers bucket size before helper: 4
[DEBUG] CompareWithPeers bucket size after helper: 4
[DONE 1064/1977] JBL: DOWN(D:4) TL:False Ret:10.1% Correct:False
[START 1074/1977] KHC 2019Q4 (LOSER)
[DONE 1065/1977] PNR: DOWN(D:4) TL:False Ret:-10.8% Correct:True
[START 1075/1977] IBM 2021Q3 (LOSER)
[DONE 1066/1977] DGX: DOWN(D:4) TL:False Ret:18.8% Correct:False
[START 1076/1977] SRE 2019Q1 (GAINER)
[DONE 1067/1977] ZBH: DOWN(D:3) TL:False Ret:13.6% Correct:False
[START 1077/1977] APD 2019Q2 (GAINER)
[DEBUG] CompareWithPeers bucket size before helper: 3
[DEBUG] CompareWithPeers bucket size after helper: 3
[DEBUG] CompareWithPeers bucket size before helper: 0
[DEBUG] CompareWithPeers bucket size after helper: 0
[DEBUG] CompareWithPeers bucket size before helper: 0
[DEBUG] CompareWithPeers bucket size after helper: 0
[DONE 1068/1977] ALB: DOWN(D:4) TL:False Ret:-19.0% Correct:True
[START 1078/1977] ADM 2022Q2 (GAINER)
[DONE 1069/1977] AVGO: DOWN(D:4) TL:False Ret:-14.8% Correct:True
[START 1079/1977] TRMB 2022Q3 (LOSER)
[DEBUG] CompareWithPeers bucket size before helper: 3
[DEBUG] CompareWithPeers bucket size before helper: 3
[DEBUG] CompareWithPeers bucket size before helper: 0
[DEBUG] CompareWithPeers bucket size after helper: 0
[DEBUG] CompareWithPeers bucket size after helper: 3
[DEBUG] CompareWithPeers bucket size after helper: 3
[DONE 1070/1977] ANET: UP(D:6) TL:False Ret:19.5% Correct:True
[START 1080/1977] SWK 2021Q4 (LOSER)
[DONE 1071/1977] SWKS: DOWN(D:4) TL:False Ret:-31.1% Correct:True
[START 1081/1977] VMC 2022Q1 (LOSER)
[DONE 1072/1977] GPN: UP(D:7) TL:True Ret:24.5% Correct:True
[START 1082/1977] COF 2023Q2 (LOSER)
[DONE 1073/1977] AMGN: DOWN(D:3) TL:False Ret:-12.4% Correct:True
[START 1083/1977] QCOM 2020Q3 (GAINER)
[DEBUG] CompareWithPeers bucket size before helper: 0
[DEBUG] CompareWithPeers bucket size after helper: 0
[DEBUG] CompareWithPeers bucket size before helper: 3
[DEBUG] CompareWithPeers bucket size before helper: 0
[DEBUG] CompareWithPeers bucket size after helper: 0
[DEBUG] CompareWithPeers bucket size after helper: 3
[DEBUG] CompareWithPeers bucket size before helper: 2
[DEBUG] CompareWithPeers bucket size before helper: 4
[DEBUG] CompareWithPeers bucket size after helper: 4
[DEBUG] CompareWithPeers bucket size after helper: 2
[DONE 1074/1977] KHC: DOWN(D:3) TL:False Ret:-19.3% Correct:True
[START 1084/1977] GD 2020Q3 (GAINER)

======================================================================
📊 PROGRESS REPORT [1075/1977] (54.4%)
======================================================================
⏱️  Elapsed: 188.7 min | ETA: 158.3 min | Avg: 10.5s/sample
✅ Success: 1075 | ❌ Failed: 0
🎯 Overall Accuracy: 61.8% (664/1075)
📈 Long-only: 86 trades | Win Rate: 81.4% (70/86) | Avg Ret: +12.4%
💰 Total Cost: $4.5759 | Avg: $0.0043/sample
======================================================================

[DONE 1075/1977] IBM: DOWN(D:3) TL:False Ret:-12.3% Correct:True
[START 1085/1977] MHK 2023Q3 (GAINER)
[DONE 1076/1977] APD: UP(D:7) TL:False Ret:12.6% Correct:True
[START 1086/1977] TDG 2019Q1 (GAINER)
[DONE 1077/1977] ADM: UP(D:6) TL:False Ret:15.4% Correct:True
[START 1087/1977] XYZ 2023Q1 (GAINER)
[DONE 1078/1977] SRE: DOWN(D:5) TL:False Ret:10.0% Correct:False
[START 1088/1977] KMB 2022Q3 (GAINER)
[DEBUG] CompareWithPeers bucket size before helper: 2
[DEBUG] CompareWithPeers bucket size before helper: 0
[DEBUG] CompareWithPeers bucket size after helper: 0
[DEBUG] CompareWithPeers bucket size after helper: 2
[DEBUG] CompareWithPeers bucket size before helper: 0
[DEBUG] CompareWithPeers bucket size after helper: 0
[DONE 1079/1977] TRMB: DOWN(D:2) TL:False Ret:-13.4% Correct:True
[START 1089/1977] MCHP 2021Q2 (GAINER)
[DONE 1080/1977] VMC: DOWN(D:5) TL:False Ret:-18.1% Correct:True
[START 1090/1977] PPG 2022Q3 (GAINER)
[DONE 1081/1977] SWK: UP(D:6) TL:False Ret:-15.0% Correct:False
[START 1091/1977] AMT 2019Q1 (GAINER)
[DEBUG] CompareWithPeers bucket size before helper: 0
[DEBUG] CompareWithPeers bucket size after helper: 0
[DEBUG] CompareWithPeers bucket size before helper: 0
[DEBUG] CompareWithPeers bucket size after helper: 0
[DEBUG] CompareWithPeers bucket size before helper: 3
[DEBUG] CompareWithPeers bucket size before helper: 3
[DONE 1082/1977] QCOM: UP(D:7) TL:True Ret:21.9% Correct:True
[START 1092/1977] FOXA 2023Q1 (GAINER)
[DEBUG] CompareWithPeers bucket size after helper: 3
[DEBUG] CompareWithPeers bucket size before helper: 3
[DONE 1083/1977] COF: DOWN(D:4) TL:False Ret:-13.2% Correct:True
[START 1093/1977] IBM 2022Q3 (GAINER)
[DEBUG] CompareWithPeers bucket size after helper: 3
[DEBUG] CompareWithPeers bucket size after helper: 3
[DEBUG] CompareWithPeers bucket size before helper: 3
[DEBUG] CompareWithPeers bucket size before helper: 3
[DONE 1084/1977] MHK: DOWN(D:4) TL:False Ret:17.1% Correct:False
[START 1094/1977] HAS 2023Q1 (GAINER)
[DEBUG] CompareWithPeers bucket size after helper: 3
[DEBUG] CompareWithPeers bucket size after helper: 3
[DONE 1085/1977] GD: DOWN(D:4) TL:False Ret:11.5% Correct:False
[START 1095/1977] MAR 2020Q4 (GAINER)
[DONE 1086/1977] XYZ: UP(D:6) TL:False Ret:12.1% Correct:True
[START 1096/1977] V 2020Q4 (GAINER)
[DONE 1087/1977] TDG: UP(D:6) TL:False Ret:10.7% Correct:True
[START 1097/1977] AMP 2022Q4 (LOSER)
[DONE 1088/1977] KMB: DOWN(D:4) TL:False Ret:18.0% Correct:False
[START 1098/1977] MS 2022Q3 (GAINER)
[DEBUG] CompareWithPeers bucket size before helper: 3
[DEBUG] CompareWithPeers bucket size after helper: 3
[DEBUG] CompareWithPeers bucket size before helper: 2
[DEBUG] CompareWithPeers bucket size before helper: 4
[DEBUG] CompareWithPeers bucket size after helper: 2
[DEBUG] CompareWithPeers bucket size after helper: 4
[DONE 1089/1977] PPG: DOWN(D:4) TL:False Ret:19.8% Correct:False
[START 1099/1977] WDAY 2019Q3 (GAINER)
[DONE 1090/1977] MCHP: DOWN(D:4) TL:False Ret:16.6% Correct:False
[START 1100/1977] EG 2020Q1 (GAINER)
[DEBUG] CompareWithPeers bucket size before helper: 4
[DONE 1091/1977] AMT: UP(D:7) TL:False Ret:11.0% Correct:True
[START 1101/1977] INTU 2020Q2 (LOSER)
[DEBUG] CompareWithPeers bucket size after helper: 4
[DEBUG] CompareWithPeers bucket size before helper: 0
[DEBUG] CompareWithPeers bucket size after helper: 0
[DEBUG] CompareWithPeers bucket size before helper: 3
[DEBUG] CompareWithPeers bucket size before helper: 3
[DEBUG] CompareWithPeers bucket size after helper: 3
[DONE 1092/1977] IBM: DOWN(D:4) TL:False Ret:21.3% Correct:False
[START 1102/1977] MTD 2022Q1 (LOSER)
[DONE 1093/1977] FOXA: DOWN(D:5) TL:False Ret:10.1% Correct:False
[START 1103/1977] CCL 2023Q2 (GAINER)
[DEBUG] CompareWithPeers bucket size after helper: 3
[DEBUG] CompareWithPeers bucket size before helper: 2
[DEBUG] CompareWithPeers bucket size before helper: 3
[DEBUG] CompareWithPeers bucket size after helper: 2
[DEBUG] CompareWithPeers bucket size after helper: 3
[DONE 1094/1977] V: DOWN(D:3) TL:False Ret:12.1% Correct:False
[START 1104/1977] FDX 2020Q1 (LOSER)
[DEBUG] CompareWithPeers bucket size before helper: 2
[DEBUG] CompareWithPeers bucket size before helper: 3
[DEBUG] CompareWithPeers bucket size after helper: 2
[DONE 1095/1977] HAS: DOWN(D:4) TL:False Ret:17.3% Correct:False
[START 1105/1977] WST 2022Q1 (LOSER)
[DEBUG] CompareWithPeers bucket size after helper: 3
[DONE 1096/1977] MS: UP(D:3) TL:False Ret:13.3% Correct:True
[START 1106/1977] NOW 2019Q3 (GAINER)
[DONE 1097/1977] MAR: DOWN(D:4) TL:False Ret:12.9% Correct:False
[START 1107/1977] TER 2023Q2 (LOSER)
[DONE 1098/1977] AMP: DOWN(D:4) TL:False Ret:-12.0% Correct:True
[START 1108/1977] LVS 2022Q3 (GAINER)
[DONE 1099/1977] WDAY: UP(D:8) TL:False Ret:13.8% Correct:True
[START 1109/1977] WBD 2019Q4 (LOSER)
[DEBUG] CompareWithPeers bucket size before helper: 3
[DEBUG] CompareWithPeers bucket size before helper: 4
[DEBUG] CompareWithPeers bucket size after helper: 3
[DEBUG] CompareWithPeers bucket size after helper: 4
[DEBUG] CompareWithPeers bucket size before helper: 3
[DEBUG] CompareWithPeers bucket size before helper: 2
[DEBUG] CompareWithPeers bucket size before helper: 2
[DEBUG] CompareWithPeers bucket size after helper: 3
[DEBUG] CompareWithPeers bucket size after helper: 2
[DEBUG] CompareWithPeers bucket size after helper: 2

======================================================================
📊 PROGRESS REPORT [1100/1977] (55.6%)
======================================================================
⏱️  Elapsed: 192.6 min | ETA: 153.6 min | Avg: 10.5s/sample
✅ Success: 1100 | ❌ Failed: 0
🎯 Overall Accuracy: 61.5% (676/1100)
📈 Long-only: 87 trades | Win Rate: 81.6% (71/87) | Avg Ret: +12.5%
💰 Total Cost: $4.6853 | Avg: $0.0043/sample
======================================================================

[DONE 1100/1977] INTU: UP(D:6) TL:False Ret:-13.6% Correct:False
[START 1110/1977] BLDR 2019Q4 (LOSER)
[DONE 1101/1977] EG: DOWN(D:4) TL:False Ret:20.5% Correct:False
[START 1111/1977] LYV 2023Q1 (GAINER)
[DEBUG] CompareWithPeers bucket size before helper: 0
[DEBUG] CompareWithPeers bucket size after helper: 0
[DONE 1102/1977] MTD: DOWN(D:4) TL:False Ret:-16.3% Correct:True
[START 1112/1977] NEM 2023Q2 (LOSER)
[DONE 1103/1977] CCL: UP(D:6) TL:False Ret:13.4% Correct:True
[START 1113/1977] DHI 2020Q1 (LOSER)
[DEBUG] CompareWithPeers bucket size before helper: 5
[DEBUG] CompareWithPeers bucket size before helper: 2
[DONE 1104/1977] WST: UP(D:4) TL:False Ret:-11.7% Correct:False
[START 1114/1977] NFLX 2021Q1 (LOSER)
[DEBUG] CompareWithPeers bucket size before helper: 4
[DEBUG] CompareWithPeers bucket size after helper: 5
[DEBUG] CompareWithPeers bucket size before helper: 2
[DEBUG] CompareWithPeers bucket size after helper: 2
[DEBUG] CompareWithPeers bucket size after helper: 4
[DEBUG] CompareWithPeers bucket size after helper: 2
[DONE 1105/1977] FDX: DOWN(D:3) TL:False Ret:-10.1% Correct:True
[START 1115/1977] SMCI 2020Q4 (LOSER)
[DONE 1106/1977] TER: DOWN(D:4) TL:False Ret:-13.0% Correct:True
[START 1116/1977] LHX 2019Q2 (GAINER)
[DONE 1107/1977] WBD: UP(D:6) TL:False Ret:-10.9% Correct:False
[START 1117/1977] VRTX 2021Q3 (GAINER)
[DEBUG] CompareWithPeers bucket size before helper: 2
[DEBUG] CompareWithPeers bucket size before helper: 0
[DEBUG] CompareWithPeers bucket size after helper: 0
[DEBUG] CompareWithPeers bucket size after helper: 2
[DONE 1108/1977] LVS: UP(D:6) TL:False Ret:34.7% Correct:True
[START 1118/1977] REG 2020Q1 (GAINER)
[DONE 1109/1977] LYV: UP(D:7) TL:True Ret:32.9% Correct:True
[START 1119/1977] CPAY 2019Q1 (GAINER)
[DONE 1110/1977] NOW: UP(D:7) TL:False Ret:23.6% Correct:True
[START 1120/1977] ELV 2019Q1 (GAINER)
[DEBUG] CompareWithPeers bucket size before helper: 3
[DEBUG] CompareWithPeers bucket size after helper: 3
[DONE 1111/1977] BLDR: DOWN(D:3) TL:False Ret:-61.3% Correct:True
[START 1121/1977] WFC 2020Q3 (GAINER)
[DEBUG] CompareWithPeers bucket size before helper: 5
[DONE 1112/1977] NFLX: DOWN(D:3) TL:False Ret:-11.0% Correct:True
[START 1122/1977] FICO 2021Q3 (LOSER)
[DEBUG] CompareWithPeers bucket size after helper: 5
[DEBUG] CompareWithPeers bucket size before helper: 3
[DEBUG] CompareWithPeers bucket size before helper: 3
[DEBUG] CompareWithPeers bucket size before helper: 3
[DEBUG] CompareWithPeers bucket size after helper: 3
[DEBUG] CompareWithPeers bucket size after helper: 3
[DEBUG] CompareWithPeers bucket size after helper: 3
[DONE 1113/1977] DHI: DOWN(D:5) TL:False Ret:-12.9% Correct:True
[START 1123/1977] HAL 2021Q4 (GAINER)
[DONE 1114/1977] NEM: DOWN(D:4) TL:False Ret:-12.7% Correct:True
[START 1124/1977] DELL 2019Q4 (GAINER)
[DONE 1115/1977] SMCI: DOWN(D:3) TL:False Ret:-16.7% Correct:True
[START 1125/1977] FOX 2021Q2 (GAINER)
[DEBUG] CompareWithPeers bucket size before helper: 0
[DEBUG] CompareWithPeers bucket size after helper: 0
[DONE 1116/1977] VRTX: UP(D:8) TL:True Ret:17.2% Correct:True
[START 1126/1977] DLTR 2020Q3 (LOSER)
[DEBUG] CompareWithPeers bucket size before helper: 2
[DEBUG] CompareWithPeers bucket size after helper: 2
[DONE 1117/1977] LHX: UP(D:6) TL:False Ret:13.4% Correct:True
[START 1127/1977] KLAC 2023Q2 (LOSER)
[DEBUG] CompareWithPeers bucket size before helper: 0
[DEBUG] CompareWithPeers bucket size after helper: 0
[DONE 1118/1977] REG: DOWN(D:4) TL:False Ret:16.1% Correct:False
[START 1128/1977] PODD 2023Q2 (LOSER)
[DEBUG] CompareWithPeers bucket size before helper: 2
[DONE 1119/1977] CPAY: UP(D:6) TL:False Ret:11.7% Correct:True
[START 1129/1977] SW 2023Q1 (LOSER)
[DEBUG] CompareWithPeers bucket size before helper: 3
[DEBUG] CompareWithPeers bucket size after helper: 2
[DEBUG] CompareWithPeers bucket size after helper: 3
[DEBUG] CompareWithPeers bucket size before helper: 4
[DONE 1120/1977] WFC: DOWN(D:3) TL:False Ret:15.6% Correct:False
[START 1130/1977] LEN 2023Q2 (GAINER)
[DONE 1121/1977] FICO: DOWN(D:4) TL:False Ret:-13.5% Correct:True
[START 1131/1977] WAT 2023Q3 (GAINER)
[DEBUG] CompareWithPeers bucket size after helper: 4
[DEBUG] CompareWithPeers bucket size before helper: 3
[DEBUG] CompareWithPeers bucket size after helper: 3
[DONE 1122/1977] HAL: UP(D:6) TL:True Ret:33.5% Correct:True
[START 1132/1977] PRU 2019Q2 (LOSER)
[DEBUG] CompareWithPeers bucket size before helper: 0
[DEBUG] CompareWithPeers bucket size after helper: 0
[DEBUG] CompareWithPeers bucket size before helper: 2
[DONE 1123/1977] DELL: DOWN(D:4) TL:False Ret:12.8% Correct:False
[START 1133/1977] TXT 2022Q3 (GAINER)
[DEBUG] CompareWithPeers bucket size before helper: 4
[DONE 1124/1977] ELV: DOWN(D:4) TL:False Ret:10.7% Correct:False
[START 1134/1977] SPGI 2023Q1 (GAINER)
[DEBUG] CompareWithPeers bucket size after helper: 2
[DEBUG] CompareWithPeers bucket size after helper: 4
[DEBUG] CompareWithPeers bucket size before helper: 5
[DEBUG] CompareWithPeers bucket size after helper: 5

======================================================================
📊 PROGRESS REPORT [1125/1977] (56.9%)
======================================================================
⏱️  Elapsed: 196.8 min | ETA: 149.0 min | Avg: 10.5s/sample
✅ Success: 1125 | ❌ Failed: 0
🎯 Overall Accuracy: 61.6% (693/1125)
📈 Long-only: 90 trades | Win Rate: 82.2% (74/90) | Avg Ret: +13.0%
💰 Total Cost: $4.7900 | Avg: $0.0043/sample
======================================================================

[DONE 1125/1977] FOX: DOWN(D:3) TL:False Ret:20.3% Correct:False
[START 1135/1977] EOG 2022Q2 (GAINER)
[DONE 1126/1977] DLTR: DOWN(D:3) TL:False Ret:-18.7% Correct:True
[START 1136/1977] BLK 2021Q3 (GAINER)
[DEBUG] CompareWithPeers bucket size before helper: 0
[DEBUG] CompareWithPeers bucket size after helper: 0
[DONE 1127/1977] KLAC: DOWN(D:4) TL:False Ret:-14.9% Correct:True
[START 1137/1977] RMD 2020Q4 (LOSER)
[DEBUG] CompareWithPeers bucket size before helper: 2
[DEBUG] CompareWithPeers bucket size after helper: 2
[DEBUG] CompareWithPeers bucket size before helper: 3
[DEBUG] CompareWithPeers bucket size before helper: 2
[DONE 1128/1977] PODD: DOWN(D:3) TL:False Ret:-32.9% Correct:True
[START 1138/1977] LULU 2022Q3 (LOSER)
[DEBUG] CompareWithPeers bucket size after helper: 3
[DEBUG] CompareWithPeers bucket size after helper: 2
[DONE 1129/1977] WAT: DOWN(D:3) TL:False Ret:28.2% Correct:False
[START 1139/1977] KDP 2023Q1 (LOSER)
[DEBUG] CompareWithPeers bucket size before helper: 3
[DEBUG] CompareWithPeers bucket size before helper: 3
[DEBUG] CompareWithPeers bucket size after helper: 3
[DEBUG] CompareWithPeers bucket size after helper: 3
[DONE 1130/1977] PRU: DOWN(D:3) TL:False Ret:-11.3% Correct:True
[START 1140/1977] VST 2019Q4 (LOSER)
[DONE 1131/1977] SW: DOWN(D:3) TL:False Ret:-29.2% Correct:True
[START 1141/1977] COO 2019Q4 (GAINER)
[DEBUG] CompareWithPeers bucket size before helper: 3
[DEBUG] CompareWithPeers bucket size after helper: 3
[DONE 1132/1977] LEN: UP(D:7) TL:True Ret:10.5% Correct:True
[START 1142/1977] COIN 2023Q2 (LOSER)
[DONE 1133/1977] TXT: DOWN(D:4) TL:False Ret:11.1% Correct:False
[START 1143/1977] PKG 2023Q4 (GAINER)
[DEBUG] CompareWithPeers bucket size before helper: 4
[DEBUG] CompareWithPeers bucket size before helper: 2
[DEBUG] CompareWithPeers bucket size after helper: 4
[DEBUG] CompareWithPeers bucket size after helper: 2
[DONE 1134/1977] SPGI: UP(D:6) TL:False Ret:12.9% Correct:True
[START 1144/1977] CAH 2019Q1 (LOSER)
[DEBUG] CompareWithPeers bucket size before helper: 3
[DEBUG] CompareWithPeers bucket size before helper: 0
[DEBUG] CompareWithPeers bucket size after helper: 0
[DEBUG] CompareWithPeers bucket size after helper: 3
[DONE 1135/1977] RMD: DOWN(D:4) TL:False Ret:-14.7% Correct:True
[START 1145/1977] HON 2023Q2 (LOSER)
[DEBUG] CompareWithPeers bucket size before helper: 4
[DONE 1136/1977] EOG: UP(D:7) TL:False Ret:20.6% Correct:True
[START 1146/1977] INTU 2019Q3 (GAINER)
[DEBUG] CompareWithPeers bucket size after helper: 4
[DONE 1137/1977] BLK: UP(D:6) TL:False Ret:11.3% Correct:True
[START 1147/1977] NRG 2021Q1 (GAINER)
[DONE 1138/1977] KDP: DOWN(D:4) TL:False Ret:-11.8% Correct:True
[START 1148/1977] WDC 2020Q4 (LOSER)
[DEBUG] CompareWithPeers bucket size before helper: 4
[DEBUG] CompareWithPeers bucket size before helper: 4
[DEBUG] CompareWithPeers bucket size after helper: 4
[DEBUG] CompareWithPeers bucket size after helper: 4
[DONE 1139/1977] LULU: DOWN(D:4) TL:False Ret:-16.4% Correct:True
[START 1149/1977] NOW 2019Q1 (GAINER)
[DONE 1140/1977] VST: DOWN(D:3) TL:False Ret:-16.8% Correct:True
[START 1150/1977] DIS 2023Q2 (LOSER)
[DONE 1141/1977] COO: DOWN(D:4) TL:False Ret:16.2% Correct:False
[START 1151/1977] HAS 2023Q4 (GAINER)
[DEBUG] CompareWithPeers bucket size before helper: 2
[DEBUG] CompareWithPeers bucket size after helper: 2
[DEBUG] CompareWithPeers bucket size before helper: 5
[DEBUG] CompareWithPeers bucket size after helper: 5
[DEBUG] CompareWithPeers bucket size before helper: 2
[DEBUG] CompareWithPeers bucket size before helper: 4
[DEBUG] CompareWithPeers bucket size after helper: 2
[DONE 1142/1977] PKG: DOWN(D:4) TL:False Ret:12.8% Correct:False
[START 1152/1977] ROL 2019Q2 (LOSER)
[DEBUG] CompareWithPeers bucket size after helper: 4
[DEBUG] CompareWithPeers bucket size before helper: 3
[DONE 1143/1977] CAH: DOWN(D:4) TL:False Ret:-20.0% Correct:True
[START 1153/1977] CNC 2022Q4 (LOSER)
[DEBUG] CompareWithPeers bucket size after helper: 3
[DONE 1144/1977] COIN: DOWN(D:4) TL:False Ret:-10.1% Correct:True
[START 1154/1977] UPS 2023Q1 (LOSER)
[DEBUG] CompareWithPeers bucket size before helper: 3
[DEBUG] CompareWithPeers bucket size before helper: 0
[DEBUG] CompareWithPeers bucket size after helper: 0
[DONE 1145/1977] HON: DOWN(D:4) TL:False Ret:-11.4% Correct:True
[START 1155/1977] LYB 2019Q2 (GAINER)
[DEBUG] CompareWithPeers bucket size after helper: 3
[DONE 1146/1977] INTU: UP(D:8) TL:False Ret:12.2% Correct:True
[START 1156/1977] PAYC 2023Q1 (GAINER)
[DEBUG] CompareWithPeers bucket size before helper: 2
[DONE 1147/1977] WDC: DOWN(D:3) TL:False Ret:-16.3% Correct:True
[START 1157/1977] MOH 2023Q4 (GAINER)
[DEBUG] CompareWithPeers bucket size after helper: 2
[DONE 1148/1977] NRG: DOWN(D:4) TL:False Ret:21.3% Correct:False
[START 1158/1977] MCK 2021Q2 (GAINER)
[DEBUG] CompareWithPeers bucket size before helper: 3
[DEBUG] CompareWithPeers bucket size after helper: 3
[DEBUG] CompareWithPeers bucket size before helper: 4
[DEBUG] CompareWithPeers bucket size after helper: 4
[DONE 1149/1977] DIS: DOWN(D:3) TL:False Ret:-12.3% Correct:True
[START 1159/1977] RVTY 2022Q3 (GAINER)
[DEBUG] CompareWithPeers bucket size before helper: 3
[DEBUG] CompareWithPeers bucket size after helper: 3
[DEBUG] CompareWithPeers bucket size before helper: 4

======================================================================
📊 PROGRESS REPORT [1150/1977] (58.2%)
======================================================================
⏱️  Elapsed: 200.6 min | ETA: 144.3 min | Avg: 10.5s/sample
✅ Success: 1150 | ❌ Failed: 0
🎯 Overall Accuracy: 61.9% (712/1150)
📈 Long-only: 91 trades | Win Rate: 82.4% (75/91) | Avg Ret: +13.0%
💰 Total Cost: $4.9025 | Avg: $0.0043/sample
======================================================================

[DONE 1150/1977] HAS: DOWN(D:3) TL:False Ret:10.1% Correct:False
[START 1160/1977] WFC 2021Q1 (GAINER)
[DEBUG] CompareWithPeers bucket size after helper: 4
[DONE 1151/1977] NOW: UP(D:6) TL:False Ret:13.1% Correct:True
[START 1161/1977] ZBH 2019Q2 (GAINER)
[DEBUG] CompareWithPeers bucket size before helper: 4
[DEBUG] CompareWithPeers bucket size before helper: 5
[DEBUG] CompareWithPeers bucket size after helper: 4
[DEBUG] CompareWithPeers bucket size after helper: 5
[DEBUG] CompareWithPeers bucket size before helper: 0
[DEBUG] CompareWithPeers bucket size after helper: 0
[DONE 1152/1977] CNC: DOWN(D:4) TL:False Ret:-10.4% Correct:True
[START 1162/1977] XYL 2022Q3 (GAINER)
[DONE 1153/1977] UPS: DOWN(D:3) TL:False Ret:-12.4% Correct:True
[START 1163/1977] DE 2021Q1 (GAINER)
[DONE 1154/1977] PAYC: UP(D:7) TL:True Ret:12.2% Correct:True
[START 1164/1977] CMCSA 2023Q1 (GAINER)
[DONE 1155/1977] LYB: DOWN(D:4) TL:False Ret:10.0% Correct:False
[START 1165/1977] APA 2020Q3 (GAINER)
[DONE 1156/1977] ROL: DOWN(D:3) TL:False Ret:-10.3% Correct:True
[START 1166/1977] SPGI 2022Q1 (LOSER)
[DEBUG] CompareWithPeers bucket size before helper: 0
[DEBUG] CompareWithPeers bucket size after helper: 0
[DONE 1157/1977] MCK: UP(D:6) TL:False Ret:13.4% Correct:True
[START 1167/1977] MTCH 2021Q3 (LOSER)
[DEBUG] CompareWithPeers bucket size before helper: 2
[DEBUG] CompareWithPeers bucket size after helper: 2
[DONE 1158/1977] WFC: DOWN(D:4) TL:False Ret:16.6% Correct:False
[START 1168/1977] SNPS 2023Q2 (GAINER)
[DEBUG] CompareWithPeers bucket size before helper: 4
[DEBUG] CompareWithPeers bucket size after helper: 4
[DEBUG] CompareWithPeers bucket size before helper: 3
[DEBUG] CompareWithPeers bucket size before helper: 3
[DEBUG] CompareWithPeers bucket size after helper: 3
[DEBUG] CompareWithPeers bucket size after helper: 3
[DONE 1159/1977] RVTY: UP(D:6) TL:False Ret:10.0% Correct:True
[START 1169/1977] NXPI 2020Q3 (GAINER)
[DEBUG] CompareWithPeers bucket size before helper: 2
[DONE 1160/1977] DE: UP(D:6) TL:False Ret:24.8% Correct:True
[START 1170/1977] FISV 2020Q3 (GAINER)
[DEBUG] CompareWithPeers bucket size before helper: 0
[DEBUG] CompareWithPeers bucket size after helper: 0
[DEBUG] CompareWithPeers bucket size after helper: 2
[DONE 1161/1977] SPGI: DOWN(D:3) TL:False Ret:-12.5% Correct:True
[START 1171/1977] TPL 2023Q2 (GAINER)
[DEBUG] CompareWithPeers bucket size before helper: 0
[DEBUG] CompareWithPeers bucket size after helper: 0
[DONE 1162/1977] MTCH: DOWN(D:5) TL:False Ret:-16.2% Correct:True
[START 1172/1977] CSCO 2022Q3 (LOSER)
[DONE 1163/1977] CMCSA: UP(D:6) TL:False Ret:10.2% Correct:True
[START 1173/1977] BLK 2019Q4 (LOSER)
[DEBUG] CompareWithPeers bucket size before helper: 3
[DEBUG] CompareWithPeers bucket size before helper: 5
[DEBUG] CompareWithPeers bucket size before helper: 3
[DEBUG] CompareWithPeers bucket size after helper: 3
[DEBUG] CompareWithPeers bucket size after helper: 5
[DEBUG] CompareWithPeers bucket size after helper: 3
[DONE 1164/1977] APA: DOWN(D:4) TL:False Ret:70.5% Correct:False
[START 1174/1977] DAL 2020Q1 (GAINER)
[DEBUG] CompareWithPeers bucket size before helper: 5
[DONE 1165/1977] SNPS: UP(D:8) TL:True Ret:15.1% Correct:True
[START 1175/1977] APA 2022Q1 (LOSER)
[DEBUG] CompareWithPeers bucket size after helper: 5
[DONE 1166/1977] ZBH: DOWN(D:4) TL:False Ret:10.6% Correct:False
[START 1176/1977] ADBE 2022Q4 (GAINER)
[DONE 1167/1977] MOH: UP(D:6) TL:False Ret:14.5% Correct:True
[START 1177/1977] GS 2022Q2 (GAINER)
[DONE 1168/1977] XYL: UP(D:7) TL:False Ret:12.0% Correct:True
[START 1178/1977] FCX 2023Q1 (LOSER)
[DEBUG] CompareWithPeers bucket size before helper: 2
[DEBUG] CompareWithPeers bucket size before helper: 0
[DEBUG] CompareWithPeers bucket size after helper: 0
[DEBUG] CompareWithPeers bucket size after helper: 2
[DEBUG] CompareWithPeers bucket size before helper: 0
[DEBUG] CompareWithPeers bucket size after helper: 0
[DONE 1169/1977] NXPI: DOWN(D:4) TL:False Ret:16.6% Correct:False
[START 1179/1977] ZBH 2021Q2 (LOSER)
[DEBUG] CompareWithPeers bucket size before helper: 3
[DONE 1170/1977] TPL: DOWN(D:4) TL:False Ret:20.9% Correct:False
[START 1180/1977] MET 2020Q1 (GAINER)
[DEBUG] CompareWithPeers bucket size before helper: 3
[DEBUG] CompareWithPeers bucket size after helper: 3
[DEBUG] CompareWithPeers bucket size after helper: 3
[DONE 1171/1977] FISV: UP(D:6) TL:False Ret:22.8% Correct:True
[START 1181/1977] TDG 2022Q3 (LOSER)
[DEBUG] CompareWithPeers bucket size before helper: 3
[DONE 1172/1977] DAL: DOWN(D:4) TL:False Ret:40.2% Correct:False
[START 1182/1977] FCX 2020Q2 (GAINER)
[DEBUG] CompareWithPeers bucket size after helper: 3
[DEBUG] CompareWithPeers bucket size before helper: 4
[DEBUG] CompareWithPeers bucket size after helper: 4
[DONE 1173/1977] CSCO: DOWN(D:4) TL:False Ret:-13.2% Correct:True
[START 1183/1977] COF 2021Q4 (LOSER)
[DONE 1174/1977] BLK: UP(D:6) TL:True Ret:-10.7% Correct:False
[START 1184/1977] ETR 2021Q4 (GAINER)
[DEBUG] CompareWithPeers bucket size before helper: 4

======================================================================
📊 PROGRESS REPORT [1175/1977] (59.4%)
======================================================================
⏱️  Elapsed: 205.0 min | ETA: 139.9 min | Avg: 10.5s/sample
✅ Success: 1175 | ❌ Failed: 0
🎯 Overall Accuracy: 62.0% (728/1175)
📈 Long-only: 94 trades | Win Rate: 81.9% (77/94) | Avg Ret: +12.8%
💰 Total Cost: $5.0124 | Avg: $0.0043/sample
======================================================================

[DONE 1175/1977] APA: UP(D:3) TL:False Ret:-13.2% Correct:False
[START 1185/1977] WAB 2019Q3 (GAINER)
[DEBUG] CompareWithPeers bucket size before helper: 4
[DEBUG] CompareWithPeers bucket size after helper: 4
[DEBUG] CompareWithPeers bucket size after helper: 4
[DONE 1176/1977] FCX: DOWN(D:4) TL:False Ret:-10.4% Correct:True
[START 1186/1977] DE 2019Q2 (GAINER)
[DEBUG] CompareWithPeers bucket size before helper: 2
[DEBUG] CompareWithPeers bucket size before helper: 4
[DONE 1177/1977] GS: DOWN(D:4) TL:False Ret:13.6% Correct:False
[START 1187/1977] DVN 2022Q1 (GAINER)
[DEBUG] CompareWithPeers bucket size after helper: 4
[DEBUG] CompareWithPeers bucket size after helper: 2
[DEBUG] CompareWithPeers bucket size before helper: 8
[DEBUG] CompareWithPeers bucket size after helper: 8
[DEBUG] CompareWithPeers bucket size before helper: 0
[DEBUG] CompareWithPeers bucket size after helper: 0
[DONE 1178/1977] ZBH: DOWN(D:4) TL:False Ret:-10.4% Correct:True
[START 1188/1977] FANG 2022Q1 (GAINER)
[DONE 1179/1977] MET: DOWN(D:4) TL:False Ret:13.2% Correct:False
[START 1189/1977] BBY 2019Q4 (GAINER)
[DONE 1180/1977] ADBE: UP(D:6) TL:False Ret:16.8% Correct:True
[START 1190/1977] WSM 2022Q1 (GAINER)
[DEBUG] CompareWithPeers bucket size before helper: 3
[DEBUG] CompareWithPeers bucket size after helper: 3
[DONE 1181/1977] TDG: DOWN(D:4) TL:False Ret:-11.6% Correct:True
[START 1191/1977] WY 2021Q1 (LOSER)
[DEBUG] CompareWithPeers bucket size before helper: 0
[DEBUG] CompareWithPeers bucket size after helper: 0
[DEBUG] CompareWithPeers bucket size before helper: 3
[DONE 1182/1977] ETR: DOWN(D:5) TL:False Ret:18.3% Correct:False
[START 1192/1977] SBAC 2019Q1 (GAINER)
[DONE 1183/1977] COF: DOWN(D:3) TL:False Ret:-14.4% Correct:True
[START 1193/1977] ADP 2021Q1 (GAINER)
[DEBUG] CompareWithPeers bucket size after helper: 3
[DEBUG] CompareWithPeers bucket size before helper: 2
[DEBUG] CompareWithPeers bucket size before helper: 0
[DEBUG] CompareWithPeers bucket size after helper: 0
[DEBUG] CompareWithPeers bucket size after helper: 2
[DONE 1184/1977] WAB: UP(D:6) TL:False Ret:10.0% Correct:True
[START 1194/1977] LDOS 2021Q4 (GAINER)
[DONE 1185/1977] DE: DOWN(D:3) TL:False Ret:13.1% Correct:False
[START 1195/1977] PSX 2022Q4 (LOSER)
[DEBUG] CompareWithPeers bucket size before helper: 2
[DONE 1186/1977] DVN: UP(D:6) TL:False Ret:17.3% Correct:True
[START 1196/1977] META 2021Q4 (LOSER)
[DEBUG] CompareWithPeers bucket size after helper: 2
[DEBUG] CompareWithPeers bucket size before helper: 0
[DEBUG] CompareWithPeers bucket size after helper: 0
[DEBUG] CompareWithPeers bucket size before helper: 4
[DONE 1187/1977] WSM: UP(D:6) TL:False Ret:11.6% Correct:True
[START 1197/1977] ELV 2019Q3 (GAINER)
[DEBUG] CompareWithPeers bucket size after helper: 4
[DEBUG] CompareWithPeers bucket size before helper: 3
[DEBUG] CompareWithPeers bucket size after helper: 3
[DONE 1188/1977] WY: UP(D:6) TL:False Ret:-12.9% Correct:False
[START 1198/1977] BIIB 2022Q2 (LOSER)
[DONE 1189/1977] FCX: DOWN(D:4) TL:False Ret:14.2% Correct:False
[START 1199/1977] DASH 2021Q3 (LOSER)
[DEBUG] CompareWithPeers bucket size before helper: 4
[DEBUG] CompareWithPeers bucket size before helper: 2
[DONE 1190/1977] FANG: UP(D:6) TL:False Ret:15.1% Correct:True
[START 1200/1977] DGX 2019Q1 (GAINER)
[DEBUG] CompareWithPeers bucket size after helper: 4
[DEBUG] CompareWithPeers bucket size after helper: 2
[DEBUG] CompareWithPeers bucket size before helper: 3
[DEBUG] CompareWithPeers bucket size after helper: 3
[DONE 1191/1977] LDOS: DOWN(D:4) TL:False Ret:24.1% Correct:False
[START 1201/1977] VMC 2020Q1 (GAINER)
[DONE 1192/1977] SBAC: UP(D:7) TL:False Ret:13.5% Correct:True
[START 1202/1977] KR 2019Q1 (GAINER)
[DONE 1193/1977] PSX: DOWN(D:4) TL:False Ret:-12.0% Correct:True
[START 1203/1977] CMS 2023Q2 (LOSER)
[DEBUG] CompareWithPeers bucket size before helper: 3
[DEBUG] CompareWithPeers bucket size after helper: 3
[DEBUG] CompareWithPeers bucket size before helper: 2
[DEBUG] CompareWithPeers bucket size before helper: 3
[DEBUG] CompareWithPeers bucket size after helper: 2
[DEBUG] CompareWithPeers bucket size after helper: 3
[DEBUG] CompareWithPeers bucket size before helper: 3
[DEBUG] CompareWithPeers bucket size before helper: 2
[DEBUG] CompareWithPeers bucket size after helper: 3
[DONE 1194/1977] ADP: DOWN(D:4) TL:False Ret:17.8% Correct:False
[START 1204/1977] EG 2020Q2 (LOSER)
[DEBUG] CompareWithPeers bucket size after helper: 2
[DEBUG] CompareWithPeers bucket size before helper: 2
[DONE 1195/1977] BBY: DOWN(D:4) TL:False Ret:23.5% Correct:False
[START 1205/1977] BAX 2022Q4 (LOSER)
[DEBUG] CompareWithPeers bucket size after helper: 2
[DONE 1196/1977] DASH: DOWN(D:5) TL:False Ret:-20.0% Correct:True
[START 1206/1977] POOL 2021Q3 (GAINER)
[DONE 1197/1977] META: DOWN(D:3) TL:False Ret:-33.0% Correct:True
[START 1207/1977] TT 2021Q4 (LOSER)
[DONE 1198/1977] DGX: DOWN(D:4) TL:False Ret:14.8% Correct:False
[START 1208/1977] AMD 2020Q1 (LOSER)
[DEBUG] CompareWithPeers bucket size before helper: 0
[DEBUG] CompareWithPeers bucket size after helper: 0
[DEBUG] CompareWithPeers bucket size before helper: 4
[DONE 1199/1977] BIIB: DOWN(D:3) TL:False Ret:-11.3% Correct:True
[START 1209/1977] NWS 2023Q2 (LOSER)
[DEBUG] CompareWithPeers bucket size after helper: 4
[DEBUG] CompareWithPeers bucket size before helper: 5
[DEBUG] CompareWithPeers bucket size before helper: 0
[DEBUG] CompareWithPeers bucket size after helper: 0

======================================================================
📊 PROGRESS REPORT [1200/1977] (60.7%)
======================================================================
⏱️  Elapsed: 209.3 min | ETA: 135.5 min | Avg: 10.5s/sample
✅ Success: 1200 | ❌ Failed: 0
🎯 Overall Accuracy: 61.9% (743/1200)
📈 Long-only: 94 trades | Win Rate: 81.9% (77/94) | Avg Ret: +12.8%
💰 Total Cost: $5.1203 | Avg: $0.0043/sample
======================================================================

[DONE 1200/1977] ELV: UP(D:6) TL:False Ret:10.0% Correct:True
[START 1210/1977] IR 2020Q3 (GAINER)
[DEBUG] CompareWithPeers bucket size after helper: 5
[DONE 1201/1977] VMC: DOWN(D:3) TL:False Ret:12.0% Correct:False
[START 1211/1977] EXE 2023Q3 (LOSER)
[DONE 1202/1977] CMS: DOWN(D:3) TL:False Ret:-11.7% Correct:True
[START 1212/1977] SWK 2022Q1 (LOSER)
[DONE 1203/1977] KR: UP(D:6) TL:False Ret:14.3% Correct:True
[START 1213/1977] AON 2021Q4 (GAINER)
[DEBUG] CompareWithPeers bucket size before helper: 3
[DEBUG] CompareWithPeers bucket size before helper: 4
[DEBUG] CompareWithPeers bucket size after helper: 4
[DEBUG] CompareWithPeers bucket size after helper: 3
[DEBUG] CompareWithPeers bucket size before helper: 2
[DEBUG] CompareWithPeers bucket size before helper: 5
[DEBUG] CompareWithPeers bucket size after helper: 2
[DEBUG] CompareWithPeers bucket size after helper: 5
[DONE 1204/1977] EG: DOWN(D:4) TL:False Ret:-13.8% Correct:True
[START 1214/1977] BLDR 2020Q2 (GAINER)
[DONE 1205/1977] BAX: DOWN(D:3) TL:False Ret:-14.1% Correct:True
[START 1215/1977] GLW 2019Q4 (LOSER)
[DEBUG] CompareWithPeers bucket size before helper: 0
[DEBUG] CompareWithPeers bucket size after helper: 0
[DONE 1206/1977] POOL: DOWN(D:4) TL:False Ret:17.5% Correct:False
[START 1216/1977] AZO 2021Q4 (GAINER)
[DONE 1207/1977] AMD: DOWN(D:5) TL:False Ret:-10.4% Correct:True
[START 1217/1977] CRL 2021Q3 (LOSER)
[DONE 1208/1977] TT: DOWN(D:5) TL:False Ret:-11.5% Correct:True
[START 1218/1977] ALL 2019Q4 (LOSER)
[DEBUG] CompareWithPeers bucket size before helper: 3
[DEBUG] CompareWithPeers bucket size before helper: 5
[DEBUG] CompareWithPeers bucket size after helper: 3
[DEBUG] CompareWithPeers bucket size after helper: 5
[DEBUG] CompareWithPeers bucket size before helper: 3
[DONE 1209/1977] NWS: DOWN(D:3) TL:False Ret:-20.5% Correct:True
[START 1219/1977] FTNT 2022Q2 (LOSER)
[DEBUG] CompareWithPeers bucket size after helper: 3
[DONE 1210/1977] EXE: UP(D:3) TL:False Ret:-14.0% Correct:False
[START 1220/1977] FTNT 2019Q4 (LOSER)
[DEBUG] CompareWithPeers bucket size before helper: 2
[DEBUG] CompareWithPeers bucket size before helper: 0
[DEBUG] CompareWithPeers bucket size after helper: 0
[DEBUG] CompareWithPeers bucket size after helper: 2
[DONE 1211/1977] IR: UP(D:6) TL:False Ret:23.2% Correct:True
[START 1221/1977] JCI 2022Q4 (GAINER)
[DEBUG] CompareWithPeers bucket size before helper: 3
[DEBUG] CompareWithPeers bucket size after helper: 3
[DONE 1212/1977] SWK: DOWN(D:3) TL:False Ret:-21.0% Correct:True
[START 1222/1977] ALB 2019Q4 (LOSER)
[DEBUG] CompareWithPeers bucket size before helper: 0
[DEBUG] CompareWithPeers bucket size after helper: 0
[DONE 1213/1977] AON: UP(D:6) TL:False Ret:15.0% Correct:True
[START 1223/1977] AFL 2019Q1 (GAINER)
[DEBUG] CompareWithPeers bucket size before helper: 0
[DEBUG] CompareWithPeers bucket size after helper: 0
[DONE 1214/1977] AZO: UP(D:6) TL:False Ret:12.8% Correct:True
[START 1224/1977] COO 2023Q4 (GAINER)
[DONE 1215/1977] BLDR: DOWN(D:4) TL:False Ret:40.2% Correct:False
[START 1225/1977] AMP 2022Q2 (GAINER)
[DEBUG] CompareWithPeers bucket size before helper: 4
[DEBUG] CompareWithPeers bucket size after helper: 4
[DONE 1216/1977] GLW: UP(D:6) TL:False Ret:-26.9% Correct:False
[START 1226/1977] AXON 2023Q1 (LOSER)
[DEBUG] CompareWithPeers bucket size before helper: 3
[DONE 1217/1977] CRL: DOWN(D:4) TL:False Ret:-16.5% Correct:True
[START 1227/1977] MNST 2022Q3 (GAINER)
[DEBUG] CompareWithPeers bucket size after helper: 3
[DEBUG] CompareWithPeers bucket size before helper: 4
[DEBUG] CompareWithPeers bucket size after helper: 4
[DEBUG] CompareWithPeers bucket size before helper: 0
[DEBUG] CompareWithPeers bucket size after helper: 0
[DEBUG] CompareWithPeers bucket size before helper: 4
[DEBUG] CompareWithPeers bucket size after helper: 4
[DEBUG] CompareWithPeers bucket size before helper: 3
[DEBUG] CompareWithPeers bucket size after helper: 3
[DONE 1218/1977] ALL: DOWN(D:4) TL:False Ret:-37.7% Correct:True
[START 1228/1977] APO 2022Q1 (LOSER)
[DONE 1219/1977] FTNT: DOWN(D:4) TL:False Ret:-19.8% Correct:True
[START 1229/1977] KEYS 2023Q1 (LOSER)
[DONE 1220/1977] FTNT: UP(D:6) TL:False Ret:-14.8% Correct:False
[START 1230/1977] WYNN 2019Q1 (LOSER)
[DEBUG] CompareWithPeers bucket size before helper: 2
[DEBUG] CompareWithPeers bucket size before helper: 4
[DEBUG] CompareWithPeers bucket size before helper: 3
[DEBUG] CompareWithPeers bucket size after helper: 2
[DEBUG] CompareWithPeers bucket size after helper: 4
[DEBUG] CompareWithPeers bucket size after helper: 3
[DONE 1221/1977] AFL: DOWN(D:4) TL:False Ret:10.5% Correct:False
[START 1231/1977] PGR 2021Q1 (LOSER)
[DONE 1222/1977] COO: DOWN(D:4) TL:False Ret:10.1% Correct:False
[START 1232/1977] LDOS 2023Q1 (LOSER)
[DONE 1223/1977] JCI: UP(D:6) TL:False Ret:10.9% Correct:True
[START 1233/1977] FANG 2020Q3 (GAINER)
[DONE 1224/1977] ALB: DOWN(D:4) TL:False Ret:-39.9% Correct:True
[START 1234/1977] AMGN 2021Q4 (GAINER)

======================================================================
📊 PROGRESS REPORT [1225/1977] (62.0%)
======================================================================
⏱️  Elapsed: 212.8 min | ETA: 130.7 min | Avg: 10.4s/sample
✅ Success: 1225 | ❌ Failed: 0
🎯 Overall Accuracy: 62.0% (759/1225)
📈 Long-only: 94 trades | Win Rate: 81.9% (77/94) | Avg Ret: +12.8%
💰 Total Cost: $5.2253 | Avg: $0.0043/sample
======================================================================

[DONE 1225/1977] AMP: DOWN(D:4) TL:False Ret:16.9% Correct:False
[START 1235/1977] CINF 2020Q4 (GAINER)
[DEBUG] CompareWithPeers bucket size before helper: 3
[DEBUG] CompareWithPeers bucket size after helper: 3
[DEBUG] CompareWithPeers bucket size before helper: 3
[DEBUG] CompareWithPeers bucket size after helper: 3
[DONE 1226/1977] MNST: DOWN(D:4) TL:False Ret:10.3% Correct:False
[START 1236/1977] SLB 2023Q1 (LOSER)
[DEBUG] CompareWithPeers bucket size before helper: 3
[DEBUG] CompareWithPeers bucket size after helper: 3
[DEBUG] CompareWithPeers bucket size before helper: 3
[DONE 1227/1977] AXON: UP(D:7) TL:False Ret:-16.8% Correct:False
[START 1237/1977] LEN 2020Q2 (GAINER)
[DEBUG] CompareWithPeers bucket size after helper: 3
[DONE 1228/1977] KEYS: DOWN(D:3) TL:False Ret:-14.8% Correct:True
[START 1238/1977] FCX 2019Q3 (GAINER)
[DEBUG] CompareWithPeers bucket size before helper: 3
[DEBUG] CompareWithPeers bucket size before helper: 2
[DEBUG] CompareWithPeers bucket size before helper: 0
[DEBUG] CompareWithPeers bucket size after helper: 0
[DEBUG] CompareWithPeers bucket size after helper: 3
[DEBUG] CompareWithPeers bucket size after helper: 2
[DONE 1229/1977] WYNN: DOWN(D:4) TL:False Ret:-10.5% Correct:True
[START 1239/1977] AMD 2020Q3 (LOSER)
[DONE 1230/1977] APO: DOWN(D:5) TL:False Ret:-10.1% Correct:True
[START 1240/1977] MSCI 2019Q3 (GAINER)
[DONE 1231/1977] PGR: DOWN(D:5) TL:False Ret:-10.9% Correct:True
[START 1241/1977] HST 2021Q3 (LOSER)
[DONE 1232/1977] CINF: DOWN(D:4) TL:False Ret:18.8% Correct:False
[START 1242/1977] TSN 2020Q1 (LOSER)
[DEBUG] CompareWithPeers bucket size before helper: 0
[DEBUG] CompareWithPeers bucket size after helper: 0
[DONE 1233/1977] AMGN: UP(D:6) TL:False Ret:12.6% Correct:True
[START 1243/1977] SHW 2022Q4 (LOSER)
[DEBUG] CompareWithPeers bucket size before helper: 0
[DEBUG] CompareWithPeers bucket size after helper: 0
[DEBUG] CompareWithPeers bucket size before helper: 3
[DEBUG] CompareWithPeers bucket size before helper: 4
[DEBUG] CompareWithPeers bucket size before helper: 3
[DEBUG] CompareWithPeers bucket size after helper: 3
[DEBUG] CompareWithPeers bucket size after helper: 4
[DEBUG] CompareWithPeers bucket size after helper: 3
[DONE 1234/1977] LDOS: DOWN(D:3) TL:False Ret:-12.0% Correct:True
[START 1244/1977] RJF 2020Q1 (LOSER)
[DONE 1235/1977] FCX: DOWN(D:4) TL:False Ret:14.1% Correct:False
[START 1245/1977] LDOS 2021Q3 (LOSER)
[DEBUG] CompareWithPeers bucket size before helper: 4
[DONE 1236/1977] SLB: DOWN(D:4) TL:False Ret:-11.1% Correct:True
[START 1246/1977] APD 2022Q4 (GAINER)
[DEBUG] CompareWithPeers bucket size before helper: 2
[DEBUG] CompareWithPeers bucket size after helper: 4
[DEBUG] CompareWithPeers bucket size before helper: 3
[DEBUG] CompareWithPeers bucket size after helper: 2
[DONE 1237/1977] AMD: DOWN(D:3) TL:False Ret:-22.8% Correct:True
[START 1247/1977] FSLR 2020Q1 (GAINER)
[DEBUG] CompareWithPeers bucket size after helper: 3
[DONE 1238/1977] LEN: DOWN(D:4) TL:False Ret:14.5% Correct:False
[START 1248/1977] DXCM 2019Q4 (GAINER)
[DEBUG] CompareWithPeers bucket size before helper: 6
[DONE 1239/1977] MSCI: UP(D:7) TL:False Ret:13.5% Correct:True
[START 1249/1977] GPN 2022Q1 (LOSER)
[DEBUG] CompareWithPeers bucket size after helper: 6
[DONE 1240/1977] FANG: DOWN(D:4) TL:False Ret:72.0% Correct:False
[START 1250/1977] RCL 2019Q3 (GAINER)
[DEBUG] CompareWithPeers bucket size before helper: 2
[DEBUG] CompareWithPeers bucket size after helper: 2
[DEBUG] CompareWithPeers bucket size before helper: 4
[DEBUG] CompareWithPeers bucket size after helper: 4
[DEBUG] CompareWithPeers bucket size before helper: 4
[DONE 1241/1977] TSN: DOWN(D:4) TL:False Ret:-36.3% Correct:True
[START 1251/1977] CCL 2023Q3 (LOSER)
[DEBUG] CompareWithPeers bucket size after helper: 4
[DEBUG] CompareWithPeers bucket size before helper: 4
[DEBUG] CompareWithPeers bucket size before helper: 0
[DEBUG] CompareWithPeers bucket size after helper: 0
[DEBUG] CompareWithPeers bucket size after helper: 4
[DONE 1242/1977] LDOS: DOWN(D:4) TL:False Ret:-13.2% Correct:True
[START 1252/1977] WAT 2022Q2 (LOSER)
[DONE 1243/1977] RJF: DOWN(D:4) TL:False Ret:-24.3% Correct:True
[START 1253/1977] NSC 2019Q2 (LOSER)
[DONE 1244/1977] HST: UP(D:6) TL:False Ret:-11.7% Correct:False
[START 1254/1977] GIS 2023Q4 (LOSER)
[DEBUG] CompareWithPeers bucket size before helper: 3
[DONE 1245/1977] SHW: DOWN(D:3) TL:False Ret:-13.4% Correct:True
[START 1255/1977] BLK 2021Q4 (LOSER)
[DONE 1246/1977] APD: UP(D:7) TL:False Ret:29.1% Correct:True
[START 1256/1977] LMT 2019Q1 (GAINER)
[DEBUG] CompareWithPeers bucket size after helper: 3
[DEBUG] CompareWithPeers bucket size before helper: 4
[DEBUG] CompareWithPeers bucket size after helper: 4
[DONE 1247/1977] FSLR: DOWN(D:3) TL:False Ret:17.6% Correct:False
[START 1257/1977] ELV 2019Q4 (LOSER)
[DEBUG] CompareWithPeers bucket size before helper: 3
[DONE 1248/1977] DXCM: UP(D:6) TL:False Ret:10.2% Correct:True
[START 1258/1977] STX 2020Q2 (LOSER)
[DEBUG] CompareWithPeers bucket size after helper: 3
[DEBUG] CompareWithPeers bucket size before helper: 2
[DEBUG] CompareWithPeers bucket size after helper: 2
[DONE 1249/1977] RCL: DOWN(D:4) TL:False Ret:10.3% Correct:False
[START 1259/1977] BIIB 2021Q3 (LOSER)
[DEBUG] CompareWithPeers bucket size before helper: 3
[DEBUG] CompareWithPeers bucket size before helper: 0
[DEBUG] CompareWithPeers bucket size after helper: 0
[DEBUG] CompareWithPeers bucket size before helper: 3
[DEBUG] CompareWithPeers bucket size after helper: 3
[DEBUG] CompareWithPeers bucket size after helper: 3
[DEBUG] CompareWithPeers bucket size before helper: 3

======================================================================
📊 PROGRESS REPORT [1250/1977] (63.2%)
======================================================================
⏱️  Elapsed: 217.3 min | ETA: 126.4 min | Avg: 10.4s/sample
✅ Success: 1250 | ❌ Failed: 0
🎯 Overall Accuracy: 61.9% (774/1250)
📈 Long-only: 94 trades | Win Rate: 81.9% (77/94) | Avg Ret: +12.8%
💰 Total Cost: $5.3310 | Avg: $0.0043/sample
======================================================================

[DONE 1250/1977] CCL: UP(D:6) TL:False Ret:-11.6% Correct:False
[START 1260/1977] VST 2019Q2 (GAINER)
[DONE 1251/1977] GPN: DOWN(D:3) TL:False Ret:-18.1% Correct:True
[START 1261/1977] PG 2019Q1 (GAINER)
[DEBUG] CompareWithPeers bucket size after helper: 3
[DEBUG] CompareWithPeers bucket size before helper: 4
[DEBUG] CompareWithPeers bucket size after helper: 4
[DONE 1252/1977] NSC: DOWN(D:4) TL:False Ret:-10.4% Correct:True
[START 1262/1977] ES 2023Q2 (LOSER)
[DONE 1253/1977] WAT: DOWN(D:4) TL:False Ret:-18.5% Correct:True
[START 1263/1977] GEHC 2023Q2 (LOSER)
[DONE 1254/1977] GIS: DOWN(D:3) TL:False Ret:-10.5% Correct:True
[START 1264/1977] LHX 2021Q4 (GAINER)
[DONE 1255/1977] BLK: DOWN(D:4) TL:False Ret:-17.6% Correct:True
[START 1265/1977] DOW 2021Q3 (LOSER)
[DEBUG] CompareWithPeers bucket size before helper: 3
[DEBUG] CompareWithPeers bucket size after helper: 3
[DEBUG] CompareWithPeers bucket size before helper: 0
[DEBUG] CompareWithPeers bucket size after helper: 0
[DEBUG] CompareWithPeers bucket size before helper: 3
[DEBUG] CompareWithPeers bucket size after helper: 3
[DONE 1256/1977] LMT: UP(D:6) TL:False Ret:11.9% Correct:True
[START 1266/1977] SBUX 2022Q3 (GAINER)
[DEBUG] CompareWithPeers bucket size before helper: 0
[DEBUG] CompareWithPeers bucket size after helper: 0
[DEBUG] CompareWithPeers bucket size before helper: 4
[DONE 1257/1977] ELV: UP(D:6) TL:False Ret:-11.7% Correct:False
[START 1267/1977] HWM 2023Q3 (GAINER)
[DEBUG] CompareWithPeers bucket size before helper: 2
[DEBUG] CompareWithPeers bucket size after helper: 4
[DEBUG] CompareWithPeers bucket size before helper: 4
[DEBUG] CompareWithPeers bucket size after helper: 2
[DONE 1258/1977] BIIB: UP(D:6) TL:False Ret:-14.8% Correct:False
[START 1268/1977] ESS 2019Q2 (GAINER)
[DONE 1259/1977] STX: DOWN(D:4) TL:False Ret:-25.8% Correct:True
[START 1269/1977] GDDY 2020Q1 (GAINER)
[DEBUG] CompareWithPeers bucket size after helper: 4
[DEBUG] CompareWithPeers bucket size before helper: 0
[DEBUG] CompareWithPeers bucket size after helper: 0
[DONE 1260/1977] VST: UP(D:6) TL:False Ret:23.2% Correct:True
[START 1270/1977] GWW 2021Q3 (GAINER)
[DEBUG] CompareWithPeers bucket size before helper: 4
[DEBUG] CompareWithPeers bucket size after helper: 4
[DONE 1261/1977] ES: DOWN(D:4) TL:False Ret:-12.4% Correct:True
[START 1271/1977] DPZ 2020Q3 (LOSER)
[DEBUG] CompareWithPeers bucket size before helper: 4
[DONE 1262/1977] GEHC: DOWN(D:4) TL:False Ret:-16.9% Correct:True
[START 1272/1977] DPZ 2023Q1 (LOSER)
[DEBUG] CompareWithPeers bucket size after helper: 4
[DONE 1263/1977] PG: DOWN(D:4) TL:False Ret:16.3% Correct:False
[START 1273/1977] GNRC 2020Q2 (GAINER)
[DONE 1264/1977] LHX: DOWN(D:4) TL:False Ret:18.0% Correct:False
[START 1274/1977] KKR 2019Q4 (LOSER)
[DEBUG] CompareWithPeers bucket size before helper: 0
[DEBUG] CompareWithPeers bucket size after helper: 0
[DONE 1265/1977] DOW: DOWN(D:5) TL:False Ret:-11.4% Correct:True
[START 1275/1977] ALGN 2021Q4 (LOSER)
[DONE 1266/1977] SBUX: UP(D:6) TL:False Ret:10.2% Correct:True
[START 1276/1977] AMD 2019Q1 (GAINER)
[DEBUG] CompareWithPeers bucket size before helper: 5
[DEBUG] CompareWithPeers bucket size after helper: 5
[DEBUG] CompareWithPeers bucket size before helper: 4
[DEBUG] CompareWithPeers bucket size after helper: 4
[DEBUG] CompareWithPeers bucket size before helper: 0
[DEBUG] CompareWithPeers bucket size after helper: 0
[DONE 1267/1977] ESS: UP(D:7) TL:False Ret:11.3% Correct:True
[START 1277/1977] SPGI 2022Q3 (GAINER)
[DEBUG] CompareWithPeers bucket size before helper: 3
[DEBUG] CompareWithPeers bucket size after helper: 3
[DONE 1268/1977] GWW: UP(D:6) TL:False Ret:17.7% Correct:True
[START 1278/1977] EQT 2022Q1 (GAINER)
[DONE 1269/1977] HWM: DOWN(D:4) TL:False Ret:18.1% Correct:False
[START 1279/1977] MCO 2020Q4 (GAINER)
[DEBUG] CompareWithPeers bucket size before helper: 2
[DEBUG] CompareWithPeers bucket size after helper: 2
[DONE 1270/1977] GDDY: UP(D:6) TL:False Ret:16.0% Correct:True
[START 1280/1977] GOOGL 2023Q1 (GAINER)
[DONE 1271/1977] DPZ: DOWN(D:3) TL:False Ret:-12.1% Correct:True
[START 1281/1977] MHK 2020Q4 (GAINER)
[DEBUG] CompareWithPeers bucket size before helper: 2
[DEBUG] CompareWithPeers bucket size before helper: 3
[DEBUG] CompareWithPeers bucket size after helper: 2
[DEBUG] CompareWithPeers bucket size before helper: 3
[DEBUG] CompareWithPeers bucket size after helper: 3
[DEBUG] CompareWithPeers bucket size before helper: 0
[DEBUG] CompareWithPeers bucket size after helper: 0
[DEBUG] CompareWithPeers bucket size after helper: 3
[DONE 1272/1977] ALGN: DOWN(D:4) TL:False Ret:-12.4% Correct:True
[START 1282/1977] DAY 2020Q2 (LOSER)
[DONE 1273/1977] KKR: UP(D:6) TL:False Ret:-28.0% Correct:False
[START 1283/1977] UNP 2023Q3 (GAINER)
[DONE 1274/1977] AMD: UP(D:7) TL:False Ret:70.6% Correct:True
[START 1284/1977] BMY 2019Q3 (GAINER)

======================================================================
📊 PROGRESS REPORT [1275/1977] (64.5%)
======================================================================
⏱️  Elapsed: 220.6 min | ETA: 121.4 min | Avg: 10.4s/sample
✅ Success: 1275 | ❌ Failed: 0
🎯 Overall Accuracy: 62.2% (793/1275)
📈 Long-only: 94 trades | Win Rate: 81.9% (77/94) | Avg Ret: +12.8%
💰 Total Cost: $5.4314 | Avg: $0.0043/sample
======================================================================

[DONE 1275/1977] DPZ: DOWN(D:3) TL:False Ret:-10.7% Correct:True
[START 1285/1977] DGX 2022Q4 (LOSER)
[DEBUG] CompareWithPeers bucket size before helper: 3
[DEBUG] CompareWithPeers bucket size after helper: 3
[DEBUG] CompareWithPeers bucket size before helper: 0
[DEBUG] CompareWithPeers bucket size after helper: 0
[DEBUG] CompareWithPeers bucket size before helper: 4
[DEBUG] CompareWithPeers bucket size after helper: 4
[DEBUG] CompareWithPeers bucket size before helper: 3
[DONE 1276/1977] GNRC: UP(D:6) TL:False Ret:24.5% Correct:True
[START 1286/1977] DOW 2019Q4 (LOSER)
[DEBUG] CompareWithPeers bucket size after helper: 3
[DONE 1277/1977] EQT: UP(D:7) TL:False Ret:21.2% Correct:True
[START 1287/1977] SYK 2019Q4 (LOSER)
[DEBUG] CompareWithPeers bucket size before helper: 2
[DEBUG] CompareWithPeers bucket size after helper: 2
[DONE 1278/1977] GOOGL: DOWN(D:4) TL:False Ret:17.6% Correct:False
[START 1288/1977] ALGN 2020Q4 (LOSER)
[DONE 1279/1977] SPGI: DOWN(D:4) TL:False Ret:11.3% Correct:False
[START 1289/1977] NXPI 2021Q3 (GAINER)
[DEBUG] CompareWithPeers bucket size before helper: 2
[DEBUG] CompareWithPeers bucket size after helper: 2
[DONE 1280/1977] MHK: DOWN(D:4) TL:False Ret:19.8% Correct:False
[START 1290/1977] MTD 2019Q1 (GAINER)
[DEBUG] CompareWithPeers bucket size before helper: 0
[DEBUG] CompareWithPeers bucket size after helper: 0
[DEBUG] CompareWithPeers bucket size before helper: 0
[DEBUG] CompareWithPeers bucket size after helper: 0
[DONE 1281/1977] DAY: DOWN(D:3) TL:False Ret:-11.0% Correct:True
[START 1291/1977] URI 2020Q4 (GAINER)
[DONE 1282/1977] DGX: DOWN(D:4) TL:False Ret:-11.5% Correct:True
[START 1292/1977] CAH 2019Q3 (LOSER)
[DEBUG] CompareWithPeers bucket size before helper: 5
[DONE 1283/1977] BMY: DOWN(D:4) TL:False Ret:12.2% Correct:False
[START 1293/1977] JBL 2019Q4 (GAINER)
[DEBUG] CompareWithPeers bucket size after helper: 5
[DONE 1284/1977] SYK: DOWN(D:4) TL:False Ret:-33.2% Correct:True
[START 1294/1977] XYL 2021Q4 (LOSER)
[DEBUG] CompareWithPeers bucket size before helper: 4
[DEBUG] CompareWithPeers bucket size after helper: 4
[DEBUG] CompareWithPeers bucket size before helper: 4
[DEBUG] CompareWithPeers bucket size after helper: 4
[DEBUG] CompareWithPeers bucket size before helper: 2
[DEBUG] CompareWithPeers bucket size after helper: 2
[DONE 1285/1977] DOW: DOWN(D:5) TL:False Ret:-49.8% Correct:True
[START 1295/1977] TMUS 2021Q2 (LOSER)
[DONE 1286/1977] MTD: UP(D:4) TL:False Ret:14.6% Correct:True
[START 1296/1977] COO 2023Q1 (GAINER)
[DEBUG] CompareWithPeers bucket size before helper: 3
[DEBUG] CompareWithPeers bucket size after helper: 3
[DONE 1287/1977] ALGN: DOWN(D:4) TL:False Ret:-13.7% Correct:True
[START 1297/1977] PCAR 2019Q4 (LOSER)
[DEBUG] CompareWithPeers bucket size before helper: 4
[DEBUG] CompareWithPeers bucket size after helper: 4
[DEBUG] CompareWithPeers bucket size before helper: 2
[DONE 1288/1977] NXPI: UP(D:6) TL:False Ret:11.8% Correct:True
[START 1298/1977] KIM 2023Q2 (LOSER)
[DEBUG] CompareWithPeers bucket size before helper: 4
[DEBUG] CompareWithPeers bucket size after helper: 2
[DEBUG] CompareWithPeers bucket size after helper: 4
[DEBUG] CompareWithPeers bucket size before helper: 4
[DEBUG] CompareWithPeers bucket size before helper: 4
[DONE 1289/1977] UNP: DOWN(D:4) TL:False Ret:12.4% Correct:False
[START 1299/1977] GOOGL 2023Q2 (GAINER)
[DEBUG] CompareWithPeers bucket size after helper: 4
[DEBUG] CompareWithPeers bucket size after helper: 4
[DONE 1290/1977] JBL: UP(D:6) TL:False Ret:19.1% Correct:True
[START 1300/1977] GOOGL 2022Q3 (LOSER)
[DONE 1291/1977] URI: DOWN(D:5) TL:False Ret:34.5% Correct:False
[START 1301/1977] COIN 2023Q1 (GAINER)
[DONE 1292/1977] XYL: DOWN(D:4) TL:False Ret:-15.5% Correct:True
[START 1302/1977] TRMB 2019Q4 (LOSER)
[DEBUG] CompareWithPeers bucket size before helper: 3
[DONE 1293/1977] CAH: DOWN(D:4) TL:False Ret:-10.1% Correct:True
[START 1303/1977] CTAS 2022Q1 (GAINER)
[DEBUG] CompareWithPeers bucket size after helper: 3
[DEBUG] CompareWithPeers bucket size before helper: 4
[DEBUG] CompareWithPeers bucket size after helper: 4
[DEBUG] CompareWithPeers bucket size before helper: 2
[DEBUG] CompareWithPeers bucket size after helper: 2
[DONE 1294/1977] TMUS: UP(D:7) TL:False Ret:-10.5% Correct:False
[START 1304/1977] MSI 2021Q1 (GAINER)
[DONE 1295/1977] COO: DOWN(D:4) TL:False Ret:13.3% Correct:False
[START 1305/1977] PNW 2022Q3 (GAINER)
[DEBUG] CompareWithPeers bucket size before helper: 2
[DEBUG] CompareWithPeers bucket size after helper: 2
[DONE 1296/1977] MCO: DOWN(D:4) TL:False Ret:10.2% Correct:False
[START 1306/1977] COP 2020Q2 (LOSER)
[DEBUG] CompareWithPeers bucket size before helper: 3
[DEBUG] CompareWithPeers bucket size after helper: 3
[DEBUG] CompareWithPeers bucket size before helper: 3
[DONE 1297/1977] PCAR: DOWN(D:4) TL:False Ret:-16.9% Correct:True
[START 1307/1977] HAS 2019Q4 (LOSER)
[DEBUG] CompareWithPeers bucket size before helper: 2
[DEBUG] CompareWithPeers bucket size after helper: 3
[DEBUG] CompareWithPeers bucket size before helper: 2
[DEBUG] CompareWithPeers bucket size after helper: 2
[DEBUG] CompareWithPeers bucket size before helper: 4
[DEBUG] CompareWithPeers bucket size after helper: 2
[DONE 1298/1977] KIM: DOWN(D:4) TL:False Ret:-10.4% Correct:True
[START 1308/1977] HON 2022Q3 (GAINER)
[DEBUG] CompareWithPeers bucket size after helper: 4
[DONE 1299/1977] GOOGL: UP(D:6) TL:True Ret:10.7% Correct:True
[START 1309/1977] DECK 2020Q3 (LOSER)

======================================================================
📊 PROGRESS REPORT [1300/1977] (65.8%)
======================================================================
⏱️  Elapsed: 225.1 min | ETA: 117.2 min | Avg: 10.4s/sample
✅ Success: 1300 | ❌ Failed: 0
🎯 Overall Accuracy: 62.2% (809/1300)
📈 Long-only: 96 trades | Win Rate: 82.3% (79/96) | Avg Ret: +12.8%
💰 Total Cost: $5.5420 | Avg: $0.0043/sample
======================================================================

[DONE 1300/1977] COIN: UP(D:6) TL:True Ret:16.0% Correct:True
[START 1310/1977] CTVA 2022Q3 (LOSER)
[DONE 1301/1977] GOOGL: DOWN(D:3) TL:False Ret:-10.3% Correct:True
[START 1311/1977] PFG 2022Q2 (GAINER)
[DEBUG] CompareWithPeers bucket size before helper: 0
[DEBUG] CompareWithPeers bucket size after helper: 0
[DONE 1302/1977] CTAS: UP(D:7) TL:False Ret:12.4% Correct:True
[START 1312/1977] FIS 2020Q3 (GAINER)
[DONE 1303/1977] TRMB: UP(D:6) TL:False Ret:-32.3% Correct:False
[START 1313/1977] EOG 2021Q1 (GAINER)
[DEBUG] CompareWithPeers bucket size before helper: 4
[DEBUG] CompareWithPeers bucket size before helper: 4
[DEBUG] CompareWithPeers bucket size after helper: 4
[DEBUG] CompareWithPeers bucket size before helper: 2
[DEBUG] CompareWithPeers bucket size after helper: 4
[DEBUG] CompareWithPeers bucket size after helper: 2
[DONE 1304/1977] MSI: UP(D:8) TL:True Ret:12.4% Correct:True
[START 1314/1977] DIS 2020Q1 (LOSER)
[DEBUG] CompareWithPeers bucket size before helper: 2
[DONE 1305/1977] PNW: DOWN(D:4) TL:False Ret:15.8% Correct:False
[START 1315/1977] TPR 2021Q3 (LOSER)
[DEBUG] CompareWithPeers bucket size after helper: 2
[DONE 1306/1977] HAS: DOWN(D:4) TL:False Ret:-33.8% Correct:True
[START 1316/1977] TTD 2022Q4 (GAINER)
[DEBUG] CompareWithPeers bucket size before helper: 4
[DEBUG] CompareWithPeers bucket size after helper: 4
[DEBUG] CompareWithPeers bucket size before helper: 3
[DEBUG] CompareWithPeers bucket size after helper: 3
[DONE 1307/1977] COP: DOWN(D:3) TL:False Ret:-17.1% Correct:True
[START 1317/1977] GE 2023Q4 (GAINER)
[DEBUG] CompareWithPeers bucket size before helper: 0
[DEBUG] CompareWithPeers bucket size after helper: 0
[DEBUG] CompareWithPeers bucket size before helper: 0
[DEBUG] CompareWithPeers bucket size after helper: 0
[DONE 1308/1977] CTVA: DOWN(D:4) TL:False Ret:-13.0% Correct:True
[START 1318/1977] OTIS 2022Q3 (GAINER)
[DONE 1309/1977] FIS: DOWN(D:4) TL:False Ret:11.6% Correct:False
[START 1319/1977] BBY 2020Q4 (LOSER)
[DONE 1310/1977] HON: DOWN(D:4) TL:False Ret:11.2% Correct:False
[START 1320/1977] CME 2019Q4 (LOSER)
[DONE 1311/1977] DECK: UP(D:7) TL:True Ret:-37.2% Correct:False
[START 1321/1977] HCA 2021Q4 (GAINER)
[DEBUG] CompareWithPeers bucket size before helper: 2
[DEBUG] CompareWithPeers bucket size before helper: 4
[DEBUG] CompareWithPeers bucket size after helper: 2
[DEBUG] CompareWithPeers bucket size after helper: 4
[DONE 1312/1977] EOG: DOWN(D:4) TL:False Ret:10.4% Correct:False
[START 1322/1977] MPC 2020Q2 (LOSER)
[DEBUG] CompareWithPeers bucket size before helper: 0
[DEBUG] CompareWithPeers bucket size after helper: 0
[DEBUG] CompareWithPeers bucket size before helper: 0
[DEBUG] CompareWithPeers bucket size after helper: 0
[DONE 1313/1977] PFG: DOWN(D:4) TL:False Ret:10.6% Correct:False
[START 1323/1977] QCOM 2022Q3 (LOSER)
[DONE 1314/1977] TPR: DOWN(D:3) TL:False Ret:-15.0% Correct:True
[START 1324/1977] UPS 2023Q2 (LOSER)
[DEBUG] CompareWithPeers bucket size before helper: 2
[DEBUG] CompareWithPeers bucket size before helper: 2
[DONE 1315/1977] DIS: DOWN(D:4) TL:False Ret:-34.4% Correct:True
[START 1325/1977] APO 2019Q4 (LOSER)
[DEBUG] CompareWithPeers bucket size after helper: 2
[DEBUG] CompareWithPeers bucket size after helper: 2
[DEBUG] CompareWithPeers bucket size before helper: 0
[DEBUG] CompareWithPeers bucket size after helper: 0
[DONE 1316/1977] GE: UP(D:7) TL:False Ret:21.5% Correct:True
[START 1326/1977] CSCO 2022Q1 (GAINER)
[DEBUG] CompareWithPeers bucket size before helper: 4
[DEBUG] CompareWithPeers bucket size after helper: 4
[DONE 1317/1977] TTD: DOWN(D:4) TL:False Ret:20.4% Correct:False
[START 1327/1977] ERIE 2021Q1 (LOSER)
[DONE 1318/1977] BBY: DOWN(D:4) TL:False Ret:-19.7% Correct:True
[START 1328/1977] BBY 2021Q3 (LOSER)
[DEBUG] CompareWithPeers bucket size before helper: 2
[DEBUG] CompareWithPeers bucket size before helper: 0
[DEBUG] CompareWithPeers bucket size after helper: 0
[DEBUG] CompareWithPeers bucket size after helper: 2
[DONE 1319/1977] OTIS: DOWN(D:4) TL:False Ret:15.8% Correct:False
[START 1329/1977] PHM 2021Q4 (LOSER)
[DEBUG] CompareWithPeers bucket size before helper: 3
[DEBUG] CompareWithPeers bucket size after helper: 3
[DONE 1320/1977] HCA: DOWN(D:3) TL:False Ret:11.2% Correct:False
[START 1330/1977] FSLR 2022Q3 (GAINER)
[DONE 1321/1977] CME: DOWN(D:4) TL:False Ret:-17.4% Correct:True
[START 1331/1977] DE 2023Q3 (LOSER)
[DEBUG] CompareWithPeers bucket size before helper: 0
[DEBUG] CompareWithPeers bucket size after helper: 0
[DEBUG] CompareWithPeers bucket size before helper: 5
[DEBUG] CompareWithPeers bucket size after helper: 5
[DEBUG] CompareWithPeers bucket size before helper: 0
[DEBUG] CompareWithPeers bucket size after helper: 0
[DONE 1322/1977] MPC: DOWN(D:4) TL:False Ret:-18.6% Correct:True
[START 1332/1977] IP 2021Q4 (LOSER)
[DEBUG] CompareWithPeers bucket size before helper: 3
[DONE 1323/1977] QCOM: DOWN(D:3) TL:False Ret:-13.9% Correct:True
[START 1333/1977] LEN 2021Q4 (LOSER)
[DEBUG] CompareWithPeers bucket size after helper: 3
[DONE 1324/1977] UPS: DOWN(D:4) TL:False Ret:-13.5% Correct:True
[START 1334/1977] TT 2020Q2 (GAINER)

======================================================================
📊 PROGRESS REPORT [1325/1977] (67.0%)
======================================================================
⏱️  Elapsed: 228.7 min | ETA: 112.6 min | Avg: 10.4s/sample
✅ Success: 1325 | ❌ Failed: 0
🎯 Overall Accuracy: 62.2% (824/1325)
📈 Long-only: 98 trades | Win Rate: 81.6% (80/98) | Avg Ret: +12.3%
💰 Total Cost: $5.6446 | Avg: $0.0043/sample
======================================================================

[DONE 1325/1977] APO: DOWN(D:4) TL:False Ret:-29.7% Correct:True
[START 1335/1977] WBD 2021Q4 (LOSER)
[DEBUG] CompareWithPeers bucket size before helper: 2
[DONE 1326/1977] CSCO: DOWN(D:3) TL:False Ret:11.3% Correct:False
[START 1336/1977] HCA 2023Q4 (GAINER)
[DEBUG] CompareWithPeers bucket size after helper: 2
[DEBUG] CompareWithPeers bucket size before helper: 2
[DONE 1327/1977] ERIE: DOWN(D:4) TL:False Ret:-13.1% Correct:True
[START 1337/1977] AVGO 2023Q4 (GAINER)
[DEBUG] CompareWithPeers bucket size after helper: 2
[DEBUG] CompareWithPeers bucket size before helper: 0
[DEBUG] CompareWithPeers bucket size after helper: 0
[DONE 1328/1977] PHM: DOWN(D:4) TL:False Ret:-11.5% Correct:True
[START 1338/1977] GL 2019Q4 (LOSER)
[DEBUG] CompareWithPeers bucket size before helper: 4
[DEBUG] CompareWithPeers bucket size before helper: 3
[DEBUG] CompareWithPeers bucket size after helper: 4
[DEBUG] CompareWithPeers bucket size after helper: 3
[DEBUG] CompareWithPeers bucket size before helper: 0
[DEBUG] CompareWithPeers bucket size after helper: 0
[DONE 1329/1977] FSLR: DOWN(D:4) TL:False Ret:18.4% Correct:False
[START 1339/1977] HOOD 2023Q4 (GAINER)
[DEBUG] CompareWithPeers bucket size before helper: 0
[DEBUG] CompareWithPeers bucket size after helper: 0
[DONE 1330/1977] DE: UP(D:6) TL:False Ret:-10.8% Correct:False
[START 1340/1977] OKE 2022Q1 (LOSER)
[DEBUG] CompareWithPeers bucket size before helper: 0
[DEBUG] CompareWithPeers bucket size after helper: 0
[DONE 1331/1977] TT: UP(D:7) TL:True Ret:11.5% Correct:True
[START 1341/1977] NSC 2023Q2 (LOSER)
[DONE 1332/1977] IP: DOWN(D:4) TL:False Ret:-10.3% Correct:True
[START 1342/1977] SPG 2022Q4 (LOSER)
[DONE 1333/1977] LEN: DOWN(D:3) TL:False Ret:-15.0% Correct:True
[START 1343/1977] IPG 2022Q3 (GAINER)
[DONE 1334/1977] WBD: DOWN(D:3) TL:False Ret:-18.2% Correct:True
[START 1344/1977] TXN 2023Q2 (LOSER)
[DEBUG] CompareWithPeers bucket size before helper: 3
[DEBUG] CompareWithPeers bucket size after helper: 3
[DEBUG] CompareWithPeers bucket size before helper: 0
[DEBUG] CompareWithPeers bucket size after helper: 0
[DONE 1335/1977] HCA: UP(D:6) TL:False Ret:12.3% Correct:True
[START 1345/1977] HCA 2019Q4 (LOSER)
[DONE 1336/1977] AVGO: DOWN(D:4) TL:False Ret:36.0% Correct:False
[START 1346/1977] KEY 2020Q1 (GAINER)
[DEBUG] CompareWithPeers bucket size before helper: 0
[DEBUG] CompareWithPeers bucket size after helper: 0
[DEBUG] CompareWithPeers bucket size before helper: 3
[DEBUG] CompareWithPeers bucket size after helper: 3
[DEBUG] CompareWithPeers bucket size before helper: 3
[DEBUG] CompareWithPeers bucket size after helper: 3
[DONE 1337/1977] GL: DOWN(D:4) TL:False Ret:-39.8% Correct:True
[START 1347/1977] BX 2023Q3 (GAINER)
[DONE 1338/1977] BBY: DOWN(D:4) TL:False Ret:-11.9% Correct:True
[START 1348/1977] WFC 2021Q2 (GAINER)
[DONE 1339/1977] OKE: UP(D:6) TL:False Ret:-14.4% Correct:False
[START 1349/1977] STE 2020Q3 (LOSER)
[DEBUG] CompareWithPeers bucket size before helper: 4
[DEBUG] CompareWithPeers bucket size before helper: 2
[DEBUG] CompareWithPeers bucket size after helper: 4
[DEBUG] CompareWithPeers bucket size after helper: 2
[DEBUG] CompareWithPeers bucket size before helper: 5
[DONE 1340/1977] TXN: DOWN(D:3) TL:False Ret:-11.5% Correct:True
[START 1350/1977] NSC 2022Q4 (LOSER)
[DEBUG] CompareWithPeers bucket size after helper: 5
[DEBUG] CompareWithPeers bucket size before helper: 5
[DONE 1341/1977] IPG: UP(D:6) TL:False Ret:17.3% Correct:True
[START 1351/1977] AON 2021Q2 (GAINER)
[DEBUG] CompareWithPeers bucket size after helper: 5
[DEBUG] CompareWithPeers bucket size before helper: 3
[DEBUG] CompareWithPeers bucket size after helper: 3
[DONE 1342/1977] SPG: DOWN(D:4) TL:False Ret:-18.9% Correct:True
[START 1352/1977] CFG 2019Q4 (LOSER)
[DONE 1343/1977] NSC: DOWN(D:3) TL:False Ret:-17.4% Correct:True
[START 1353/1977] DIS 2020Q4 (GAINER)
[DEBUG] CompareWithPeers bucket size before helper: 2
[DEBUG] CompareWithPeers bucket size before helper: 3
[DEBUG] CompareWithPeers bucket size before helper: 3
[DEBUG] CompareWithPeers bucket size after helper: 2
[DONE 1344/1977] HOOD: UP(D:6) TL:False Ret:70.0% Correct:True
[START 1354/1977] AOS 2021Q3 (GAINER)
[DEBUG] CompareWithPeers bucket size after helper: 3
[DEBUG] CompareWithPeers bucket size after helper: 3
[DEBUG] CompareWithPeers bucket size before helper: 4
[DEBUG] CompareWithPeers bucket size before helper: 3
[DEBUG] CompareWithPeers bucket size after helper: 4
[DEBUG] CompareWithPeers bucket size after helper: 3
[DONE 1345/1977] KEY: UP(D:3) TL:False Ret:14.9% Correct:True
[START 1355/1977] AMP 2023Q3 (GAINER)
[DONE 1346/1977] STE: UP(D:7) TL:True Ret:-23.4% Correct:False
[START 1356/1977] CMI 2023Q3 (GAINER)
[DONE 1347/1977] HCA: UP(D:6) TL:False Ret:-20.5% Correct:False
[START 1357/1977] KHC 2020Q2 (LOSER)
[DONE 1348/1977] WFC: DOWN(D:4) TL:False Ret:14.0% Correct:False
[START 1358/1977] BEN 2023Q1 (LOSER)
[DEBUG] CompareWithPeers bucket size before helper: 5
[DEBUG] CompareWithPeers bucket size after helper: 5
[DONE 1349/1977] BX: DOWN(D:4) TL:False Ret:11.7% Correct:False
[START 1359/1977] IVZ 2022Q3 (GAINER)
[DEBUG] CompareWithPeers bucket size before helper: 2

======================================================================
📊 PROGRESS REPORT [1350/1977] (68.3%)
======================================================================
⏱️  Elapsed: 232.7 min | ETA: 108.1 min | Avg: 10.3s/sample
✅ Success: 1350 | ❌ Failed: 0
🎯 Overall Accuracy: 62.2% (840/1350)
📈 Long-only: 100 trades | Win Rate: 81.0% (81/100) | Avg Ret: +11.9%
💰 Total Cost: $5.7488 | Avg: $0.0043/sample
======================================================================

[DONE 1350/1977] NSC: DOWN(D:4) TL:False Ret:-16.7% Correct:True
[START 1360/1977] LYV 2021Q2 (GAINER)
[DEBUG] CompareWithPeers bucket size after helper: 2
[DEBUG] CompareWithPeers bucket size before helper: 4
[DEBUG] CompareWithPeers bucket size after helper: 4
[DEBUG] CompareWithPeers bucket size before helper: 3
[DEBUG] CompareWithPeers bucket size after helper: 3
[DONE 1351/1977] AON: DOWN(D:4) TL:False Ret:10.9% Correct:False
[START 1361/1977] IBKR 2021Q1 (LOSER)
[DONE 1352/1977] DIS: DOWN(D:4) TL:False Ret:30.8% Correct:False
[START 1362/1977] PSX 2019Q4 (LOSER)
[DEBUG] CompareWithPeers bucket size before helper: 0
[DEBUG] CompareWithPeers bucket size after helper: 0
[DONE 1353/1977] CFG: DOWN(D:4) TL:False Ret:-37.1% Correct:True
[START 1363/1977] DELL 2023Q2 (LOSER)
[DEBUG] CompareWithPeers bucket size before helper: 4
[DEBUG] CompareWithPeers bucket size before helper: 2
[DEBUG] CompareWithPeers bucket size after helper: 4
[DEBUG] CompareWithPeers bucket size after helper: 2
[DONE 1354/1977] AOS: UP(D:7) TL:True Ret:30.2% Correct:True
[START 1364/1977] ESS 2022Q4 (LOSER)
[DONE 1355/1977] CMI: UP(D:7) TL:False Ret:10.8% Correct:True
[START 1365/1977] STLD 2020Q4 (GAINER)
[DEBUG] CompareWithPeers bucket size before helper: 2
[DEBUG] CompareWithPeers bucket size before helper: 0
[DEBUG] CompareWithPeers bucket size after helper: 0
[DONE 1356/1977] AMP: UP(D:6) TL:False Ret:16.4% Correct:True
[START 1366/1977] PFE 2020Q3 (GAINER)
[DEBUG] CompareWithPeers bucket size after helper: 2
[DEBUG] CompareWithPeers bucket size before helper: 2
[DEBUG] CompareWithPeers bucket size after helper: 2
[DEBUG] CompareWithPeers bucket size before helper: 0
[DEBUG] CompareWithPeers bucket size after helper: 0
[DONE 1357/1977] LYV: UP(D:6) TL:False Ret:10.8% Correct:True
[START 1367/1977] TSLA 2022Q4 (GAINER)
[DONE 1358/1977] BEN: DOWN(D:5) TL:False Ret:-11.1% Correct:True
[START 1368/1977] CDNS 2021Q2 (GAINER)
[DONE 1359/1977] IVZ: DOWN(D:3) TL:False Ret:22.0% Correct:False
[START 1369/1977] ROL 2021Q3 (LOSER)
[DONE 1360/1977] KHC: DOWN(D:4) TL:False Ret:-10.9% Correct:True
[START 1370/1977] TRMB 2023Q1 (GAINER)
[DEBUG] CompareWithPeers bucket size before helper: 3
[DEBUG] CompareWithPeers bucket size after helper: 3
[DEBUG] CompareWithPeers bucket size before helper: 2
[DEBUG] CompareWithPeers bucket size before helper: 3
[DEBUG] CompareWithPeers bucket size after helper: 2
[DEBUG] CompareWithPeers bucket size after helper: 3
[DONE 1361/1977] IBKR: DOWN(D:4) TL:False Ret:-13.3% Correct:True
[START 1371/1977] FAST 2020Q4 (LOSER)
[DEBUG] CompareWithPeers bucket size before helper: 2
[DONE 1362/1977] DELL: DOWN(D:3) TL:False Ret:-28.0% Correct:True
[START 1372/1977] KO 2022Q3 (GAINER)
[DONE 1363/1977] PSX: DOWN(D:4) TL:False Ret:-48.9% Correct:True
[START 1373/1977] TRV 2022Q3 (GAINER)
[DEBUG] CompareWithPeers bucket size before helper: 3
[DEBUG] CompareWithPeers bucket size after helper: 2
[DEBUG] CompareWithPeers bucket size after helper: 3
[DEBUG] CompareWithPeers bucket size before helper: 0
[DEBUG] CompareWithPeers bucket size after helper: 0
[DEBUG] CompareWithPeers bucket size before helper: 2
[DEBUG] CompareWithPeers bucket size before helper: 3
[DEBUG] CompareWithPeers bucket size after helper: 2
[DONE 1364/1977] STLD: DOWN(D:4) TL:False Ret:26.9% Correct:False
[START 1374/1977] SMCI 2023Q4 (LOSER)
[DEBUG] CompareWithPeers bucket size before helper: 3
[DEBUG] CompareWithPeers bucket size after helper: 3
[DONE 1365/1977] PFE: DOWN(D:4) TL:False Ret:16.4% Correct:False
[START 1375/1977] IP 2021Q1 (GAINER)
[DONE 1366/1977] ESS: DOWN(D:4) TL:False Ret:-14.8% Correct:True
[START 1376/1977] WFC 2020Q1 (LOSER)
[DEBUG] CompareWithPeers bucket size after helper: 3
[DONE 1367/1977] TSLA: DOWN(D:4) TL:False Ret:20.1% Correct:False
[START 1377/1977] MMM 2022Q2 (LOSER)
[DONE 1368/1977] CDNS: UP(D:6) TL:False Ret:14.2% Correct:True
[START 1378/1977] D 2022Q1 (LOSER)
[DONE 1369/1977] ROL: DOWN(D:3) TL:False Ret:-18.0% Correct:True
[START 1379/1977] SYK 2023Q4 (GAINER)
[DEBUG] CompareWithPeers bucket size before helper: 3
[DEBUG] CompareWithPeers bucket size before helper: 3
[DEBUG] CompareWithPeers bucket size after helper: 3
[DEBUG] CompareWithPeers bucket size before helper: 3
[DEBUG] CompareWithPeers bucket size after helper: 3
[DEBUG] CompareWithPeers bucket size after helper: 3
[DEBUG] CompareWithPeers bucket size before helper: 3
[DEBUG] CompareWithPeers bucket size after helper: 3
[DONE 1370/1977] FAST: DOWN(D:4) TL:False Ret:-12.4% Correct:True
[START 1380/1977] J 2021Q1 (GAINER)
[DONE 1371/1977] TRMB: UP(D:6) TL:False Ret:15.1% Correct:True
[START 1381/1977] EOG 2020Q2 (LOSER)
[DONE 1372/1977] TRV: UP(D:6) TL:False Ret:13.4% Correct:True
[START 1382/1977] NCLH 2021Q3 (LOSER)
[DONE 1373/1977] KO: DOWN(D:4) TL:False Ret:10.4% Correct:False
[START 1383/1977] TTD 2019Q4 (LOSER)
[DEBUG] CompareWithPeers bucket size before helper: 0
[DEBUG] CompareWithPeers bucket size after helper: 0
[DEBUG] CompareWithPeers bucket size before helper: 3
[DEBUG] CompareWithPeers bucket size before helper: 0
[DEBUG] CompareWithPeers bucket size after helper: 0
[DEBUG] CompareWithPeers bucket size after helper: 3
[DONE 1374/1977] IP: UP(D:4) TL:False Ret:10.4% Correct:True
[START 1384/1977] ZBRA 2021Q4 (LOSER)

======================================================================
📊 PROGRESS REPORT [1375/1977] (69.5%)
======================================================================
⏱️  Elapsed: 236.5 min | ETA: 103.5 min | Avg: 10.3s/sample
✅ Success: 1375 | ❌ Failed: 0
🎯 Overall Accuracy: 62.4% (858/1375)
📈 Long-only: 101 trades | Win Rate: 81.2% (82/101) | Avg Ret: +12.1%
💰 Total Cost: $5.8557 | Avg: $0.0043/sample
======================================================================

[DONE 1375/1977] WFC: DOWN(D:3) TL:False Ret:-11.1% Correct:True
[START 1385/1977] WST 2021Q2 (GAINER)
[DEBUG] CompareWithPeers bucket size before helper: 0
[DEBUG] CompareWithPeers bucket size after helper: 0
[DEBUG] CompareWithPeers bucket size before helper: 3
[DEBUG] CompareWithPeers bucket size before helper: 2
[DEBUG] CompareWithPeers bucket size after helper: 3
[DONE 1376/1977] SMCI: DOWN(D:4) TL:False Ret:-33.4% Correct:True
[START 1386/1977] LEN 2021Q1 (GAINER)
[DEBUG] CompareWithPeers bucket size after helper: 2
[DONE 1377/1977] MMM: DOWN(D:4) TL:False Ret:-10.1% Correct:True
[START 1387/1977] CL 2019Q4 (LOSER)
[DONE 1378/1977] SYK: UP(D:6) TL:True Ret:12.3% Correct:True
[START 1388/1977] DG 2019Q2 (GAINER)
[DONE 1379/1977] D: DOWN(D:4) TL:False Ret:-11.0% Correct:True
[START 1389/1977] TSLA 2019Q2 (LOSER)
[DEBUG] CompareWithPeers bucket size before helper: 3
[DEBUG] CompareWithPeers bucket size before helper: 3
[DEBUG] CompareWithPeers bucket size after helper: 3
[DEBUG] CompareWithPeers bucket size before helper: 0
[DEBUG] CompareWithPeers bucket size after helper: 0
[DEBUG] CompareWithPeers bucket size before helper: 2
[DEBUG] CompareWithPeers bucket size after helper: 3
[DEBUG] CompareWithPeers bucket size after helper: 2
[DONE 1380/1977] EOG: DOWN(D:3) TL:False Ret:-23.7% Correct:True
[START 1390/1977] ALGN 2023Q1 (LOSER)
[DONE 1381/1977] J: UP(D:6) TL:False Ret:13.0% Correct:True
[START 1391/1977] ZBH 2021Q1 (LOSER)
[DEBUG] CompareWithPeers bucket size before helper: 3
[DONE 1382/1977] NCLH: DOWN(D:4) TL:False Ret:-27.9% Correct:True
[START 1392/1977] EQIX 2021Q1 (GAINER)
[DEBUG] CompareWithPeers bucket size after helper: 3
[DEBUG] CompareWithPeers bucket size before helper: 4
[DONE 1383/1977] TTD: DOWN(D:4) TL:False Ret:-12.6% Correct:True
[START 1393/1977] SLB 2022Q3 (GAINER)
[DEBUG] CompareWithPeers bucket size after helper: 4
[DONE 1384/1977] ZBRA: DOWN(D:3) TL:False Ret:-15.9% Correct:True
[START 1394/1977] LUV 2019Q4 (LOSER)
[DEBUG] CompareWithPeers bucket size before helper: 4
[DONE 1385/1977] WST: DOWN(D:4) TL:False Ret:19.5% Correct:False
[START 1395/1977] REGN 2019Q3 (GAINER)
[DEBUG] CompareWithPeers bucket size after helper: 4
[DEBUG] CompareWithPeers bucket size before helper: 0
[DEBUG] CompareWithPeers bucket size after helper: 0
[DEBUG] CompareWithPeers bucket size before helper: 0
[DEBUG] CompareWithPeers bucket size after helper: 0
[DEBUG] CompareWithPeers bucket size before helper: 0
[DEBUG] CompareWithPeers bucket size after helper: 0
[DONE 1386/1977] LEN: UP(D:6) TL:False Ret:18.4% Correct:True
[START 1396/1977] SO 2021Q4 (GAINER)
[DEBUG] CompareWithPeers bucket size before helper: 3
[DONE 1387/1977] CL: UP(D:6) TL:False Ret:-10.3% Correct:False
[START 1397/1977] IBKR 2022Q3 (GAINER)
[DONE 1388/1977] TSLA: DOWN(D:3) TL:False Ret:-14.2% Correct:True
[START 1398/1977] D 2023Q3 (GAINER)
[DEBUG] CompareWithPeers bucket size after helper: 3
[DEBUG] CompareWithPeers bucket size before helper: 3
[DONE 1389/1977] DG: UP(D:6) TL:False Ret:15.0% Correct:True
[START 1399/1977] VZ 2022Q2 (LOSER)
[DEBUG] CompareWithPeers bucket size before helper: 2
[DEBUG] CompareWithPeers bucket size before helper: 0
[DEBUG] CompareWithPeers bucket size after helper: 0
[DEBUG] CompareWithPeers bucket size after helper: 3
[DONE 1390/1977] ALGN: DOWN(D:3) TL:False Ret:-14.1% Correct:True
[START 1400/1977] LRCX 2019Q4 (GAINER)
[DEBUG] CompareWithPeers bucket size before helper: 2
[DEBUG] CompareWithPeers bucket size after helper: 2
[DEBUG] CompareWithPeers bucket size after helper: 2
[DONE 1391/1977] EQIX: UP(D:6) TL:False Ret:16.7% Correct:True
[START 1401/1977] APO 2020Q2 (LOSER)
[DONE 1392/1977] ZBH: UP(D:4) TL:False Ret:-11.2% Correct:False
[START 1402/1977] LW 2021Q4 (LOSER)
[DONE 1393/1977] SLB: UP(D:8) TL:False Ret:12.5% Correct:True
[START 1403/1977] STT 2022Q2 (GAINER)
[DONE 1394/1977] LUV: DOWN(D:4) TL:False Ret:-14.5% Correct:True
[START 1404/1977] EOG 2021Q4 (GAINER)
[DEBUG] CompareWithPeers bucket size before helper: 0
[DEBUG] CompareWithPeers bucket size after helper: 0
[DEBUG] CompareWithPeers bucket size before helper: 0
[DEBUG] CompareWithPeers bucket size after helper: 0
[DONE 1395/1977] REGN: DOWN(D:4) TL:False Ret:12.0% Correct:False
[START 1405/1977] MRK 2022Q3 (GAINER)
[DEBUG] CompareWithPeers bucket size before helper: 3
[DEBUG] CompareWithPeers bucket size before helper: 3
[DEBUG] CompareWithPeers bucket size after helper: 3
[DEBUG] CompareWithPeers bucket size after helper: 3
[DONE 1396/1977] D: DOWN(D:4) TL:False Ret:17.3% Correct:False
[START 1406/1977] KLAC 2023Q3 (GAINER)
[DONE 1397/1977] SO: DOWN(D:4) TL:False Ret:14.3% Correct:False
[START 1407/1977] PHM 2023Q1 (GAINER)
[DEBUG] CompareWithPeers bucket size before helper: 0
[DEBUG] CompareWithPeers bucket size after helper: 0
[DONE 1398/1977] IBKR: DOWN(D:5) TL:False Ret:10.5% Correct:False
[START 1408/1977] AVY 2019Q4 (LOSER)
[DEBUG] CompareWithPeers bucket size before helper: 0
[DEBUG] CompareWithPeers bucket size after helper: 0
[DONE 1399/1977] VZ: DOWN(D:3) TL:False Ret:-13.3% Correct:True
[START 1409/1977] CAH 2022Q2 (GAINER)
[DEBUG] CompareWithPeers bucket size before helper: 4
[DEBUG] CompareWithPeers bucket size before helper: 4
[DEBUG] CompareWithPeers bucket size after helper: 4
[DEBUG] CompareWithPeers bucket size after helper: 4
[DEBUG] CompareWithPeers bucket size before helper: 0
[DEBUG] CompareWithPeers bucket size after helper: 0

======================================================================
📊 PROGRESS REPORT [1400/1977] (70.8%)
======================================================================
⏱️  Elapsed: 240.4 min | ETA: 99.1 min | Avg: 10.3s/sample
✅ Success: 1400 | ❌ Failed: 0
🎯 Overall Accuracy: 62.6% (876/1400)
📈 Long-only: 102 trades | Win Rate: 81.4% (83/102) | Avg Ret: +12.1%
💰 Total Cost: $5.9639 | Avg: $0.0043/sample
======================================================================

[DONE 1400/1977] APO: DOWN(D:3) TL:False Ret:-17.2% Correct:True
[START 1410/1977] GPC 2022Q3 (GAINER)
[DEBUG] CompareWithPeers bucket size before helper: 4
[DEBUG] CompareWithPeers bucket size after helper: 4
[DONE 1401/1977] EOG: DOWN(D:4) TL:False Ret:15.2% Correct:False
[START 1411/1977] LYV 2019Q4 (LOSER)
[DONE 1402/1977] LRCX: DOWN(D:4) TL:False Ret:12.9% Correct:False
[START 1412/1977] ZBRA 2023Q3 (GAINER)
[DONE 1403/1977] LW: DOWN(D:3) TL:False Ret:-18.5% Correct:True
[START 1413/1977] JCI 2020Q1 (LOSER)
[DEBUG] CompareWithPeers bucket size before helper: 2
[DONE 1404/1977] STT: UP(D:7) TL:False Ret:15.5% Correct:True
[START 1414/1977] MCK 2022Q2 (GAINER)
[DEBUG] CompareWithPeers bucket size after helper: 2
[DEBUG] CompareWithPeers bucket size before helper: 4
[DEBUG] CompareWithPeers bucket size after helper: 4
[DEBUG] CompareWithPeers bucket size before helper: 3
[DEBUG] CompareWithPeers bucket size after helper: 3
[DEBUG] CompareWithPeers bucket size before helper: 3
[DONE 1405/1977] KLAC: DOWN(D:4) TL:False Ret:30.3% Correct:False
[START 1415/1977] EL 2023Q3 (LOSER)
[DONE 1406/1977] MRK: UP(D:6) TL:False Ret:10.5% Correct:True
[START 1416/1977] FDX 2021Q4 (LOSER)
[DEBUG] CompareWithPeers bucket size after helper: 3
[DONE 1407/1977] AVY: UP(D:6) TL:False Ret:-19.3% Correct:False
[START 1417/1977] GEN 2023Q1 (LOSER)
[DONE 1408/1977] PHM: DOWN(D:4) TL:False Ret:12.1% Correct:False
[START 1418/1977] CVS 2020Q2 (LOSER)
[DEBUG] CompareWithPeers bucket size before helper: 2
[DEBUG] CompareWithPeers bucket size after helper: 2
[DEBUG] CompareWithPeers bucket size before helper: 4
[DEBUG] CompareWithPeers bucket size before helper: 2
[DEBUG] CompareWithPeers bucket size before helper: 5
[DEBUG] CompareWithPeers bucket size after helper: 4
[DEBUG] CompareWithPeers bucket size after helper: 2
[DEBUG] CompareWithPeers bucket size before helper: 0
[DEBUG] CompareWithPeers bucket size after helper: 0
[DEBUG] CompareWithPeers bucket size after helper: 5
[DEBUG] CompareWithPeers bucket size before helper: 2
[DEBUG] CompareWithPeers bucket size after helper: 2
[DONE 1409/1977] CAH: DOWN(D:4) TL:False Ret:11.0% Correct:False
[START 1419/1977] TER 2021Q3 (GAINER)
[DEBUG] CompareWithPeers bucket size before helper: 3
[DONE 1410/1977] LYV: DOWN(D:3) TL:False Ret:-31.0% Correct:True
[START 1420/1977] EBAY 2023Q2 (LOSER)
[DEBUG] CompareWithPeers bucket size after helper: 3
[DONE 1411/1977] ZBRA: DOWN(D:3) TL:False Ret:16.5% Correct:False
[START 1421/1977] AKAM 2020Q4 (LOSER)
[DONE 1412/1977] GPC: DOWN(D:4) TL:False Ret:17.8% Correct:False
[START 1422/1977] KEYS 2019Q2 (GAINER)
[DONE 1413/1977] JCI: UP(D:6) TL:False Ret:-24.5% Correct:False
[START 1423/1977] AXON 2020Q1 (GAINER)
[DEBUG] CompareWithPeers bucket size before helper: 3
[DEBUG] CompareWithPeers bucket size before helper: 3
[DEBUG] CompareWithPeers bucket size after helper: 3
[DEBUG] CompareWithPeers bucket size after helper: 3
[DONE 1414/1977] MCK: DOWN(D:4) TL:False Ret:11.6% Correct:False
[START 1424/1977] IVZ 2020Q4 (GAINER)
[DONE 1415/1977] EL: DOWN(D:3) TL:False Ret:-18.7% Correct:True
[START 1425/1977] CMI 2021Q1 (GAINER)
[DONE 1416/1977] GEN: DOWN(D:4) TL:False Ret:-19.8% Correct:True
[START 1426/1977] PWR 2020Q4 (GAINER)
[DONE 1417/1977] FDX: DOWN(D:5) TL:False Ret:-10.2% Correct:True
[START 1427/1977] QCOM 2023Q3 (LOSER)
[DEBUG] CompareWithPeers bucket size before helper: 0
[DEBUG] CompareWithPeers bucket size after helper: 0
[DEBUG] CompareWithPeers bucket size before helper: 4
[DEBUG] CompareWithPeers bucket size after helper: 4
[DEBUG] CompareWithPeers bucket size before helper: 2
[DEBUG] CompareWithPeers bucket size after helper: 2
[DEBUG] CompareWithPeers bucket size before helper: 3
[DONE 1418/1977] CVS: DOWN(D:5) TL:False Ret:-10.1% Correct:True
[START 1428/1977] DECK 2019Q4 (GAINER)
[DEBUG] CompareWithPeers bucket size before helper: 2
[DEBUG] CompareWithPeers bucket size after helper: 3
[DEBUG] CompareWithPeers bucket size after helper: 2
[DEBUG] CompareWithPeers bucket size before helper: 4
[DONE 1419/1977] TER: DOWN(D:4) TL:False Ret:36.0% Correct:False
[START 1429/1977] FFIV 2020Q4 (GAINER)
[DEBUG] CompareWithPeers bucket size after helper: 4
[DONE 1420/1977] AXON: DOWN(D:4) TL:False Ret:36.3% Correct:False
[START 1430/1977] FTNT 2019Q1 (LOSER)
[DONE 1421/1977] EBAY: DOWN(D:3) TL:False Ret:-11.0% Correct:True
[START 1431/1977] APH 2023Q4 (GAINER)
[DEBUG] CompareWithPeers bucket size before helper: 0
[DEBUG] CompareWithPeers bucket size after helper: 0
[DEBUG] CompareWithPeers bucket size before helper: 2
[DONE 1422/1977] KEYS: UP(D:6) TL:False Ret:27.9% Correct:True
[START 1432/1977] SHW 2019Q2 (GAINER)
[DEBUG] CompareWithPeers bucket size after helper: 2
[DEBUG] CompareWithPeers bucket size before helper: 0
[DEBUG] CompareWithPeers bucket size after helper: 0
[DEBUG] CompareWithPeers bucket size before helper: 5
[DEBUG] CompareWithPeers bucket size after helper: 5
[DEBUG] CompareWithPeers bucket size before helper: 0
[DEBUG] CompareWithPeers bucket size after helper: 0
[DONE 1423/1977] CMI: UP(D:6) TL:False Ret:14.7% Correct:True
[START 1433/1977] NFLX 2022Q3 (GAINER)
[DONE 1424/1977] AKAM: DOWN(D:3) TL:False Ret:-15.6% Correct:True
[START 1434/1977] FTNT 2020Q4 (GAINER)

======================================================================
📊 PROGRESS REPORT [1425/1977] (72.1%)
======================================================================
⏱️  Elapsed: 244.3 min | ETA: 94.6 min | Avg: 10.3s/sample
✅ Success: 1425 | ❌ Failed: 0
🎯 Overall Accuracy: 62.3% (888/1425)
📈 Long-only: 102 trades | Win Rate: 81.4% (83/102) | Avg Ret: +12.1%
💰 Total Cost: $6.0692 | Avg: $0.0043/sample
======================================================================

[DONE 1425/1977] IVZ: DOWN(D:4) TL:False Ret:19.7% Correct:False
[START 1435/1977] WELL 2019Q1 (GAINER)
[DONE 1426/1977] QCOM: DOWN(D:3) TL:False Ret:-12.5% Correct:True
[START 1436/1977] PANW 2022Q2 (GAINER)
[DONE 1427/1977] DECK: UP(D:6) TL:False Ret:18.2% Correct:True
[START 1437/1977] UPS 2020Q2 (GAINER)
[DONE 1428/1977] PWR: UP(D:6) TL:False Ret:15.5% Correct:True
[START 1438/1977] VMC 2023Q1 (GAINER)
[DEBUG] CompareWithPeers bucket size before helper: 4
[DEBUG] CompareWithPeers bucket size before helper: 3
[DEBUG] CompareWithPeers bucket size after helper: 4
[DEBUG] CompareWithPeers bucket size after helper: 3
[DEBUG] CompareWithPeers bucket size before helper: 3
[DEBUG] CompareWithPeers bucket size after helper: 3
[DONE 1429/1977] WELL: UP(D:6) TL:False Ret:12.7% Correct:True
[START 1439/1977] TTWO 2022Q3 (LOSER)
[DEBUG] CompareWithPeers bucket size before helper: 0
[DEBUG] CompareWithPeers bucket size after helper: 0
[DEBUG] CompareWithPeers bucket size before helper: 0
[DEBUG] CompareWithPeers bucket size after helper: 0
[DEBUG] CompareWithPeers bucket size before helper: 0
[DEBUG] CompareWithPeers bucket size after helper: 0
[DONE 1430/1977] VMC: DOWN(D:4) TL:False Ret:16.1% Correct:False
[START 1440/1977] GPN 2021Q3 (LOSER)
[DONE 1431/1977] NFLX: DOWN(D:4) TL:False Ret:31.6% Correct:False
[START 1441/1977] BK 2021Q2 (GAINER)
[DEBUG] CompareWithPeers bucket size before helper: 0
[DEBUG] CompareWithPeers bucket size after helper: 0
[DONE 1432/1977] FTNT: DOWN(D:4) TL:False Ret:14.1% Correct:False
[START 1442/1977] MTCH 2023Q4 (LOSER)
[DONE 1433/1977] PANW: DOWN(D:4) TL:False Ret:28.8% Correct:False
[START 1443/1977] TSN 2022Q3 (LOSER)
[DONE 1434/1977] APH: DOWN(D:4) TL:False Ret:13.7% Correct:False
[START 1444/1977] CRL 2023Q3 (GAINER)
[DEBUG] CompareWithPeers bucket size before helper: 0
[DEBUG] CompareWithPeers bucket size after helper: 0
[DONE 1435/1977] SHW: UP(D:7) TL:False Ret:17.6% Correct:True
[START 1445/1977] DAY 2019Q3 (GAINER)
[DONE 1436/1977] UPS: DOWN(D:4) TL:False Ret:28.5% Correct:False
[START 1446/1977] CNC 2020Q2 (LOSER)
[DEBUG] CompareWithPeers bucket size before helper: 4
[DEBUG] CompareWithPeers bucket size before helper: 3
[DEBUG] CompareWithPeers bucket size after helper: 4
[DEBUG] CompareWithPeers bucket size after helper: 3
[DONE 1437/1977] TTWO: DOWN(D:4) TL:False Ret:-14.7% Correct:True
[START 1447/1977] ROL 2023Q3 (GAINER)
[DONE 1438/1977] FTNT: DOWN(D:4) TL:False Ret:-18.5% Correct:True
[START 1448/1977] PNC 2020Q3 (GAINER)
[DEBUG] CompareWithPeers bucket size before helper: 4
[DEBUG] CompareWithPeers bucket size after helper: 4
[DEBUG] CompareWithPeers bucket size before helper: 0
[DEBUG] CompareWithPeers bucket size after helper: 0
[DEBUG] CompareWithPeers bucket size before helper: 3
[DEBUG] CompareWithPeers bucket size before helper: 0
[DEBUG] CompareWithPeers bucket size after helper: 0
[DEBUG] CompareWithPeers bucket size after helper: 3
[DONE 1439/1977] BK: DOWN(D:3) TL:False Ret:12.6% Correct:False
[START 1449/1977] AXP 2020Q4 (GAINER)
[DONE 1440/1977] FFIV: UP(D:6) TL:False Ret:35.8% Correct:True
[START 1450/1977] APP 2021Q1 (GAINER)
[DONE 1441/1977] GPN: DOWN(D:3) TL:False Ret:-12.2% Correct:True
[START 1451/1977] TGT 2022Q1 (LOSER)
[DONE 1442/1977] MTCH: DOWN(D:4) TL:False Ret:-11.7% Correct:True
[START 1452/1977] SWKS 2022Q3 (LOSER)
[DEBUG] CompareWithPeers bucket size before helper: 3
[DEBUG] CompareWithPeers bucket size after helper: 3
[DEBUG] CompareWithPeers bucket size before helper: 0
[DEBUG] CompareWithPeers bucket size after helper: 0
[DEBUG] CompareWithPeers bucket size before helper: 0
[DEBUG] CompareWithPeers bucket size after helper: 0
[DEBUG] CompareWithPeers bucket size before helper: 0
[DEBUG] CompareWithPeers bucket size after helper: 0
[DONE 1443/1977] DAY: UP(D:6) TL:False Ret:32.9% Correct:True
[START 1453/1977] PFE 2022Q3 (GAINER)
[DONE 1444/1977] CNC: DOWN(D:3) TL:False Ret:-14.7% Correct:True
[START 1454/1977] NRG 2022Q3 (LOSER)
[DEBUG] CompareWithPeers bucket size before helper: 4
[DEBUG] CompareWithPeers bucket size before helper: 0
[DEBUG] CompareWithPeers bucket size after helper: 0
[DEBUG] CompareWithPeers bucket size after helper: 4
[DONE 1445/1977] PNC: DOWN(D:4) TL:False Ret:25.0% Correct:False
[START 1455/1977] TSLA 2020Q1 (GAINER)
[DONE 1446/1977] ROL: DOWN(D:4) TL:False Ret:20.7% Correct:False
[START 1456/1977] SHW 2023Q3 (GAINER)
[DEBUG] CompareWithPeers bucket size before helper: 0
[DEBUG] CompareWithPeers bucket size after helper: 0
[DONE 1447/1977] TSN: DOWN(D:3) TL:False Ret:-17.9% Correct:True
[START 1457/1977] FISV 2021Q1 (LOSER)
[DONE 1448/1977] CRL: DOWN(D:4) TL:False Ret:28.9% Correct:False
[START 1458/1977] GS 2022Q3 (GAINER)
[DEBUG] CompareWithPeers bucket size before helper: 0
[DEBUG] CompareWithPeers bucket size after helper: 0
[DONE 1449/1977] AXP: DOWN(D:4) TL:False Ret:21.1% Correct:False
[START 1459/1977] TAP 2019Q4 (LOSER)
[DEBUG] CompareWithPeers bucket size before helper: 3
[DEBUG] CompareWithPeers bucket size after helper: 3
[DEBUG] CompareWithPeers bucket size before helper: 0
[DEBUG] CompareWithPeers bucket size after helper: 0

======================================================================
📊 PROGRESS REPORT [1450/1977] (73.3%)
======================================================================
⏱️  Elapsed: 248.7 min | ETA: 90.4 min | Avg: 10.3s/sample
✅ Success: 1450 | ❌ Failed: 0
🎯 Overall Accuracy: 62.1% (901/1450)
📈 Long-only: 102 trades | Win Rate: 81.4% (83/102) | Avg Ret: +12.1%
💰 Total Cost: $6.1696 | Avg: $0.0043/sample
======================================================================

[DONE 1450/1977] APP: DOWN(D:4) TL:False Ret:64.7% Correct:False
[START 1460/1977] UNH 2019Q2 (LOSER)
[DEBUG] CompareWithPeers bucket size before helper: 0
[DONE 1451/1977] SWKS: UP(D:6) TL:False Ret:-12.1% Correct:False
[START 1461/1977] GLW 2019Q2 (LOSER)
[DEBUG] CompareWithPeers bucket size before helper: 3
[DEBUG] CompareWithPeers bucket size after helper: 0
[DEBUG] CompareWithPeers bucket size before helper: 4
[DEBUG] CompareWithPeers bucket size after helper: 3
[DONE 1452/1977] TGT: DOWN(D:2) TL:False Ret:-33.9% Correct:True
[START 1462/1977] CCL 2022Q4 (GAINER)
[DEBUG] CompareWithPeers bucket size after helper: 4
[DONE 1453/1977] TSLA: DOWN(D:4) TL:False Ret:16.8% Correct:False
[START 1463/1977] RVTY 2019Q3 (GAINER)
[DEBUG] CompareWithPeers bucket size before helper: 3
[DEBUG] CompareWithPeers bucket size before helper: 3
[DEBUG] CompareWithPeers bucket size after helper: 3
[DEBUG] CompareWithPeers bucket size after helper: 3
[DONE 1454/1977] NRG: DOWN(D:4) TL:False Ret:-28.6% Correct:True
[START 1464/1977] EG 2022Q3 (GAINER)
[DONE 1455/1977] SHW: DOWN(D:4) TL:False Ret:20.1% Correct:False
[START 1465/1977] TSCO 2019Q4 (LOSER)
[DONE 1456/1977] PFE: DOWN(D:4) TL:False Ret:17.0% Correct:False
[START 1466/1977] ACN 2021Q3 (GAINER)
[DONE 1457/1977] FISV: UP(D:7) TL:False Ret:-12.2% Correct:False
[START 1467/1977] PG 2023Q1 (GAINER)
[DEBUG] CompareWithPeers bucket size before helper: 2
[DEBUG] CompareWithPeers bucket size after helper: 2
[DEBUG] CompareWithPeers bucket size before helper: 3
[DEBUG] CompareWithPeers bucket size before helper: 4
[DEBUG] CompareWithPeers bucket size after helper: 3
[DEBUG] CompareWithPeers bucket size after helper: 4
[DONE 1458/1977] GS: DOWN(D:4) TL:False Ret:25.9% Correct:False
[START 1468/1977] PANW 2019Q1 (GAINER)
[DONE 1459/1977] TAP: DOWN(D:3) TL:False Ret:-33.5% Correct:True
[START 1469/1977] DELL 2021Q1 (GAINER)
[DONE 1460/1977] UNH: UP(D:7) TL:False Ret:-13.5% Correct:False
[START 1470/1977] EQT 2023Q3 (LOSER)
[DEBUG] CompareWithPeers bucket size before helper: 0
[DEBUG] CompareWithPeers bucket size after helper: 0
[DEBUG] CompareWithPeers bucket size before helper: 4
[DEBUG] CompareWithPeers bucket size after helper: 4
[DEBUG] CompareWithPeers bucket size before helper: 3
[DEBUG] CompareWithPeers bucket size after helper: 3
[DEBUG] CompareWithPeers bucket size before helper: 2
[DEBUG] CompareWithPeers bucket size before helper: 2
[DONE 1461/1977] GLW: DOWN(D:3) TL:False Ret:-12.1% Correct:True
[START 1471/1977] MOS 2021Q3 (LOSER)
[DEBUG] CompareWithPeers bucket size after helper: 2
[DEBUG] CompareWithPeers bucket size after helper: 2
[DEBUG] CompareWithPeers bucket size before helper: 3
[DEBUG] CompareWithPeers bucket size after helper: 3
[DONE 1462/1977] EG: DOWN(D:4) TL:False Ret:18.1% Correct:False
[START 1472/1977] SWKS 2022Q4 (GAINER)
[DONE 1463/1977] RVTY: UP(D:7) TL:False Ret:11.3% Correct:True
[START 1473/1977] CTRA 2022Q3 (LOSER)
[DONE 1464/1977] ACN: UP(D:7) TL:True Ret:12.6% Correct:True
[START 1474/1977] SWKS 2021Q4 (LOSER)
[DONE 1465/1977] CCL: UP(D:6) TL:True Ret:46.5% Correct:True
[START 1475/1977] FITB 2023Q3 (GAINER)
[DONE 1466/1977] TSCO: DOWN(D:4) TL:False Ret:-19.8% Correct:True
[START 1476/1977] MPWR 2019Q4 (LOSER)
[DEBUG] CompareWithPeers bucket size before helper: 3
[DEBUG] CompareWithPeers bucket size after helper: 3
[DEBUG] CompareWithPeers bucket size before helper: 2
[DEBUG] CompareWithPeers bucket size after helper: 2
[DEBUG] CompareWithPeers bucket size before helper: 3
[DEBUG] CompareWithPeers bucket size before helper: 0
[DEBUG] CompareWithPeers bucket size after helper: 0
[DEBUG] CompareWithPeers bucket size after helper: 3
[DONE 1467/1977] PG: DOWN(D:4) TL:False Ret:16.3% Correct:False
[START 1477/1977] DG 2021Q4 (GAINER)
[DONE 1468/1977] PANW: DOWN(D:5) TL:False Ret:14.3% Correct:False
[START 1478/1977] TTWO 2021Q3 (LOSER)
[DONE 1469/1977] EQT: UP(D:6) TL:False Ret:-11.6% Correct:False
[START 1479/1977] RL 2020Q4 (LOSER)
[DONE 1470/1977] DELL: DOWN(D:4) TL:False Ret:13.6% Correct:False
[START 1480/1977] BRO 2022Q1 (LOSER)
[DEBUG] CompareWithPeers bucket size before helper: 3
[DEBUG] CompareWithPeers bucket size before helper: 3
[DEBUG] CompareWithPeers bucket size after helper: 3
[DEBUG] CompareWithPeers bucket size after helper: 3
[DEBUG] CompareWithPeers bucket size before helper: 4
[DEBUG] CompareWithPeers bucket size before helper: 4
[DEBUG] CompareWithPeers bucket size after helper: 4
[DEBUG] CompareWithPeers bucket size before helper: 4
[DEBUG] CompareWithPeers bucket size after helper: 4
[DONE 1471/1977] CTRA: DOWN(D:4) TL:False Ret:-20.6% Correct:True
[START 1481/1977] OXY 2020Q2 (LOSER)
[DEBUG] CompareWithPeers bucket size after helper: 4
[DONE 1472/1977] MOS: DOWN(D:4) TL:False Ret:-12.3% Correct:True
[START 1482/1977] TTD 2020Q3 (GAINER)
[DONE 1473/1977] MPWR: DOWN(D:4) TL:False Ret:-23.1% Correct:True
[START 1483/1977] PPG 2023Q3 (GAINER)
[DONE 1474/1977] SWKS: DOWN(D:4) TL:False Ret:-12.5% Correct:True
[START 1484/1977] TFC 2019Q4 (LOSER)

======================================================================
📊 PROGRESS REPORT [1475/1977] (74.6%)
======================================================================
⏱️  Elapsed: 252.1 min | ETA: 85.8 min | Avg: 10.3s/sample
✅ Success: 1475 | ❌ Failed: 0
🎯 Overall Accuracy: 61.9% (913/1475)
📈 Long-only: 104 trades | Win Rate: 81.7% (85/104) | Avg Ret: +12.4%
💰 Total Cost: $6.2778 | Avg: $0.0043/sample
======================================================================

[DONE 1475/1977] FITB: DOWN(D:4) TL:False Ret:24.1% Correct:False
[START 1485/1977] LIN 2023Q4 (GAINER)
[DEBUG] CompareWithPeers bucket size before helper: 3
[DEBUG] CompareWithPeers bucket size after helper: 3
[DEBUG] CompareWithPeers bucket size before helper: 3
[DEBUG] CompareWithPeers bucket size after helper: 3
[DEBUG] CompareWithPeers bucket size before helper: 3
[DEBUG] CompareWithPeers bucket size after helper: 3
[DONE 1476/1977] SWKS: DOWN(D:4) TL:False Ret:11.3% Correct:False
[START 1486/1977] FRT 2023Q3 (GAINER)
[DEBUG] CompareWithPeers bucket size before helper: 2
[DEBUG] CompareWithPeers bucket size before helper: 0
[DEBUG] CompareWithPeers bucket size after helper: 0
[DEBUG] CompareWithPeers bucket size after helper: 2
[DONE 1477/1977] DG: UP(D:6) TL:False Ret:11.8% Correct:True
[START 1487/1977] BKR 2020Q2 (LOSER)
[DONE 1478/1977] RL: DOWN(D:3) TL:False Ret:-17.1% Correct:True
[START 1488/1977] BXP 2021Q1 (GAINER)
[DONE 1479/1977] TTWO: DOWN(D:5) TL:False Ret:-20.2% Correct:True
[START 1489/1977] EXPE 2020Q3 (GAINER)
[DONE 1480/1977] BRO: DOWN(D:4) TL:False Ret:-14.6% Correct:True
[START 1490/1977] AEE 2021Q4 (GAINER)
[DEBUG] CompareWithPeers bucket size before helper: 5
[DEBUG] CompareWithPeers bucket size after helper: 5
[DEBUG] CompareWithPeers bucket size before helper: 0
[DEBUG] CompareWithPeers bucket size after helper: 0
[DEBUG] CompareWithPeers bucket size before helper: 2
[DEBUG] CompareWithPeers bucket size after helper: 2
[DONE 1481/1977] TTD: UP(D:6) TL:False Ret:18.5% Correct:True
[START 1491/1977] LYB 2020Q4 (GAINER)
[DONE 1482/1977] OXY: DOWN(D:3) TL:False Ret:-36.8% Correct:True
[START 1492/1977] MHK 2019Q2 (LOSER)
[DEBUG] CompareWithPeers bucket size before helper: 0
[DEBUG] CompareWithPeers bucket size after helper: 0
[DEBUG] CompareWithPeers bucket size before helper: 2
[DONE 1483/1977] LIN: DOWN(D:4) TL:False Ret:16.5% Correct:False
[START 1493/1977] HIG 2020Q4 (GAINER)
[DEBUG] CompareWithPeers bucket size after helper: 2
[DONE 1484/1977] PPG: DOWN(D:4) TL:False Ret:12.4% Correct:False
[START 1494/1977] CSGP 2023Q3 (GAINER)
[DEBUG] CompareWithPeers bucket size before helper: 4
[DEBUG] CompareWithPeers bucket size after helper: 4
[DEBUG] CompareWithPeers bucket size before helper: 2
[DEBUG] CompareWithPeers bucket size before helper: 0
[DEBUG] CompareWithPeers bucket size after helper: 0
[DEBUG] CompareWithPeers bucket size after helper: 2
[DONE 1485/1977] TFC: DOWN(D:3) TL:False Ret:-37.2% Correct:True
[START 1495/1977] CTVA 2021Q1 (LOSER)
[DONE 1486/1977] BKR: DOWN(D:3) TL:False Ret:-13.5% Correct:True
[START 1496/1977] NEM 2022Q1 (LOSER)
[DONE 1487/1977] FRT: UP(D:7) TL:True Ret:11.7% Correct:True
[START 1497/1977] EQIX 2023Q1 (GAINER)
[DEBUG] CompareWithPeers bucket size before helper: 2
[DEBUG] CompareWithPeers bucket size after helper: 2
[DEBUG] CompareWithPeers bucket size before helper: 5
[DEBUG] CompareWithPeers bucket size before helper: 0
[DEBUG] CompareWithPeers bucket size after helper: 0
[DEBUG] CompareWithPeers bucket size before helper: 0
[DEBUG] CompareWithPeers bucket size after helper: 5
[DEBUG] CompareWithPeers bucket size after helper: 0
[DONE 1488/1977] EXPE: DOWN(D:4) TL:False Ret:27.5% Correct:False
[START 1498/1977] DG 2023Q2 (LOSER)
[DONE 1489/1977] AEE: DOWN(D:4) TL:False Ret:11.7% Correct:False
[START 1499/1977] CAT 2020Q2 (GAINER)
[DONE 1490/1977] MHK: UP(D:3) TL:False Ret:-22.4% Correct:False
[START 1500/1977] RL 2021Q4 (LOSER)
[DEBUG] CompareWithPeers bucket size before helper: 2
[DONE 1491/1977] LYB: DOWN(D:4) TL:False Ret:23.4% Correct:False
[START 1501/1977] MAR 2019Q4 (LOSER)
[DEBUG] CompareWithPeers bucket size after helper: 2
[DEBUG] CompareWithPeers bucket size before helper: 4
[DEBUG] CompareWithPeers bucket size after helper: 4
[DONE 1492/1977] BXP: UP(D:6) TL:False Ret:13.5% Correct:True
[START 1502/1977] CHTR 2021Q2 (GAINER)
[DONE 1493/1977] HIG: DOWN(D:4) TL:False Ret:32.1% Correct:False
[START 1503/1977] NSC 2022Q3 (GAINER)
[DEBUG] CompareWithPeers bucket size before helper: 0
[DEBUG] CompareWithPeers bucket size after helper: 0
[DONE 1494/1977] CTVA: DOWN(D:3) TL:False Ret:-12.6% Correct:True
[START 1504/1977] LLY 2021Q1 (GAINER)
[DEBUG] CompareWithPeers bucket size before helper: 4
[DONE 1495/1977] CSGP: UP(D:7) TL:True Ret:13.0% Correct:True
[START 1505/1977] VTR 2021Q4 (GAINER)
[DEBUG] CompareWithPeers bucket size after helper: 4
[DONE 1496/1977] CAT: DOWN(D:3) TL:False Ret:12.3% Correct:False
[START 1506/1977] IRM 2020Q4 (GAINER)
[DEBUG] CompareWithPeers bucket size before helper: 2
[DEBUG] CompareWithPeers bucket size after helper: 2
[DONE 1497/1977] DG: DOWN(D:3) TL:False Ret:-29.5% Correct:True
[START 1507/1977] HSIC 2022Q3 (GAINER)
[DEBUG] CompareWithPeers bucket size before helper: 3
[DEBUG] CompareWithPeers bucket size after helper: 3
[DEBUG] CompareWithPeers bucket size before helper: 3
[DEBUG] CompareWithPeers bucket size after helper: 3
[DONE 1498/1977] CHTR: UP(D:6) TL:True Ret:11.1% Correct:True
[START 1508/1977] BKNG 2019Q4 (LOSER)
[DEBUG] CompareWithPeers bucket size before helper: 0
[DEBUG] CompareWithPeers bucket size after helper: 0
[DEBUG] CompareWithPeers bucket size before helper: 3
[DEBUG] CompareWithPeers bucket size before helper: 2
[DEBUG] CompareWithPeers bucket size after helper: 3
[DEBUG] CompareWithPeers bucket size after helper: 2
[DEBUG] CompareWithPeers bucket size before helper: 3
[DONE 1499/1977] MAR: DOWN(D:4) TL:False Ret:-32.3% Correct:True
[START 1509/1977] AIZ 2019Q2 (GAINER)
[DEBUG] CompareWithPeers bucket size after helper: 3

======================================================================
📊 PROGRESS REPORT [1500/1977] (75.9%)
======================================================================
⏱️  Elapsed: 256.9 min | ETA: 81.7 min | Avg: 10.3s/sample
✅ Success: 1500 | ❌ Failed: 0
🎯 Overall Accuracy: 61.9% (928/1500)
📈 Long-only: 107 trades | Win Rate: 82.2% (88/107) | Avg Ret: +12.4%
💰 Total Cost: $6.3864 | Avg: $0.0043/sample
======================================================================

[DONE 1500/1977] NSC: DOWN(D:4) TL:False Ret:13.9% Correct:False
[START 1510/1977] VRSN 2021Q3 (GAINER)
[DONE 1501/1977] RL: DOWN(D:4) TL:False Ret:-10.1% Correct:True
[START 1511/1977] DELL 2019Q1 (GAINER)
[DEBUG] CompareWithPeers bucket size before helper: 4
[DONE 1502/1977] VTR: UP(D:6) TL:False Ret:21.0% Correct:True
[START 1512/1977] CARR 2022Q3 (GAINER)
[DEBUG] CompareWithPeers bucket size before helper: 2
[DEBUG] CompareWithPeers bucket size after helper: 4
[DEBUG] CompareWithPeers bucket size after helper: 2
[DONE 1503/1977] EQIX: UP(D:7) TL:True Ret:11.6% Correct:True
[START 1513/1977] UPS 2021Q1 (GAINER)
[DONE 1504/1977] NEM: DOWN(D:4) TL:False Ret:-11.9% Correct:True
[START 1514/1977] EG 2023Q1 (LOSER)
[DONE 1505/1977] LLY: DOWN(D:4) TL:False Ret:20.7% Correct:False
[START 1515/1977] WM 2023Q4 (GAINER)
[DEBUG] CompareWithPeers bucket size before helper: 3
[DEBUG] CompareWithPeers bucket size before helper: 0
[DEBUG] CompareWithPeers bucket size after helper: 0
[DEBUG] CompareWithPeers bucket size after helper: 3
[DEBUG] CompareWithPeers bucket size before helper: 2
[DEBUG] CompareWithPeers bucket size after helper: 2
[DEBUG] CompareWithPeers bucket size before helper: 3
[DONE 1506/1977] BKNG: DOWN(D:4) TL:False Ret:-14.4% Correct:True
[START 1516/1977] DECK 2021Q2 (GAINER)
[DEBUG] CompareWithPeers bucket size before helper: 3
[DEBUG] CompareWithPeers bucket size before helper: 3
[DEBUG] CompareWithPeers bucket size after helper: 3
[DEBUG] CompareWithPeers bucket size after helper: 3
[DEBUG] CompareWithPeers bucket size after helper: 3
[DONE 1507/1977] HSIC: UP(D:4) TL:False Ret:21.5% Correct:True
[START 1517/1977] CEG 2023Q1 (GAINER)
[DONE 1508/1977] VRSN: DOWN(D:4) TL:False Ret:15.3% Correct:False
[START 1518/1977] DAL 2019Q4 (LOSER)
[DEBUG] CompareWithPeers bucket size before helper: 4
[DEBUG] CompareWithPeers bucket size after helper: 4
[DONE 1509/1977] AIZ: UP(D:6) TL:False Ret:15.1% Correct:True
[START 1519/1977] CF 2022Q4 (LOSER)
[DONE 1510/1977] DELL: DOWN(D:4) TL:False Ret:11.8% Correct:False
[START 1520/1977] CAT 2020Q1 (GAINER)
[DONE 1511/1977] IRM: UP(D:6) TL:False Ret:16.4% Correct:True
[START 1521/1977] HOOD 2021Q3 (LOSER)
[DONE 1512/1977] CARR: DOWN(D:4) TL:False Ret:15.8% Correct:False
[START 1522/1977] AAPL 2023Q2 (GAINER)
[DEBUG] CompareWithPeers bucket size before helper: 3
[DEBUG] CompareWithPeers bucket size after helper: 3
[DEBUG] CompareWithPeers bucket size before helper: 2
[DEBUG] CompareWithPeers bucket size before helper: 2
[DEBUG] CompareWithPeers bucket size after helper: 2
[DEBUG] CompareWithPeers bucket size after helper: 2
[DEBUG] CompareWithPeers bucket size before helper: 3
[DEBUG] CompareWithPeers bucket size after helper: 3
[DONE 1513/1977] UPS: DOWN(D:4) TL:False Ret:14.4% Correct:False
[START 1523/1977] ABT 2021Q1 (LOSER)
[DONE 1514/1977] EG: UP(D:6) TL:False Ret:-10.3% Correct:False
[START 1524/1977] VLO 2023Q2 (GAINER)
[DONE 1515/1977] WM: UP(D:7) TL:True Ret:13.7% Correct:True
[START 1525/1977] XYZ 2023Q4 (GAINER)
[DEBUG] CompareWithPeers bucket size before helper: 3
[DEBUG] CompareWithPeers bucket size after helper: 3
[DEBUG] CompareWithPeers bucket size before helper: 3
[DEBUG] CompareWithPeers bucket size after helper: 3
[DONE 1516/1977] DECK: DOWN(D:4) TL:False Ret:14.4% Correct:False
[START 1526/1977] GS 2019Q4 (LOSER)
[DONE 1517/1977] CEG: DOWN(D:4) TL:False Ret:17.1% Correct:False
[START 1527/1977] PNW 2020Q2 (LOSER)
[DEBUG] CompareWithPeers bucket size before helper: 0
[DEBUG] CompareWithPeers bucket size after helper: 0
[DONE 1518/1977] DAL: UP(D:6) TL:False Ret:-19.0% Correct:False
[START 1528/1977] PSA 2021Q4 (GAINER)
[DEBUG] CompareWithPeers bucket size before helper: 0
[DEBUG] CompareWithPeers bucket size after helper: 0
[DEBUG] CompareWithPeers bucket size before helper: 4
[DONE 1519/1977] CF: DOWN(D:5) TL:False Ret:-14.7% Correct:True
[START 1529/1977] CLX 2020Q4 (LOSER)
[DEBUG] CompareWithPeers bucket size before helper: 4
[DEBUG] CompareWithPeers bucket size after helper: 4
[DONE 1520/1977] CAT: DOWN(D:4) TL:False Ret:15.0% Correct:False
[START 1530/1977] PLD 2021Q3 (GAINER)
[DEBUG] CompareWithPeers bucket size after helper: 4
[DEBUG] CompareWithPeers bucket size before helper: 4
[DONE 1521/1977] AAPL: DOWN(D:4) TL:False Ret:11.6% Correct:False
[START 1531/1977] VLO 2022Q1 (GAINER)
[DEBUG] CompareWithPeers bucket size after helper: 4
[DONE 1522/1977] HOOD: DOWN(D:3) TL:False Ret:-44.6% Correct:True
[START 1532/1977] HUBB 2023Q4 (GAINER)
[DEBUG] CompareWithPeers bucket size before helper: 0
[DEBUG] CompareWithPeers bucket size after helper: 0
[DEBUG] CompareWithPeers bucket size before helper: 3
[DEBUG] CompareWithPeers bucket size after helper: 3
[DONE 1523/1977] ABT: DOWN(D:4) TL:False Ret:-14.9% Correct:True
[START 1533/1977] COST 2019Q2 (GAINER)
[DONE 1524/1977] VLO: DOWN(D:4) TL:False Ret:12.6% Correct:False
[START 1534/1977] APD 2021Q3 (LOSER)
[DEBUG] CompareWithPeers bucket size before helper: 0
[DEBUG] CompareWithPeers bucket size after helper: 0
[DEBUG] CompareWithPeers bucket size before helper: 3
[DEBUG] CompareWithPeers bucket size after helper: 3
[DEBUG] CompareWithPeers bucket size before helper: 0
[DEBUG] CompareWithPeers bucket size after helper: 0
[DEBUG] CompareWithPeers bucket size before helper: 2

======================================================================
📊 PROGRESS REPORT [1525/1977] (77.1%)
======================================================================
⏱️  Elapsed: 260.4 min | ETA: 77.2 min | Avg: 10.2s/sample
✅ Success: 1525 | ❌ Failed: 0
🎯 Overall Accuracy: 61.7% (941/1525)
📈 Long-only: 110 trades | Win Rate: 82.7% (91/110) | Avg Ret: +12.5%
💰 Total Cost: $6.4962 | Avg: $0.0043/sample
======================================================================

[DONE 1525/1977] PSA: UP(D:7) TL:True Ret:19.3% Correct:True
[START 1535/1977] MPC 2023Q2 (GAINER)
[DEBUG] CompareWithPeers bucket size after helper: 2
[DONE 1526/1977] XYZ: DOWN(D:3) TL:False Ret:19.7% Correct:False
[START 1536/1977] DE 2020Q2 (GAINER)
[DONE 1527/1977] PNW: DOWN(D:4) TL:False Ret:-12.6% Correct:True
[START 1537/1977] FCX 2022Q3 (GAINER)
[DONE 1528/1977] GS: DOWN(D:4) TL:False Ret:-18.3% Correct:True
[START 1538/1977] GDDY 2023Q3 (GAINER)
[DONE 1529/1977] CLX: DOWN(D:4) TL:False Ret:-11.4% Correct:True
[START 1539/1977] RCL 2021Q3 (LOSER)
[DEBUG] CompareWithPeers bucket size before helper: 3
[DEBUG] CompareWithPeers bucket size before helper: 6
[DEBUG] CompareWithPeers bucket size after helper: 3
[DEBUG] CompareWithPeers bucket size after helper: 6
[DEBUG] CompareWithPeers bucket size before helper: 3
[DEBUG] CompareWithPeers bucket size after helper: 3
[DONE 1530/1977] PLD: UP(D:8) TL:False Ret:12.9% Correct:True
[START 1540/1977] YUM 2022Q3 (GAINER)
[DEBUG] CompareWithPeers bucket size before helper: 3
[DONE 1531/1977] VLO: UP(D:6) TL:True Ret:42.5% Correct:True
[START 1541/1977] LRCX 2020Q1 (GAINER)
[DONE 1532/1977] HUBB: DOWN(D:4) TL:False Ret:20.1% Correct:False
[START 1542/1977] HSY 2023Q2 (LOSER)
[DEBUG] CompareWithPeers bucket size before helper: 0
[DEBUG] CompareWithPeers bucket size after helper: 0
[DEBUG] CompareWithPeers bucket size after helper: 3
[DONE 1533/1977] COST: UP(D:6) TL:False Ret:12.3% Correct:True
[START 1543/1977] K 2023Q2 (LOSER)
[DONE 1534/1977] APD: DOWN(D:4) TL:False Ret:-11.5% Correct:True
[START 1544/1977] BA 2021Q4 (LOSER)
[DEBUG] CompareWithPeers bucket size before helper: 0
[DEBUG] CompareWithPeers bucket size after helper: 0
[DEBUG] CompareWithPeers bucket size before helper: 2
[DEBUG] CompareWithPeers bucket size after helper: 2
[DONE 1535/1977] MPC: DOWN(D:4) TL:False Ret:16.9% Correct:False
[START 1545/1977] ALLE 2020Q2 (LOSER)
[DEBUG] CompareWithPeers bucket size before helper: 4
[DEBUG] CompareWithPeers bucket size before helper: 4
[DEBUG] CompareWithPeers bucket size after helper: 4
[DEBUG] CompareWithPeers bucket size after helper: 4
[DEBUG] CompareWithPeers bucket size before helper: 3
[DONE 1536/1977] GDDY: UP(D:6) TL:False Ret:41.8% Correct:True
[START 1546/1977] CVX 2019Q4 (LOSER)
[DEBUG] CompareWithPeers bucket size before helper: 3
[DEBUG] CompareWithPeers bucket size after helper: 3
[DEBUG] CompareWithPeers bucket size after helper: 3
[DONE 1537/1977] DE: DOWN(D:4) TL:False Ret:11.1% Correct:False
[START 1547/1977] URI 2019Q3 (GAINER)
[DONE 1538/1977] FCX: DOWN(D:4) TL:False Ret:41.8% Correct:False
[START 1548/1977] MPWR 2023Q2 (LOSER)
[DEBUG] CompareWithPeers bucket size before helper: 3
[DEBUG] CompareWithPeers bucket size after helper: 3
[DONE 1539/1977] LRCX: UP(D:8) TL:False Ret:15.7% Correct:True
[START 1549/1977] CVX 2020Q3 (GAINER)
[DEBUG] CompareWithPeers bucket size before helper: 0
[DEBUG] CompareWithPeers bucket size after helper: 0
[DONE 1540/1977] RCL: DOWN(D:4) TL:False Ret:-14.4% Correct:True
[START 1550/1977] DD 2022Q3 (GAINER)
[DEBUG] CompareWithPeers bucket size before helper: 4
[DEBUG] CompareWithPeers bucket size after helper: 4
[DONE 1541/1977] HSY: DOWN(D:3) TL:False Ret:-13.1% Correct:True
[START 1551/1977] DTE 2023Q2 (LOSER)
[DEBUG] CompareWithPeers bucket size before helper: 4
[DEBUG] CompareWithPeers bucket size after helper: 4
[DONE 1542/1977] YUM: DOWN(D:4) TL:False Ret:10.4% Correct:False
[START 1552/1977] HAL 2019Q4 (LOSER)
[DONE 1543/1977] BA: UP(D:3) TL:False Ret:-12.6% Correct:False
[START 1553/1977] FITB 2022Q4 (GAINER)
[DEBUG] CompareWithPeers bucket size before helper: 3
[DEBUG] CompareWithPeers bucket size before helper: 0
[DEBUG] CompareWithPeers bucket size after helper: 0
[DONE 1544/1977] K: DOWN(D:5) TL:False Ret:-10.0% Correct:True
[START 1554/1977] JCI 2021Q1 (GAINER)
[DEBUG] CompareWithPeers bucket size after helper: 3
[DEBUG] CompareWithPeers bucket size before helper: 0
[DEBUG] CompareWithPeers bucket size after helper: 0
[DONE 1545/1977] ALLE: DOWN(D:3) TL:False Ret:-10.0% Correct:True
[START 1555/1977] TECH 2022Q2 (GAINER)
[DONE 1546/1977] URI: DOWN(D:4) TL:False Ret:25.8% Correct:False
[START 1556/1977] WDC 2021Q4 (LOSER)
[DONE 1547/1977] CVX: DOWN(D:3) TL:False Ret:-37.4% Correct:True
[START 1557/1977] LOW 2021Q2 (GAINER)
[DEBUG] CompareWithPeers bucket size before helper: 4
[DEBUG] CompareWithPeers bucket size after helper: 4
[DEBUG] CompareWithPeers bucket size before helper: 2
[DEBUG] CompareWithPeers bucket size before helper: 0
[DEBUG] CompareWithPeers bucket size after helper: 2
[DEBUG] CompareWithPeers bucket size after helper: 0
[DEBUG] CompareWithPeers bucket size before helper: 0
[DEBUG] CompareWithPeers bucket size after helper: 0
[DONE 1548/1977] MPWR: DOWN(D:4) TL:False Ret:-13.1% Correct:True
[START 1558/1977] NDAQ 2022Q2 (GAINER)
[DEBUG] CompareWithPeers bucket size before helper: 3
[DONE 1549/1977] DD: DOWN(D:4) TL:False Ret:10.7% Correct:False
[START 1559/1977] MTD 2023Q2 (LOSER)

======================================================================
📊 PROGRESS REPORT [1550/1977] (78.4%)
======================================================================
⏱️  Elapsed: 263.9 min | ETA: 72.7 min | Avg: 10.2s/sample
✅ Success: 1550 | ❌ Failed: 0
🎯 Overall Accuracy: 61.7% (957/1550)
📈 Long-only: 111 trades | Win Rate: 82.9% (92/111) | Avg Ret: +12.7%
💰 Total Cost: $6.6048 | Avg: $0.0043/sample
======================================================================

[DONE 1550/1977] CVX: UP(D:6) TL:False Ret:30.0% Correct:True
[START 1560/1977] CPB 2022Q2 (GAINER)
[DEBUG] CompareWithPeers bucket size after helper: 3
[DONE 1551/1977] DTE: DOWN(D:4) TL:False Ret:-11.4% Correct:True
[START 1561/1977] ALLE 2023Q2 (LOSER)
[DEBUG] CompareWithPeers bucket size before helper: 3
[DEBUG] CompareWithPeers bucket size after helper: 3
[DEBUG] CompareWithPeers bucket size before helper: 0
[DEBUG] CompareWithPeers bucket size after helper: 0
[DONE 1552/1977] HAL: DOWN(D:4) TL:False Ret:-35.8% Correct:True
[START 1562/1977] LUV 2023Q4 (GAINER)
[DONE 1553/1977] FITB: UP(D:6) TL:False Ret:10.7% Correct:True
[START 1563/1977] NUE 2023Q3 (GAINER)
[DONE 1554/1977] JCI: DOWN(D:5) TL:False Ret:26.2% Correct:False
[START 1564/1977] CEG 2022Q2 (GAINER)
[DEBUG] CompareWithPeers bucket size before helper: 4
[DEBUG] CompareWithPeers bucket size after helper: 4
[DEBUG] CompareWithPeers bucket size before helper: 3
[DEBUG] CompareWithPeers bucket size before helper: 3
[DEBUG] CompareWithPeers bucket size after helper: 3
[DEBUG] CompareWithPeers bucket size after helper: 3
[DEBUG] CompareWithPeers bucket size before helper: 2
[DEBUG] CompareWithPeers bucket size after helper: 2
[DONE 1555/1977] LOW: UP(D:7) TL:False Ret:11.3% Correct:True
[START 1565/1977] PAYX 2020Q3 (GAINER)
[DEBUG] CompareWithPeers bucket size before helper: 2
[DONE 1556/1977] WDC: UP(D:7) TL:True Ret:-10.8% Correct:False
[START 1566/1977] TECH 2021Q4 (GAINER)
[DEBUG] CompareWithPeers bucket size before helper: 3
[DEBUG] CompareWithPeers bucket size after helper: 2
[DEBUG] CompareWithPeers bucket size after helper: 3
[DONE 1557/1977] MTD: DOWN(D:4) TL:False Ret:-14.7% Correct:True
[START 1567/1977] NCLH 2023Q1 (GAINER)
[DEBUG] CompareWithPeers bucket size before helper: 4
[DONE 1558/1977] TECH: DOWN(D:4) TL:False Ret:12.5% Correct:False
[START 1568/1977] ROK 2023Q4 (GAINER)
[DEBUG] CompareWithPeers bucket size after helper: 4
[DONE 1559/1977] LUV: DOWN(D:4) TL:False Ret:10.1% Correct:False
[START 1569/1977] WAB 2022Q3 (GAINER)
[DONE 1560/1977] NUE: DOWN(D:4) TL:False Ret:15.5% Correct:False
[START 1570/1977] GPN 2023Q1 (LOSER)
[DEBUG] CompareWithPeers bucket size before helper: 3
[DEBUG] CompareWithPeers bucket size after helper: 3
[DEBUG] CompareWithPeers bucket size before helper: 2
[DEBUG] CompareWithPeers bucket size before helper: 0
[DEBUG] CompareWithPeers bucket size after helper: 0
[DEBUG] CompareWithPeers bucket size after helper: 2
[DEBUG] CompareWithPeers bucket size before helper: 2
[DEBUG] CompareWithPeers bucket size after helper: 2
[DONE 1561/1977] TECH: DOWN(D:5) TL:False Ret:10.0% Correct:False
[START 1571/1977] NDAQ 2022Q3 (GAINER)
[DEBUG] CompareWithPeers bucket size before helper: 4
[DONE 1562/1977] CEG: DOWN(D:4) TL:False Ret:27.4% Correct:False
[START 1572/1977] OKE 2020Q3 (GAINER)
[DONE 1563/1977] ALLE: DOWN(D:3) TL:False Ret:-15.0% Correct:True
[START 1573/1977] CF 2022Q1 (LOSER)
[DEBUG] CompareWithPeers bucket size before helper: 0
[DEBUG] CompareWithPeers bucket size after helper: 0
[DEBUG] CompareWithPeers bucket size after helper: 4
[DONE 1564/1977] CPB: DOWN(D:4) TL:False Ret:12.2% Correct:False
[START 1574/1977] VMC 2020Q2 (GAINER)
[DONE 1565/1977] NDAQ: DOWN(D:4) TL:False Ret:12.1% Correct:False
[START 1575/1977] CCL 2023Q4 (LOSER)
[DEBUG] CompareWithPeers bucket size before helper: 3
[DEBUG] CompareWithPeers bucket size after helper: 3
[DEBUG] CompareWithPeers bucket size before helper: 2
[DEBUG] CompareWithPeers bucket size after helper: 2
[DEBUG] CompareWithPeers bucket size before helper: 4
[DONE 1566/1977] NCLH: UP(D:7) TL:True Ret:45.8% Correct:True
[START 1576/1977] MTB 2022Q1 (GAINER)
[DEBUG] CompareWithPeers bucket size after helper: 4
[DONE 1567/1977] WAB: DOWN(D:4) TL:False Ret:10.9% Correct:False
[START 1577/1977] SPGI 2020Q1 (GAINER)
[DEBUG] CompareWithPeers bucket size before helper: 0
[DEBUG] CompareWithPeers bucket size after helper: 0
[DONE 1568/1977] ROK: DOWN(D:4) TL:False Ret:14.0% Correct:False
[START 1578/1977] WSM 2019Q4 (GAINER)
[DONE 1569/1977] PAYX: DOWN(D:4) TL:False Ret:14.3% Correct:False
[START 1579/1977] TJX 2019Q1 (GAINER)
[DONE 1570/1977] GPN: DOWN(D:4) TL:False Ret:-10.7% Correct:True
[START 1580/1977] MTD 2023Q1 (LOSER)
[DEBUG] CompareWithPeers bucket size before helper: 0
[DEBUG] CompareWithPeers bucket size after helper: 0
[DEBUG] CompareWithPeers bucket size before helper: 3
[DEBUG] CompareWithPeers bucket size before helper: 3
[DEBUG] CompareWithPeers bucket size after helper: 3
[DEBUG] CompareWithPeers bucket size after helper: 3
[DEBUG] CompareWithPeers bucket size before helper: 4
[DONE 1571/1977] NDAQ: DOWN(D:4) TL:False Ret:19.7% Correct:False
[START 1581/1977] CTVA 2023Q4 (GAINER)
[DEBUG] CompareWithPeers bucket size after helper: 4
[DEBUG] CompareWithPeers bucket size before helper: 2
[DEBUG] CompareWithPeers bucket size after helper: 2
[DONE 1572/1977] CF: DOWN(D:5) TL:False Ret:-14.8% Correct:True
[START 1582/1977] APTV 2023Q4 (LOSER)
[DONE 1573/1977] CCL: UP(D:7) TL:True Ret:-11.6% Correct:False
[START 1583/1977] BSX 2022Q3 (GAINER)
[DEBUG] CompareWithPeers bucket size before helper: 0
[DEBUG] CompareWithPeers bucket size after helper: 0
[DONE 1574/1977] VMC: UP(D:6) TL:False Ret:13.4% Correct:True
[START 1584/1977] HPQ 2023Q3 (LOSER)
[DEBUG] CompareWithPeers bucket size before helper: 3

======================================================================
📊 PROGRESS REPORT [1575/1977] (79.7%)
======================================================================
⏱️  Elapsed: 268.6 min | ETA: 68.5 min | Avg: 10.2s/sample
✅ Success: 1575 | ❌ Failed: 0
🎯 Overall Accuracy: 61.5% (968/1575)
📈 Long-only: 114 trades | Win Rate: 81.6% (93/114) | Avg Ret: +12.6%
💰 Total Cost: $6.7104 | Avg: $0.0043/sample
======================================================================

[DONE 1575/1977] OKE: UP(D:6) TL:False Ret:42.4% Correct:True
[START 1585/1977] DLTR 2022Q2 (LOSER)
[DEBUG] CompareWithPeers bucket size after helper: 3
[DONE 1576/1977] MTB: DOWN(D:5) TL:False Ret:11.3% Correct:False
[START 1586/1977] BKNG 2021Q4 (LOSER)
[DONE 1577/1977] WSM: DOWN(D:4) TL:False Ret:96.5% Correct:False
[START 1587/1977] URI 2019Q2 (LOSER)
[DEBUG] CompareWithPeers bucket size before helper: 3
[DEBUG] CompareWithPeers bucket size before helper: 2
[DEBUG] CompareWithPeers bucket size after helper: 3
[DEBUG] CompareWithPeers bucket size after helper: 2
[DEBUG] CompareWithPeers bucket size before helper: 3
[DONE 1578/1977] TJX: DOWN(D:4) TL:False Ret:12.3% Correct:False
[DONE 1579/1977] MTD: DOWN(D:4) TL:False Ret:-13.0% Correct:True
[START 1588/1977] LII 2019Q4 (LOSER)
[START 1589/1977] REG 2019Q4 (LOSER)
[DEBUG] CompareWithPeers bucket size after helper: 3
[DEBUG] CompareWithPeers bucket size before helper: 4
[DEBUG] CompareWithPeers bucket size after helper: 4
[DEBUG] CompareWithPeers bucket size before helper: 2
[DEBUG] CompareWithPeers bucket size before helper: 4
[DEBUG] CompareWithPeers bucket size before helper: 0
[DEBUG] CompareWithPeers bucket size after helper: 0
[DEBUG] CompareWithPeers bucket size after helper: 2
[DEBUG] CompareWithPeers bucket size after helper: 4
[DONE 1580/1977] SPGI: DOWN(D:4) TL:False Ret:50.7% Correct:False
[START 1590/1977] PKG 2020Q1 (GAINER)
[DONE 1581/1977] HPQ: DOWN(D:3) TL:False Ret:-14.7% Correct:True
[START 1591/1977] ABNB 2021Q1 (GAINER)
[DONE 1582/1977] CTVA: DOWN(D:3) TL:False Ret:21.1% Correct:False
[START 1592/1977] GPN 2021Q2 (LOSER)
[DONE 1583/1977] BSX: UP(D:6) TL:False Ret:12.2% Correct:True
[START 1593/1977] MCK 2022Q3 (GAINER)
[DEBUG] CompareWithPeers bucket size before helper: 4
[DEBUG] CompareWithPeers bucket size before helper: 5
[DONE 1584/1977] APTV: DOWN(D:4) TL:False Ret:-12.1% Correct:True
[START 1594/1977] TER 2022Q3 (GAINER)
[DEBUG] CompareWithPeers bucket size after helper: 5
[DEBUG] CompareWithPeers bucket size after helper: 4
[DONE 1585/1977] BKNG: DOWN(D:4) TL:False Ret:-10.4% Correct:True
[START 1595/1977] EXC 2022Q3 (GAINER)
[DONE 1586/1977] URI: DOWN(D:3) TL:False Ret:-15.3% Correct:True
[START 1596/1977] NEE 2023Q2 (LOSER)
[DEBUG] CompareWithPeers bucket size before helper: 3
[DEBUG] CompareWithPeers bucket size after helper: 3
[DEBUG] CompareWithPeers bucket size before helper: 0
[DEBUG] CompareWithPeers bucket size after helper: 0
[DEBUG] CompareWithPeers bucket size before helper: 4
[DEBUG] CompareWithPeers bucket size after helper: 4
[DEBUG] CompareWithPeers bucket size before helper: 4
[DONE 1587/1977] DLTR: DOWN(D:3) TL:False Ret:-14.5% Correct:True
[START 1597/1977] IR 2023Q3 (GAINER)
[DEBUG] CompareWithPeers bucket size after helper: 4
[DONE 1588/1977] LII: UP(D:6) TL:False Ret:-20.9% Correct:False
[START 1598/1977] DE 2020Q1 (LOSER)
[DEBUG] CompareWithPeers bucket size before helper: 3
[DEBUG] CompareWithPeers bucket size before helper: 0
[DEBUG] CompareWithPeers bucket size after helper: 0
[DEBUG] CompareWithPeers bucket size after helper: 3
[DONE 1589/1977] PKG: DOWN(D:4) TL:False Ret:16.8% Correct:False
[START 1599/1977] TEL 2020Q1 (LOSER)
[DONE 1590/1977] REG: DOWN(D:4) TL:False Ret:-36.4% Correct:True
[START 1600/1977] NFLX 2022Q2 (GAINER)
[DONE 1591/1977] TER: DOWN(D:4) TL:False Ret:19.0% Correct:False
[START 1601/1977] PANW 2021Q3 (GAINER)
[DEBUG] CompareWithPeers bucket size before helper: 2
[DONE 1592/1977] ABNB: DOWN(D:4) TL:False Ret:10.5% Correct:False
[START 1602/1977] DPZ 2021Q4 (LOSER)
[DEBUG] CompareWithPeers bucket size after helper: 2
[DEBUG] CompareWithPeers bucket size before helper: 0
[DEBUG] CompareWithPeers bucket size after helper: 0
[DEBUG] CompareWithPeers bucket size before helper: 8
[DONE 1593/1977] EXC: DOWN(D:4) TL:False Ret:10.2% Correct:False
[START 1603/1977] APTV 2021Q3 (LOSER)
[DEBUG] CompareWithPeers bucket size after helper: 8
[DONE 1594/1977] MCK: UP(D:6) TL:False Ret:15.7% Correct:True
[START 1604/1977] FDS 2020Q2 (GAINER)
[DEBUG] CompareWithPeers bucket size before helper: 3
[DEBUG] CompareWithPeers bucket size before helper: 2
[DEBUG] CompareWithPeers bucket size after helper: 3
[DEBUG] CompareWithPeers bucket size after helper: 2
[DEBUG] CompareWithPeers bucket size before helper: 2
[DONE 1595/1977] NEE: DOWN(D:4) TL:False Ret:-13.0% Correct:True
[START 1605/1977] RMD 2019Q4 (GAINER)
[DEBUG] CompareWithPeers bucket size after helper: 2
[DONE 1596/1977] DE: DOWN(D:4) TL:False Ret:-18.3% Correct:True
[START 1606/1977] ROST 2022Q3 (GAINER)
[DONE 1597/1977] GPN: UP(D:7) TL:False Ret:-16.2% Correct:False
[START 1607/1977] STLD 2019Q4 (LOSER)
[DEBUG] CompareWithPeers bucket size before helper: 3
[DEBUG] CompareWithPeers bucket size before helper: 4
[DEBUG] CompareWithPeers bucket size after helper: 3
[DONE 1598/1977] IR: UP(D:6) TL:False Ret:20.7% Correct:True
[START 1608/1977] USB 2019Q3 (GAINER)
[DEBUG] CompareWithPeers bucket size after helper: 4
[DEBUG] CompareWithPeers bucket size before helper: 0
[DEBUG] CompareWithPeers bucket size after helper: 0
[DONE 1599/1977] TEL: DOWN(D:4) TL:False Ret:-31.1% Correct:True
[START 1609/1977] KLAC 2019Q2 (GAINER)

======================================================================
📊 PROGRESS REPORT [1600/1977] (80.9%)
======================================================================
⏱️  Elapsed: 272.2 min | ETA: 64.1 min | Avg: 10.2s/sample
✅ Success: 1600 | ❌ Failed: 0
🎯 Overall Accuracy: 61.4% (982/1600)
📈 Long-only: 114 trades | Win Rate: 81.6% (93/114) | Avg Ret: +12.6%
💰 Total Cost: $6.8228 | Avg: $0.0043/sample
======================================================================

[DONE 1600/1977] NFLX: UP(D:6) TL:False Ret:10.9% Correct:True
[START 1610/1977] GM 2022Q2 (GAINER)
[DEBUG] CompareWithPeers bucket size before helper: 2
[DEBUG] CompareWithPeers bucket size after helper: 2
[DONE 1601/1977] PANW: UP(D:6) TL:False Ret:14.4% Correct:True
[START 1611/1977] ETR 2019Q4 (LOSER)
[DEBUG] CompareWithPeers bucket size before helper: 0
[DEBUG] CompareWithPeers bucket size after helper: 0
[DONE 1602/1977] DPZ: DOWN(D:4) TL:False Ret:-10.1% Correct:True
[START 1612/1977] CMCSA 2022Q4 (LOSER)
[DEBUG] CompareWithPeers bucket size before helper: 2
[DEBUG] CompareWithPeers bucket size after helper: 2
[DONE 1603/1977] FDS: DOWN(D:4) TL:False Ret:18.6% Correct:False
[START 1613/1977] AZO 2022Q3 (GAINER)
[DEBUG] CompareWithPeers bucket size before helper: 4
[DEBUG] CompareWithPeers bucket size after helper: 4
[DEBUG] CompareWithPeers bucket size before helper: 0
[DEBUG] CompareWithPeers bucket size after helper: 0
[DEBUG] CompareWithPeers bucket size before helper: 0
[DEBUG] CompareWithPeers bucket size after helper: 0
[DEBUG] CompareWithPeers bucket size before helper: 3
[DONE 1604/1977] APTV: DOWN(D:4) TL:False Ret:-11.1% Correct:True
[START 1614/1977] DG 2022Q1 (GAINER)
[DEBUG] CompareWithPeers bucket size after helper: 3
[DONE 1605/1977] RMD: DOWN(D:4) TL:False Ret:11.8% Correct:False
[START 1615/1977] KMI 2021Q3 (LOSER)
[DONE 1606/1977] STLD: DOWN(D:4) TL:False Ret:-22.2% Correct:True
[START 1616/1977] ADBE 2022Q2 (GAINER)
[DONE 1607/1977] ROST: DOWN(D:4) TL:False Ret:20.0% Correct:False
[START 1617/1977] XYZ 2021Q3 (LOSER)
[DEBUG] CompareWithPeers bucket size before helper: 2
[DONE 1608/1977] USB: DOWN(D:4) TL:False Ret:12.0% Correct:False
[START 1618/1977] CPRT 2019Q2 (GAINER)
[DEBUG] CompareWithPeers bucket size after helper: 2
[DEBUG] CompareWithPeers bucket size before helper: 3
[DEBUG] CompareWithPeers bucket size after helper: 3
[DEBUG] CompareWithPeers bucket size before helper: 2
[DEBUG] CompareWithPeers bucket size before helper: 0
[DEBUG] CompareWithPeers bucket size after helper: 0
[DEBUG] CompareWithPeers bucket size after helper: 2
[DONE 1609/1977] KLAC: DOWN(D:4) TL:False Ret:16.0% Correct:False
[START 1619/1977] PTC 2020Q1 (LOSER)
[DEBUG] CompareWithPeers bucket size before helper: 3
[DONE 1610/1977] ETR: DOWN(D:4) TL:False Ret:-36.5% Correct:True
[START 1620/1977] IDXX 2019Q1 (GAINER)
[DONE 1611/1977] GM: DOWN(D:3) TL:False Ret:16.2% Correct:False
[START 1621/1977] PFG 2020Q4 (GAINER)
[DEBUG] CompareWithPeers bucket size after helper: 3
[DONE 1612/1977] CMCSA: DOWN(D:4) TL:False Ret:-11.9% Correct:True
[START 1622/1977] MHK 2023Q2 (LOSER)
[DEBUG] CompareWithPeers bucket size before helper: 3
[DEBUG] CompareWithPeers bucket size after helper: 3
[DEBUG] CompareWithPeers bucket size before helper: 4
[DONE 1613/1977] AZO: UP(D:6) TL:False Ret:20.9% Correct:True
[START 1623/1977] FTNT 2023Q1 (GAINER)
[DEBUG] CompareWithPeers bucket size after helper: 4
[DEBUG] CompareWithPeers bucket size before helper: 0
[DEBUG] CompareWithPeers bucket size after helper: 0
[DONE 1614/1977] KMI: DOWN(D:4) TL:False Ret:-16.4% Correct:True
[START 1624/1977] ANET 2020Q2 (LOSER)
[DEBUG] CompareWithPeers bucket size before helper: 3
[DONE 1615/1977] DG: DOWN(D:4) TL:False Ret:26.7% Correct:False
[START 1625/1977] DECK 2022Q4 (GAINER)
[DEBUG] CompareWithPeers bucket size before helper: 3
[DEBUG] CompareWithPeers bucket size after helper: 3
[DEBUG] CompareWithPeers bucket size after helper: 3
[DONE 1616/1977] CPRT: UP(D:6) TL:False Ret:17.8% Correct:True
[START 1626/1977] AMT 2019Q2 (GAINER)
[DEBUG] CompareWithPeers bucket size before helper: 0
[DEBUG] CompareWithPeers bucket size after helper: 0
[DONE 1617/1977] ADBE: UP(D:6) TL:False Ret:12.3% Correct:True
[START 1627/1977] TTD 2023Q4 (GAINER)
[DONE 1618/1977] XYZ: DOWN(D:4) TL:False Ret:-33.8% Correct:True
[START 1628/1977] FRT 2019Q4 (LOSER)
[DEBUG] CompareWithPeers bucket size before helper: 0
[DEBUG] CompareWithPeers bucket size after helper: 0
[DEBUG] CompareWithPeers bucket size before helper: 3
[DEBUG] CompareWithPeers bucket size before helper: 0
[DEBUG] CompareWithPeers bucket size after helper: 0
[DONE 1619/1977] PTC: UP(D:7) TL:False Ret:-16.8% Correct:False
[START 1629/1977] CSCO 2020Q2 (LOSER)
[DEBUG] CompareWithPeers bucket size after helper: 3
[DONE 1620/1977] IDXX: DOWN(D:5) TL:False Ret:15.2% Correct:False
[START 1630/1977] URI 2020Q3 (GAINER)
[DONE 1621/1977] PFG: DOWN(D:3) TL:False Ret:16.6% Correct:False
[START 1631/1977] DLTR 2020Q1 (GAINER)
[DONE 1622/1977] MHK: DOWN(D:3) TL:False Ret:-18.8% Correct:True
[START 1632/1977] UBER 2022Q1 (LOSER)
[DEBUG] CompareWithPeers bucket size before helper: 2
[DEBUG] CompareWithPeers bucket size after helper: 2
[DONE 1623/1977] FTNT: UP(D:8) TL:True Ret:17.1% Correct:True
[START 1633/1977] AOS 2020Q4 (GAINER)
[DEBUG] CompareWithPeers bucket size before helper: 3
[DEBUG] CompareWithPeers bucket size after helper: 3
[DEBUG] CompareWithPeers bucket size before helper: 2
[DEBUG] CompareWithPeers bucket size after helper: 2
[DEBUG] CompareWithPeers bucket size before helper: 0
[DEBUG] CompareWithPeers bucket size after helper: 0
[DONE 1624/1977] TTD: DOWN(D:4) TL:False Ret:15.0% Correct:False
[START 1634/1977] UBER 2022Q2 (GAINER)
[DEBUG] CompareWithPeers bucket size before helper: 3

======================================================================
📊 PROGRESS REPORT [1625/1977] (82.2%)
======================================================================
⏱️  Elapsed: 276.3 min | ETA: 59.8 min | Avg: 10.2s/sample
✅ Success: 1625 | ❌ Failed: 0
🎯 Overall Accuracy: 61.2% (995/1625)
📈 Long-only: 115 trades | Win Rate: 81.7% (94/115) | Avg Ret: +12.7%
💰 Total Cost: $6.9269 | Avg: $0.0043/sample
======================================================================

[DONE 1625/1977] CSCO: UP(D:3) TL:False Ret:-22.3% Correct:False
[START 1635/1977] PSKY 2023Q1 (LOSER)
[DEBUG] CompareWithPeers bucket size after helper: 3
[DEBUG] CompareWithPeers bucket size before helper: 2
[DEBUG] CompareWithPeers bucket size before helper: 3
[DEBUG] CompareWithPeers bucket size after helper: 2
[DONE 1626/1977] FRT: DOWN(D:4) TL:False Ret:-38.6% Correct:True
[START 1636/1977] SHW 2019Q4 (LOSER)
[DEBUG] CompareWithPeers bucket size after helper: 3
[DEBUG] CompareWithPeers bucket size before helper: 0
[DEBUG] CompareWithPeers bucket size after helper: 0
[DONE 1627/1977] AMT: DOWN(D:4) TL:False Ret:13.6% Correct:False
[START 1637/1977] CAT 2022Q4 (LOSER)
[DONE 1628/1977] ANET: DOWN(D:4) TL:False Ret:-23.3% Correct:True
[START 1638/1977] POOL 2022Q4 (LOSER)
[DONE 1629/1977] UBER: UP(D:6) TL:False Ret:-30.5% Correct:False
[START 1639/1977] CTSH 2020Q3 (GAINER)
[DONE 1630/1977] URI: UP(D:6) TL:False Ret:41.0% Correct:True
[START 1640/1977] ADSK 2022Q3 (LOSER)
[DEBUG] CompareWithPeers bucket size before helper: 3
[DEBUG] CompareWithPeers bucket size before helper: 2
[DEBUG] CompareWithPeers bucket size after helper: 3
[DEBUG] CompareWithPeers bucket size after helper: 2
[DEBUG] CompareWithPeers bucket size before helper: 2
[DEBUG] CompareWithPeers bucket size before helper: 2
[DEBUG] CompareWithPeers bucket size after helper: 2
[DEBUG] CompareWithPeers bucket size after helper: 2
[DONE 1631/1977] UBER: DOWN(D:4) TL:False Ret:34.3% Correct:False
[START 1641/1977] AXP 2022Q1 (LOSER)
[DEBUG] CompareWithPeers bucket size before helper: 0
[DEBUG] CompareWithPeers bucket size after helper: 0
[DONE 1632/1977] DECK: DOWN(D:5) TL:False Ret:14.7% Correct:False
[START 1642/1977] BALL 2019Q4 (LOSER)
[DONE 1633/1977] AOS: DOWN(D:4) TL:False Ret:21.0% Correct:False
[START 1643/1977] UHS 2022Q3 (GAINER)
[DONE 1634/1977] SHW: DOWN(D:3) TL:False Ret:-15.4% Correct:True
[START 1644/1977] MHK 2020Q2 (GAINER)
[DONE 1635/1977] DLTR: DOWN(D:4) TL:False Ret:18.0% Correct:False
[START 1645/1977] DOC 2022Q1 (LOSER)
[DEBUG] CompareWithPeers bucket size before helper: 4
[DEBUG] CompareWithPeers bucket size after helper: 4
[DEBUG] CompareWithPeers bucket size before helper: 3
[DEBUG] CompareWithPeers bucket size after helper: 3
[DEBUG] CompareWithPeers bucket size before helper: 2
[DEBUG] CompareWithPeers bucket size after helper: 2
[DEBUG] CompareWithPeers bucket size before helper: 0
[DEBUG] CompareWithPeers bucket size after helper: 0
[DONE 1636/1977] ADSK: DOWN(D:3) TL:False Ret:-13.7% Correct:True
[START 1646/1977] ISRG 2019Q3 (GAINER)
[DONE 1637/1977] PSKY: DOWN(D:4) TL:False Ret:-28.6% Correct:True
[START 1647/1977] ROST 2021Q2 (LOSER)
[DONE 1638/1977] CTSH: DOWN(D:5) TL:False Ret:10.4% Correct:False
[START 1648/1977] COP 2022Q3 (LOSER)
[DEBUG] CompareWithPeers bucket size before helper: 0
[DEBUG] CompareWithPeers bucket size after helper: 0
[DONE 1639/1977] CAT: DOWN(D:4) TL:False Ret:-16.9% Correct:True
[START 1649/1977] DELL 2022Q4 (LOSER)
[DEBUG] CompareWithPeers bucket size before helper: 3
[DEBUG] CompareWithPeers bucket size after helper: 3
[DONE 1640/1977] POOL: DOWN(D:4) TL:False Ret:-11.0% Correct:True
[START 1650/1977] CRM 2021Q3 (LOSER)
[DEBUG] CompareWithPeers bucket size before helper: 3
[DEBUG] CompareWithPeers bucket size before helper: 3
[DEBUG] CompareWithPeers bucket size after helper: 3
[DEBUG] CompareWithPeers bucket size after helper: 3
[DEBUG] CompareWithPeers bucket size before helper: 3
[DONE 1641/1977] AXP: UP(D:6) TL:False Ret:-10.1% Correct:False
[START 1651/1977] EPAM 2023Q1 (LOSER)
[DEBUG] CompareWithPeers bucket size after helper: 3
[DEBUG] CompareWithPeers bucket size before helper: 3
[DEBUG] CompareWithPeers bucket size after helper: 3
[DONE 1642/1977] UHS: DOWN(D:4) TL:False Ret:34.1% Correct:False
[START 1652/1977] T 2022Q2 (LOSER)
[DEBUG] CompareWithPeers bucket size before helper: 4
[DONE 1643/1977] BALL: DOWN(D:4) TL:False Ret:-28.4% Correct:True
[START 1653/1977] OXY 2020Q1 (GAINER)
[DEBUG] CompareWithPeers bucket size after helper: 4
[DONE 1644/1977] DOC: DOWN(D:4) TL:False Ret:-27.0% Correct:True
[START 1654/1977] MU 2022Q4 (GAINER)
[DEBUG] CompareWithPeers bucket size before helper: 2
[DEBUG] CompareWithPeers bucket size after helper: 2
[DEBUG] CompareWithPeers bucket size before helper: 4
[DONE 1645/1977] MHK: DOWN(D:3) TL:False Ret:11.0% Correct:False
[START 1655/1977] BX 2019Q4 (LOSER)
[DEBUG] CompareWithPeers bucket size after helper: 4
[DONE 1646/1977] ISRG: UP(D:7) TL:False Ret:10.9% Correct:True
[START 1656/1977] CAH 2021Q1 (GAINER)
[DEBUG] CompareWithPeers bucket size before helper: 2
[DEBUG] CompareWithPeers bucket size after helper: 2
[DEBUG] CompareWithPeers bucket size before helper: 3
[DONE 1647/1977] COP: DOWN(D:4) TL:False Ret:-12.7% Correct:True
[START 1657/1977] XYL 2023Q2 (LOSER)
[DONE 1648/1977] ROST: UP(D:7) TL:True Ret:-10.4% Correct:False
[START 1658/1977] ADI 2020Q4 (GAINER)
[DEBUG] CompareWithPeers bucket size after helper: 3
[DONE 1649/1977] DELL: DOWN(D:3) TL:False Ret:-15.1% Correct:True
[START 1659/1977] CAH 2021Q4 (LOSER)

======================================================================
📊 PROGRESS REPORT [1650/1977] (83.5%)
======================================================================
⏱️  Elapsed: 280.0 min | ETA: 55.5 min | Avg: 10.2s/sample
✅ Success: 1650 | ❌ Failed: 0
🎯 Overall Accuracy: 61.1% (1008/1650)
📈 Long-only: 116 trades | Win Rate: 81.0% (94/116) | Avg Ret: +12.5%
💰 Total Cost: $7.0353 | Avg: $0.0043/sample
======================================================================

[DONE 1650/1977] CRM: UP(D:6) TL:False Ret:-11.7% Correct:False
[START 1660/1977] WTW 2022Q3 (GAINER)
[DEBUG] CompareWithPeers bucket size before helper: 2
[DEBUG] CompareWithPeers bucket size before helper: 0
[DEBUG] CompareWithPeers bucket size after helper: 0
[DEBUG] CompareWithPeers bucket size before helper: 2
[DEBUG] CompareWithPeers bucket size after helper: 2
[DEBUG] CompareWithPeers bucket size after helper: 2
[DEBUG] CompareWithPeers bucket size before helper: 3
[DEBUG] CompareWithPeers bucket size before helper: 3
[DONE 1651/1977] EPAM: DOWN(D:3) TL:False Ret:-19.0% Correct:True
[START 1661/1977] NCLH 2023Q2 (LOSER)
[DEBUG] CompareWithPeers bucket size after helper: 3
[DEBUG] CompareWithPeers bucket size after helper: 3
[DONE 1652/1977] MU: DOWN(D:3) TL:False Ret:18.2% Correct:False
[START 1662/1977] NEE 2021Q1 (LOSER)
[DEBUG] CompareWithPeers bucket size before helper: 3
[DEBUG] CompareWithPeers bucket size after helper: 3
[DONE 1653/1977] OXY: DOWN(D:3) TL:False Ret:28.4% Correct:False
[START 1663/1977] CINF 2019Q1 (GAINER)
[DEBUG] CompareWithPeers bucket size before helper: 5
[DONE 1654/1977] CAH: UP(D:7) TL:False Ret:11.2% Correct:True
[START 1664/1977] GWW 2019Q4 (LOSER)
[DEBUG] CompareWithPeers bucket size before helper: 2
[DONE 1655/1977] T: DOWN(D:4) TL:False Ret:-14.6% Correct:True
[START 1665/1977] COO 2019Q3 (LOSER)
[DEBUG] CompareWithPeers bucket size after helper: 5
[DEBUG] CompareWithPeers bucket size after helper: 2
[DONE 1656/1977] BX: UP(D:6) TL:False Ret:-25.4% Correct:False
[START 1666/1977] EVRG 2021Q4 (GAINER)
[DEBUG] CompareWithPeers bucket size before helper: 3
[DEBUG] CompareWithPeers bucket size after helper: 3
[DONE 1657/1977] ADI: UP(D:7) TL:False Ret:14.4% Correct:True
[START 1667/1977] EIX 2022Q1 (LOSER)
[DONE 1658/1977] XYL: UP(D:7) TL:False Ret:-13.9% Correct:False
[START 1668/1977] KHC 2021Q4 (GAINER)
[DONE 1659/1977] WTW: DOWN(D:4) TL:False Ret:15.9% Correct:False
[START 1669/1977] CPB 2019Q2 (GAINER)
[DEBUG] CompareWithPeers bucket size before helper: 3
[DEBUG] CompareWithPeers bucket size before helper: 3
[DEBUG] CompareWithPeers bucket size before helper: 2
[DEBUG] CompareWithPeers bucket size before helper: 0
[DEBUG] CompareWithPeers bucket size after helper: 0
[DEBUG] CompareWithPeers bucket size after helper: 3
[DEBUG] CompareWithPeers bucket size after helper: 3
[DEBUG] CompareWithPeers bucket size after helper: 2
[DEBUG] CompareWithPeers bucket size before helper: 2
[DEBUG] CompareWithPeers bucket size before helper: 4
[DONE 1660/1977] CINF: DOWN(D:4) TL:False Ret:17.0% Correct:False
[START 1670/1977] ACGL 2020Q3 (GAINER)
[DONE 1661/1977] CAH: DOWN(D:2) TL:False Ret:-10.9% Correct:True
[START 1671/1977] COIN 2021Q3 (LOSER)
[DEBUG] CompareWithPeers bucket size after helper: 2
[DEBUG] CompareWithPeers bucket size after helper: 4
[DONE 1662/1977] NCLH: DOWN(D:4) TL:False Ret:-25.9% Correct:True
[START 1672/1977] RL 2020Q3 (LOSER)
[DONE 1663/1977] NEE: DOWN(D:3) TL:False Ret:-10.1% Correct:True
[START 1673/1977] ORCL 2020Q3 (GAINER)
[DONE 1664/1977] COO: UP(D:6) TL:False Ret:-11.0% Correct:False
[START 1674/1977] TSN 2023Q4 (GAINER)
[DEBUG] CompareWithPeers bucket size before helper: 3
[DONE 1665/1977] GWW: DOWN(D:3) TL:False Ret:-18.8% Correct:True
[START 1675/1977] MMC 2019Q4 (LOSER)
[DEBUG] CompareWithPeers bucket size after helper: 3
[DEBUG] CompareWithPeers bucket size before helper: 3
[DEBUG] CompareWithPeers bucket size before helper: 3
[DEBUG] CompareWithPeers bucket size after helper: 3
[DEBUG] CompareWithPeers bucket size after helper: 3
[DONE 1666/1977] EIX: DOWN(D:5) TL:False Ret:-11.8% Correct:True
[START 1676/1977] BLDR 2021Q3 (GAINER)
[DONE 1667/1977] EVRG: DOWN(D:4) TL:False Ret:17.4% Correct:False
[START 1677/1977] PM 2021Q4 (LOSER)
[DEBUG] CompareWithPeers bucket size before helper: 3
[DEBUG] CompareWithPeers bucket size after helper: 3
[DEBUG] CompareWithPeers bucket size before helper: 4
[DEBUG] CompareWithPeers bucket size before helper: 3
[DEBUG] CompareWithPeers bucket size before helper: 3
[DEBUG] CompareWithPeers bucket size after helper: 4
[DONE 1668/1977] KHC: DOWN(D:4) TL:False Ret:13.6% Correct:False
[START 1678/1977] SLB 2023Q3 (LOSER)
[DEBUG] CompareWithPeers bucket size before helper: 2
[DEBUG] CompareWithPeers bucket size after helper: 3
[DEBUG] CompareWithPeers bucket size after helper: 3
[DEBUG] CompareWithPeers bucket size after helper: 2
[DONE 1669/1977] CPB: DOWN(D:4) TL:False Ret:18.9% Correct:False
[START 1679/1977] AAPL 2023Q4 (GAINER)
[DEBUG] CompareWithPeers bucket size before helper: 0
[DEBUG] CompareWithPeers bucket size after helper: 0
[DONE 1670/1977] ACGL: DOWN(D:5) TL:False Ret:10.3% Correct:False
[START 1680/1977] VTR 2019Q3 (LOSER)
[DONE 1671/1977] TSN: DOWN(D:4) TL:False Ret:12.5% Correct:False
[START 1681/1977] CFG 2023Q1 (LOSER)
[DONE 1672/1977] COIN: UP(D:3) TL:False Ret:-25.0% Correct:False
[START 1682/1977] MU 2019Q3 (GAINER)
[DONE 1673/1977] RL: DOWN(D:4) TL:False Ret:-35.0% Correct:True
[START 1683/1977] PKG 2021Q2 (GAINER)
[DONE 1674/1977] ORCL: UP(D:6) TL:False Ret:34.1% Correct:True
[START 1684/1977] NEM 2019Q1 (GAINER)
[DEBUG] CompareWithPeers bucket size before helper: 0
[DEBUG] CompareWithPeers bucket size after helper: 0
[DEBUG] CompareWithPeers bucket size before helper: 3
[DEBUG] CompareWithPeers bucket size after helper: 3

======================================================================
📊 PROGRESS REPORT [1675/1977] (84.7%)
======================================================================
⏱️  Elapsed: 283.3 min | ETA: 51.1 min | Avg: 10.1s/sample
✅ Success: 1675 | ❌ Failed: 0
🎯 Overall Accuracy: 60.9% (1020/1675)
📈 Long-only: 116 trades | Win Rate: 81.0% (94/116) | Avg Ret: +12.5%
💰 Total Cost: $7.1435 | Avg: $0.0043/sample
======================================================================

[DONE 1675/1977] MMC: DOWN(D:4) TL:False Ret:-14.9% Correct:True
[START 1685/1977] WDAY 2019Q2 (LOSER)
[DONE 1676/1977] PM: UP(D:7) TL:False Ret:-10.2% Correct:False
[START 1686/1977] IBM 2023Q4 (GAINER)
[DEBUG] CompareWithPeers bucket size before helper: 4
[DEBUG] CompareWithPeers bucket size after helper: 4
[DEBUG] CompareWithPeers bucket size before helper: 6
[DEBUG] CompareWithPeers bucket size after helper: 6
[DEBUG] CompareWithPeers bucket size before helper: 5
[DONE 1677/1977] BLDR: UP(D:7) TL:True Ret:27.5% Correct:True
[START 1687/1977] MSCI 2021Q2 (GAINER)
[DEBUG] CompareWithPeers bucket size after helper: 5
[DONE 1678/1977] SLB: UP(D:6) TL:False Ret:-13.2% Correct:False
[START 1688/1977] COIN 2022Q1 (LOSER)
[DEBUG] CompareWithPeers bucket size before helper: 0
[DEBUG] CompareWithPeers bucket size after helper: 0
[DEBUG] CompareWithPeers bucket size before helper: 4
[DONE 1679/1977] AAPL: DOWN(D:4) TL:False Ret:10.3% Correct:False
[START 1689/1977] PAYC 2020Q4 (LOSER)
[DEBUG] CompareWithPeers bucket size before helper: 0
[DEBUG] CompareWithPeers bucket size after helper: 0
[DEBUG] CompareWithPeers bucket size after helper: 4
[DONE 1680/1977] MU: UP(D:7) TL:False Ret:30.4% Correct:True
[START 1690/1977] DXCM 2020Q3 (LOSER)
[DONE 1681/1977] PKG: UP(D:6) TL:False Ret:12.7% Correct:True
[START 1691/1977] BG 2019Q4 (LOSER)
[DONE 1682/1977] VTR: DOWN(D:4) TL:False Ret:-20.7% Correct:True
[START 1692/1977] KIM 2022Q1 (LOSER)
[DEBUG] CompareWithPeers bucket size before helper: 0
[DEBUG] CompareWithPeers bucket size after helper: 0
[DEBUG] CompareWithPeers bucket size before helper: 0
[DEBUG] CompareWithPeers bucket size after helper: 0
[DEBUG] CompareWithPeers bucket size before helper: 2
[DEBUG] CompareWithPeers bucket size after helper: 2
[DEBUG] CompareWithPeers bucket size before helper: 4
[DEBUG] CompareWithPeers bucket size before helper: 4
[DEBUG] CompareWithPeers bucket size after helper: 4
[DEBUG] CompareWithPeers bucket size after helper: 4
[DONE 1683/1977] CFG: DOWN(D:3) TL:False Ret:-13.3% Correct:True
[START 1693/1977] HSIC 2019Q1 (GAINER)
[DONE 1684/1977] IBM: UP(D:4) TL:False Ret:12.7% Correct:True
[START 1694/1977] DG 2021Q2 (LOSER)
[DONE 1685/1977] NEM: UP(D:6) TL:False Ret:10.8% Correct:True
[START 1695/1977] HON 2019Q4 (LOSER)
[DONE 1686/1977] MSCI: UP(D:8) TL:True Ret:14.5% Correct:True
[START 1696/1977] NWSA 2019Q3 (GAINER)
[DEBUG] CompareWithPeers bucket size before helper: 2
[DONE 1687/1977] WDAY: DOWN(D:3) TL:False Ret:-12.4% Correct:True
[START 1697/1977] RJF 2021Q1 (GAINER)
[DEBUG] CompareWithPeers bucket size after helper: 2
[DEBUG] CompareWithPeers bucket size before helper: 5
[DEBUG] CompareWithPeers bucket size before helper: 0
[DEBUG] CompareWithPeers bucket size after helper: 0
[DEBUG] CompareWithPeers bucket size after helper: 5
[DEBUG] CompareWithPeers bucket size before helper: 3
[DONE 1688/1977] COIN: DOWN(D:3) TL:False Ret:-14.1% Correct:True
[START 1698/1977] PNR 2019Q1 (LOSER)
[DEBUG] CompareWithPeers bucket size after helper: 3
[DONE 1689/1977] PAYC: DOWN(D:4) TL:False Ret:-16.2% Correct:True
[START 1699/1977] EXR 2019Q4 (LOSER)
[DEBUG] CompareWithPeers bucket size before helper: 0
[DEBUG] CompareWithPeers bucket size after helper: 0
[DONE 1690/1977] KIM: UP(D:8) TL:True Ret:-18.2% Correct:False
[START 1700/1977] BKR 2019Q4 (LOSER)
[DEBUG] CompareWithPeers bucket size before helper: 2
[DONE 1691/1977] DXCM: UP(D:7) TL:False Ret:-20.2% Correct:False
[START 1701/1977] AMD 2023Q3 (GAINER)
[DEBUG] CompareWithPeers bucket size after helper: 2
[DONE 1692/1977] BG: DOWN(D:5) TL:False Ret:-31.6% Correct:True
[START 1702/1977] CRWD 2023Q2 (LOSER)
[DEBUG] CompareWithPeers bucket size before helper: 4
[DEBUG] CompareWithPeers bucket size after helper: 4
[DONE 1693/1977] HSIC: UP(D:7) TL:False Ret:13.9% Correct:True
[START 1703/1977] MOS 2020Q3 (GAINER)
[DEBUG] CompareWithPeers bucket size before helper: 0
[DEBUG] CompareWithPeers bucket size after helper: 0
[DONE 1694/1977] DG: DOWN(D:3) TL:False Ret:-10.4% Correct:True
[START 1704/1977] STT 2023Q1 (LOSER)
[DEBUG] CompareWithPeers bucket size before helper: 4
[DONE 1695/1977] HON: DOWN(D:3) TL:False Ret:-24.2% Correct:True
[START 1705/1977] SNPS 2020Q2 (GAINER)
[DEBUG] CompareWithPeers bucket size after helper: 4
[DEBUG] CompareWithPeers bucket size before helper: 0
[DEBUG] CompareWithPeers bucket size after helper: 0
[DEBUG] CompareWithPeers bucket size before helper: 5
[DEBUG] CompareWithPeers bucket size after helper: 5
[DONE 1696/1977] RJF: UP(D:6) TL:False Ret:25.5% Correct:True
[START 1706/1977] MOS 2022Q4 (LOSER)
[DONE 1697/1977] NWSA: DOWN(D:4) TL:False Ret:18.5% Correct:False
[START 1707/1977] MHK 2022Q4 (LOSER)
[DEBUG] CompareWithPeers bucket size before helper: 3
[DONE 1698/1977] PNR: DOWN(D:3) TL:False Ret:-14.0% Correct:True
[START 1708/1977] NRG 2019Q1 (LOSER)
[DEBUG] CompareWithPeers bucket size before helper: 3
[DEBUG] CompareWithPeers bucket size after helper: 3
[DEBUG] CompareWithPeers bucket size after helper: 3
[DEBUG] CompareWithPeers bucket size before helper: 0
[DEBUG] CompareWithPeers bucket size after helper: 0
[DEBUG] CompareWithPeers bucket size before helper: 4
[DONE 1699/1977] BKR: DOWN(D:4) TL:False Ret:-25.4% Correct:True
[START 1709/1977] XOM 2020Q3 (GAINER)
[DEBUG] CompareWithPeers bucket size before helper: 4
[DEBUG] CompareWithPeers bucket size after helper: 4
[DEBUG] CompareWithPeers bucket size before helper: 0
[DEBUG] CompareWithPeers bucket size after helper: 0

======================================================================
📊 PROGRESS REPORT [1700/1977] (86.0%)
======================================================================
⏱️  Elapsed: 287.3 min | ETA: 46.8 min | Avg: 10.1s/sample
✅ Success: 1700 | ❌ Failed: 0
🎯 Overall Accuracy: 61.1% (1039/1700)
📈 Long-only: 119 trades | Win Rate: 80.7% (96/119) | Avg Ret: +12.3%
💰 Total Cost: $7.2489 | Avg: $0.0043/sample
======================================================================

[DONE 1700/1977] MOS: UP(D:6) TL:False Ret:15.6% Correct:True
[START 1710/1977] CNC 2019Q3 (GAINER)
[DONE 1701/1977] EXR: DOWN(D:3) TL:False Ret:-18.5% Correct:True
[START 1711/1977] DLTR 2019Q4 (GAINER)
[DEBUG] CompareWithPeers bucket size after helper: 4
[DONE 1702/1977] STT: DOWN(D:3) TL:False Ret:-13.4% Correct:True
[START 1712/1977] HIG 2019Q4 (LOSER)
[DONE 1703/1977] CRWD: DOWN(D:3) TL:False Ret:-21.1% Correct:True
[START 1713/1977] CPAY 2021Q3 (LOSER)
[DONE 1704/1977] AMD: UP(D:8) TL:True Ret:40.1% Correct:True
[START 1714/1977] TTWO 2020Q3 (LOSER)
[DEBUG] CompareWithPeers bucket size before helper: 2
[DEBUG] CompareWithPeers bucket size after helper: 2
[DONE 1705/1977] NRG: DOWN(D:4) TL:False Ret:-14.2% Correct:True
[START 1715/1977] HOLX 2021Q2 (LOSER)
[DEBUG] CompareWithPeers bucket size before helper: 0
[DEBUG] CompareWithPeers bucket size after helper: 0
[DEBUG] CompareWithPeers bucket size before helper: 0
[DEBUG] CompareWithPeers bucket size after helper: 0
[DONE 1706/1977] SNPS: UP(D:6) TL:False Ret:20.5% Correct:True
[START 1716/1977] TAP 2020Q1 (LOSER)
[DONE 1707/1977] CNC: DOWN(D:4) TL:False Ret:13.1% Correct:False
[START 1717/1977] WBD 2023Q4 (LOSER)
[DEBUG] CompareWithPeers bucket size before helper: 0
[DEBUG] CompareWithPeers bucket size after helper: 0
[DEBUG] CompareWithPeers bucket size before helper: 0
[DEBUG] CompareWithPeers bucket size after helper: 0
[DEBUG] CompareWithPeers bucket size before helper: 3
[DEBUG] CompareWithPeers bucket size after helper: 3
[DONE 1708/1977] TTWO: DOWN(D:3) TL:False Ret:-14.0% Correct:True
[START 1718/1977] LULU 2021Q4 (LOSER)
[DONE 1709/1977] MOS: DOWN(D:4) TL:False Ret:-13.0% Correct:True
[START 1719/1977] TER 2019Q4 (LOSER)
[DEBUG] CompareWithPeers bucket size before helper: 0
[DEBUG] CompareWithPeers bucket size after helper: 0
[DEBUG] CompareWithPeers bucket size before helper: 0
[DEBUG] CompareWithPeers bucket size after helper: 0
[DEBUG] CompareWithPeers bucket size before helper: 3
[DONE 1710/1977] CPAY: UP(D:7) TL:False Ret:-11.5% Correct:False
[START 1720/1977] STLD 2021Q1 (GAINER)
[DONE 1711/1977] DLTR: UP(D:6) TL:False Ret:13.1% Correct:True
[START 1721/1977] BBY 2023Q2 (LOSER)
[DONE 1712/1977] MHK: DOWN(D:3) TL:False Ret:-21.4% Correct:True
[START 1722/1977] WBD 2022Q1 (LOSER)
[DEBUG] CompareWithPeers bucket size after helper: 3
[DEBUG] CompareWithPeers bucket size before helper: 0
[DEBUG] CompareWithPeers bucket size after helper: 0
[DONE 1713/1977] XOM: DOWN(D:4) TL:False Ret:28.1% Correct:False
[START 1723/1977] APP 2021Q4 (LOSER)
[DEBUG] CompareWithPeers bucket size before helper: 0
[DEBUG] CompareWithPeers bucket size after helper: 0
[DEBUG] CompareWithPeers bucket size before helper: 0
[DEBUG] CompareWithPeers bucket size after helper: 0
[DONE 1714/1977] HOLX: DOWN(D:3) TL:False Ret:-12.4% Correct:True
[START 1724/1977] PEG 2023Q4 (GAINER)
[DONE 1715/1977] HIG: DOWN(D:3) TL:False Ret:-56.4% Correct:True
[START 1725/1977] IQV 2020Q1 (GAINER)
[DEBUG] CompareWithPeers bucket size before helper: 4
[DEBUG] CompareWithPeers bucket size after helper: 4
[DEBUG] CompareWithPeers bucket size before helper: 0
[DEBUG] CompareWithPeers bucket size after helper: 0
[DEBUG] CompareWithPeers bucket size before helper: 3
[DONE 1716/1977] TAP: DOWN(D:3) TL:False Ret:-17.6% Correct:True
[START 1726/1977] ADP 2022Q4 (GAINER)
[DEBUG] CompareWithPeers bucket size before helper: 0
[DEBUG] CompareWithPeers bucket size after helper: 0
[DEBUG] CompareWithPeers bucket size after helper: 3
[DONE 1717/1977] LULU: DOWN(D:4) TL:False Ret:-14.5% Correct:True
[START 1727/1977] TGT 2021Q3 (LOSER)
[DONE 1718/1977] WBD: DOWN(D:3) TL:False Ret:-10.9% Correct:True
[START 1728/1977] CNC 2019Q2 (LOSER)
[DONE 1719/1977] TER: DOWN(D:4) TL:False Ret:-19.9% Correct:True
[START 1729/1977] ROST 2023Q3 (GAINER)
[DONE 1720/1977] STLD: DOWN(D:4) TL:False Ret:24.5% Correct:False
[START 1730/1977] RSG 2023Q3 (GAINER)
[DEBUG] CompareWithPeers bucket size before helper: 3
[DEBUG] CompareWithPeers bucket size before helper: 2
[DEBUG] CompareWithPeers bucket size after helper: 3
[DEBUG] CompareWithPeers bucket size after helper: 2
[DONE 1721/1977] APP: DOWN(D:4) TL:False Ret:-27.1% Correct:True
[START 1731/1977] ROL 2020Q2 (GAINER)
[DONE 1722/1977] WBD: DOWN(D:4) TL:False Ret:-22.5% Correct:True
[START 1732/1977] SYF 2021Q4 (LOSER)
[DEBUG] CompareWithPeers bucket size before helper: 2
[DEBUG] CompareWithPeers bucket size after helper: 2
[DEBUG] CompareWithPeers bucket size before helper: 4
[DEBUG] CompareWithPeers bucket size before helper: 0
[DEBUG] CompareWithPeers bucket size after helper: 0
[DEBUG] CompareWithPeers bucket size after helper: 4
[DEBUG] CompareWithPeers bucket size before helper: 2
[DONE 1723/1977] BBY: DOWN(D:3) TL:False Ret:-14.2% Correct:True
[START 1733/1977] SHW 2021Q3 (GAINER)
[DEBUG] CompareWithPeers bucket size after helper: 2
[DONE 1724/1977] IQV: DOWN(D:4) TL:False Ret:11.6% Correct:False
[START 1734/1977] CPRT 2023Q2 (GAINER)
[DEBUG] CompareWithPeers bucket size before helper: 4
[DEBUG] CompareWithPeers bucket size after helper: 4

======================================================================
📊 PROGRESS REPORT [1725/1977] (87.3%)
======================================================================
⏱️  Elapsed: 291.7 min | ETA: 42.6 min | Avg: 10.1s/sample
✅ Success: 1725 | ❌ Failed: 0
🎯 Overall Accuracy: 61.3% (1058/1725)
📈 Long-only: 120 trades | Win Rate: 80.8% (97/120) | Avg Ret: +12.6%
💰 Total Cost: $7.3471 | Avg: $0.0043/sample
======================================================================

[DONE 1725/1977] PEG: DOWN(D:4) TL:False Ret:10.6% Correct:False
[START 1735/1977] WFC 2023Q4 (GAINER)
[DEBUG] CompareWithPeers bucket size before helper: 0
[DEBUG] CompareWithPeers bucket size after helper: 0
[DONE 1726/1977] ADP: DOWN(D:4) TL:False Ret:11.0% Correct:False
[START 1736/1977] TPR 2019Q2 (LOSER)
[DEBUG] CompareWithPeers bucket size before helper: 2
[DONE 1727/1977] ROST: DOWN(D:4) TL:False Ret:11.1% Correct:False
[START 1737/1977] LDOS 2023Q4 (GAINER)
[DEBUG] CompareWithPeers bucket size after helper: 2
[DONE 1728/1977] CNC: UP(D:7) TL:False Ret:-12.6% Correct:False
[START 1738/1977] CRM 2023Q2 (LOSER)
[DEBUG] CompareWithPeers bucket size before helper: 4
[DEBUG] CompareWithPeers bucket size after helper: 4
[DONE 1729/1977] ROL: DOWN(D:4) TL:False Ret:10.7% Correct:False
[START 1739/1977] ZBRA 2023Q2 (LOSER)
[DEBUG] CompareWithPeers bucket size before helper: 4
[DEBUG] CompareWithPeers bucket size after helper: 4
[DEBUG] CompareWithPeers bucket size before helper: 3
[DONE 1730/1977] RSG: UP(D:7) TL:False Ret:11.2% Correct:True
[START 1740/1977] STE 2023Q3 (LOSER)
[DEBUG] CompareWithPeers bucket size after helper: 3
[DONE 1731/1977] TGT: DOWN(D:3) TL:False Ret:-13.1% Correct:True
[START 1741/1977] STE 2023Q4 (GAINER)
[DEBUG] CompareWithPeers bucket size before helper: 0
[DEBUG] CompareWithPeers bucket size after helper: 0
[DEBUG] CompareWithPeers bucket size before helper: 4
[DEBUG] CompareWithPeers bucket size before helper: 3
[DEBUG] CompareWithPeers bucket size before helper: 3
[DEBUG] CompareWithPeers bucket size after helper: 4
[DEBUG] CompareWithPeers bucket size after helper: 3
[DEBUG] CompareWithPeers bucket size after helper: 3
[DONE 1732/1977] SHW: DOWN(D:3) TL:False Ret:10.5% Correct:False
[START 1742/1977] GEN 2023Q3 (LOSER)
[DONE 1733/1977] CPRT: UP(D:6) TL:False Ret:10.6% Correct:True
[START 1743/1977] NVDA 2023Q1 (LOSER)
[DONE 1734/1977] SYF: DOWN(D:3) TL:False Ret:-20.1% Correct:True
[START 1744/1977] LW 2023Q4 (LOSER)
[DONE 1735/1977] TPR: DOWN(D:3) TL:False Ret:-21.3% Correct:True
[START 1745/1977] ABBV 2023Q1 (LOSER)
[DONE 1736/1977] WFC: DOWN(D:3) TL:False Ret:11.8% Correct:False
[START 1746/1977] COIN 2021Q2 (LOSER)
[DEBUG] CompareWithPeers bucket size before helper: 4
[DEBUG] CompareWithPeers bucket size before helper: 4
[DEBUG] CompareWithPeers bucket size after helper: 4
[DEBUG] CompareWithPeers bucket size after helper: 4
[DEBUG] CompareWithPeers bucket size before helper: 2
[DEBUG] CompareWithPeers bucket size after helper: 2
[DONE 1737/1977] ZBRA: DOWN(D:2) TL:False Ret:-18.8% Correct:True
[START 1747/1977] EQT 2021Q4 (GAINER)
[DONE 1738/1977] CRM: DOWN(D:4) TL:False Ret:-16.5% Correct:True
[START 1748/1977] IQV 2023Q4 (GAINER)
[DEBUG] CompareWithPeers bucket size before helper: 3
[DEBUG] CompareWithPeers bucket size before helper: 3
[DEBUG] CompareWithPeers bucket size after helper: 3
[DEBUG] CompareWithPeers bucket size before helper: 4
[DONE 1739/1977] LDOS: DOWN(D:4) TL:False Ret:13.9% Correct:False
[START 1749/1977] NWSA 2020Q2 (LOSER)
[DEBUG] CompareWithPeers bucket size after helper: 3
[DEBUG] CompareWithPeers bucket size after helper: 4
[DEBUG] CompareWithPeers bucket size before helper: 3
[DONE 1740/1977] STE: DOWN(D:3) TL:False Ret:-14.2% Correct:True
[START 1750/1977] PAYX 2021Q4 (GAINER)
[DEBUG] CompareWithPeers bucket size before helper: 2
[DEBUG] CompareWithPeers bucket size after helper: 3
[DEBUG] CompareWithPeers bucket size before helper: 3
[DEBUG] CompareWithPeers bucket size after helper: 2
[DEBUG] CompareWithPeers bucket size after helper: 3
[DEBUG] CompareWithPeers bucket size before helper: 3
[DONE 1741/1977] STE: DOWN(D:4) TL:False Ret:11.9% Correct:False
[START 1751/1977] GE 2019Q3 (GAINER)
[DONE 1742/1977] GEN: DOWN(D:3) TL:False Ret:-29.4% Correct:True
[START 1752/1977] IR 2020Q2 (GAINER)
[DEBUG] CompareWithPeers bucket size after helper: 3
[DONE 1743/1977] NVDA: UP(D:6) TL:False Ret:-11.2% Correct:False
[START 1753/1977] CDNS 2021Q4 (GAINER)
[DONE 1744/1977] COIN: DOWN(D:4) TL:False Ret:-11.9% Correct:True
[START 1754/1977] ORCL 2019Q2 (GAINER)
[DONE 1745/1977] ABBV: UP(D:6) TL:False Ret:-14.6% Correct:False
[START 1755/1977] AMAT 2021Q1 (GAINER)
[DONE 1746/1977] LW: DOWN(D:4) TL:False Ret:-14.2% Correct:True
[START 1756/1977] RMD 2022Q4 (LOSER)
[DEBUG] CompareWithPeers bucket size before helper: 0
[DEBUG] CompareWithPeers bucket size after helper: 0
[DEBUG] CompareWithPeers bucket size before helper: 3
[DEBUG] CompareWithPeers bucket size before helper: 3
[DEBUG] CompareWithPeers bucket size after helper: 3
[DEBUG] CompareWithPeers bucket size after helper: 3
[DONE 1747/1977] EQT: DOWN(D:4) TL:False Ret:59.7% Correct:False
[START 1757/1977] DVA 2022Q1 (LOSER)
[DEBUG] CompareWithPeers bucket size before helper: 4
[DEBUG] CompareWithPeers bucket size after helper: 4
[DONE 1748/1977] IQV: DOWN(D:4) TL:False Ret:17.5% Correct:False
[START 1758/1977] TRGP 2021Q4 (GAINER)
[DEBUG] CompareWithPeers bucket size before helper: 2
[DONE 1749/1977] NWSA: DOWN(D:4) TL:False Ret:-36.0% Correct:True
[START 1759/1977] CSGP 2022Q4 (LOSER)
[DEBUG] CompareWithPeers bucket size after helper: 2

======================================================================
📊 PROGRESS REPORT [1750/1977] (88.5%)
======================================================================
⏱️  Elapsed: 295.6 min | ETA: 38.3 min | Avg: 10.1s/sample
✅ Success: 1750 | ❌ Failed: 0
🎯 Overall Accuracy: 61.2% (1071/1750)
📈 Long-only: 121 trades | Win Rate: 81.0% (98/121) | Avg Ret: +12.6%
💰 Total Cost: $7.4549 | Avg: $0.0043/sample
======================================================================

[DONE 1750/1977] PAYX: UP(D:7) TL:True Ret:10.5% Correct:True
[START 1760/1977] EPAM 2019Q3 (GAINER)
[DEBUG] CompareWithPeers bucket size before helper: 0
[DEBUG] CompareWithPeers bucket size after helper: 0
[DONE 1751/1977] CDNS: UP(D:8) TL:True Ret:19.7% Correct:True
[START 1761/1977] NUE 2020Q2 (GAINER)
[DEBUG] CompareWithPeers bucket size before helper: 5
[DEBUG] CompareWithPeers bucket size before helper: 2
[DONE 1752/1977] GE: UP(D:6) TL:False Ret:26.1% Correct:True
[START 1762/1977] TDG 2020Q1 (LOSER)
[DEBUG] CompareWithPeers bucket size after helper: 5
[DEBUG] CompareWithPeers bucket size before helper: 3
[DEBUG] CompareWithPeers bucket size after helper: 2
[DEBUG] CompareWithPeers bucket size after helper: 3
[DEBUG] CompareWithPeers bucket size before helper: 2
[DEBUG] CompareWithPeers bucket size after helper: 2
[DONE 1753/1977] AMAT: UP(D:7) TL:True Ret:26.1% Correct:True
[START 1763/1977] MGM 2023Q2 (LOSER)
[DONE 1754/1977] ORCL: DOWN(D:4) TL:False Ret:11.1% Correct:False
[START 1764/1977] TECH 2023Q2 (LOSER)
[DONE 1755/1977] IR: DOWN(D:4) TL:False Ret:13.2% Correct:False
[START 1765/1977] BLDR 2021Q4 (LOSER)
[DONE 1756/1977] RMD: DOWN(D:4) TL:False Ret:-11.9% Correct:True
[START 1766/1977] WSM 2021Q3 (LOSER)
[DEBUG] CompareWithPeers bucket size before helper: 3
[DEBUG] CompareWithPeers bucket size after helper: 3
[DEBUG] CompareWithPeers bucket size before helper: 4
[DEBUG] CompareWithPeers bucket size before helper: 0
[DEBUG] CompareWithPeers bucket size after helper: 0
[DEBUG] CompareWithPeers bucket size before helper: 0
[DEBUG] CompareWithPeers bucket size after helper: 0
[DEBUG] CompareWithPeers bucket size after helper: 4
[DONE 1757/1977] DVA: DOWN(D:4) TL:False Ret:-28.9% Correct:True
[START 1767/1977] HAL 2023Q3 (LOSER)
[DONE 1758/1977] EPAM: UP(D:6) TL:False Ret:18.8% Correct:True
[START 1768/1977] GILD 2020Q1 (LOSER)
[DEBUG] CompareWithPeers bucket size before helper: 2
[DONE 1759/1977] TRGP: DOWN(D:4) TL:False Ret:24.1% Correct:False
[START 1769/1977] HLT 2022Q1 (LOSER)
[DONE 1760/1977] CSGP: DOWN(D:4) TL:False Ret:-10.9% Correct:True
[START 1770/1977] IT 2022Q3 (GAINER)
[DEBUG] CompareWithPeers bucket size after helper: 2
[DEBUG] CompareWithPeers bucket size before helper: 0
[DEBUG] CompareWithPeers bucket size after helper: 0
[DEBUG] CompareWithPeers bucket size before helper: 5
[DONE 1761/1977] TDG: DOWN(D:4) TL:False Ret:-62.3% Correct:True
[START 1771/1977] IVZ 2022Q1 (LOSER)
[DEBUG] CompareWithPeers bucket size after helper: 5
[DONE 1762/1977] NUE: UP(D:6) TL:False Ret:10.1% Correct:True
[START 1772/1977] COO 2021Q3 (LOSER)
[DEBUG] CompareWithPeers bucket size before helper: 0
[DEBUG] CompareWithPeers bucket size after helper: 0
[DEBUG] CompareWithPeers bucket size before helper: 6
[DONE 1763/1977] TECH: DOWN(D:4) TL:False Ret:-11.0% Correct:True
[START 1773/1977] AVGO 2019Q1 (GAINER)
[DEBUG] CompareWithPeers bucket size after helper: 6
[DEBUG] CompareWithPeers bucket size before helper: 4
[DEBUG] CompareWithPeers bucket size after helper: 4
[DEBUG] CompareWithPeers bucket size before helper: 2
[DEBUG] CompareWithPeers bucket size before helper: 0
[DEBUG] CompareWithPeers bucket size after helper: 0
[DEBUG] CompareWithPeers bucket size after helper: 2
[DONE 1764/1977] MGM: DOWN(D:3) TL:False Ret:-16.6% Correct:True
[START 1774/1977] QCOM 2023Q1 (LOSER)
[DEBUG] CompareWithPeers bucket size before helper: 4
[DONE 1765/1977] WSM: DOWN(D:4) TL:False Ret:-24.2% Correct:True
[START 1775/1977] ULTA 2020Q1 (LOSER)
[DEBUG] CompareWithPeers bucket size after helper: 4
[DONE 1766/1977] HAL: DOWN(D:4) TL:False Ret:-16.3% Correct:True
[START 1776/1977] WDAY 2021Q1 (GAINER)
[DONE 1767/1977] GILD: DOWN(D:3) TL:False Ret:-11.9% Correct:True
[START 1777/1977] ADSK 2020Q4 (LOSER)
[DEBUG] CompareWithPeers bucket size before helper: 0
[DEBUG] CompareWithPeers bucket size after helper: 0
[DONE 1768/1977] BLDR: UP(D:7) TL:False Ret:-18.9% Correct:False
[START 1778/1977] TECH 2020Q2 (LOSER)
[DEBUG] CompareWithPeers bucket size before helper: 0
[DEBUG] CompareWithPeers bucket size after helper: 0
[DONE 1769/1977] HLT: DOWN(D:4) TL:False Ret:-21.6% Correct:True
[START 1779/1977] GEN 2019Q2 (GAINER)
[DONE 1770/1977] IT: UP(D:6) TL:False Ret:15.0% Correct:True
[START 1780/1977] EXE 2021Q3 (LOSER)
[DONE 1771/1977] COO: DOWN(D:5) TL:False Ret:-11.9% Correct:True
[START 1781/1977] DTE 2020Q4 (GAINER)
[DEBUG] CompareWithPeers bucket size before helper: 3
[DEBUG] CompareWithPeers bucket size after helper: 3
[DEBUG] CompareWithPeers bucket size before helper: 2
[DEBUG] CompareWithPeers bucket size after helper: 2
[DONE 1772/1977] IVZ: UP(D:3) TL:False Ret:-10.9% Correct:False
[START 1782/1977] J 2019Q3 (GAINER)
[DEBUG] CompareWithPeers bucket size before helper: 3
[DEBUG] CompareWithPeers bucket size after helper: 3
[DEBUG] CompareWithPeers bucket size before helper: 2
[DEBUG] CompareWithPeers bucket size after helper: 2
[DONE 1773/1977] QCOM: DOWN(D:3) TL:False Ret:-10.3% Correct:True
[START 1783/1977] FTNT 2023Q2 (LOSER)
[DEBUG] CompareWithPeers bucket size before helper: 3
[DEBUG] CompareWithPeers bucket size before helper: 4
[DONE 1774/1977] ULTA: DOWN(D:3) TL:False Ret:-20.8% Correct:True
[START 1784/1977] PNR 2023Q1 (GAINER)
[DEBUG] CompareWithPeers bucket size after helper: 3
[DEBUG] CompareWithPeers bucket size before helper: 0
[DEBUG] CompareWithPeers bucket size after helper: 0
[DEBUG] CompareWithPeers bucket size after helper: 4

======================================================================
📊 PROGRESS REPORT [1775/1977] (89.8%)
======================================================================
⏱️  Elapsed: 299.7 min | ETA: 34.1 min | Avg: 10.1s/sample
✅ Success: 1775 | ❌ Failed: 0
🎯 Overall Accuracy: 61.5% (1091/1775)
📈 Long-only: 123 trades | Win Rate: 81.3% (100/123) | Avg Ret: +12.7%
💰 Total Cost: $7.5576 | Avg: $0.0043/sample
======================================================================

[DONE 1775/1977] AVGO: UP(D:6) TL:False Ret:16.6% Correct:True
[START 1785/1977] IRM 2019Q4 (LOSER)
[DEBUG] CompareWithPeers bucket size before helper: 0
[DEBUG] CompareWithPeers bucket size after helper: 0
[DONE 1776/1977] TECH: DOWN(D:4) TL:False Ret:-20.5% Correct:True
[START 1786/1977] CAT 2020Q4 (GAINER)
[DONE 1777/1977] GEN: DOWN(D:4) TL:False Ret:10.6% Correct:False
[START 1787/1977] DVA 2019Q3 (GAINER)
[DONE 1778/1977] WDAY: DOWN(D:4) TL:False Ret:15.0% Correct:False
[START 1788/1977] JBHT 2019Q4 (LOSER)
[DONE 1779/1977] ADSK: UP(D:6) TL:False Ret:-10.9% Correct:False
[START 1789/1977] NUE 2022Q3 (GAINER)
[DEBUG] CompareWithPeers bucket size before helper: 0
[DEBUG] CompareWithPeers bucket size after helper: 0
[DONE 1780/1977] EXE: DOWN(D:4) TL:False Ret:-10.1% Correct:True
[START 1790/1977] LLY 2023Q1 (GAINER)
[DEBUG] CompareWithPeers bucket size before helper: 3
[DEBUG] CompareWithPeers bucket size before helper: 0
[DEBUG] CompareWithPeers bucket size after helper: 0
[DEBUG] CompareWithPeers bucket size after helper: 3
[DONE 1781/1977] J: UP(D:6) TL:False Ret:17.4% Correct:True
[START 1791/1977] GPN 2019Q4 (LOSER)
[DEBUG] CompareWithPeers bucket size before helper: 4
[DONE 1782/1977] FTNT: DOWN(D:4) TL:False Ret:-20.2% Correct:True
[START 1792/1977] NOW 2023Q1 (GAINER)
[DEBUG] CompareWithPeers bucket size before helper: 4
[DEBUG] CompareWithPeers bucket size after helper: 4
[DEBUG] CompareWithPeers bucket size after helper: 4
[DEBUG] CompareWithPeers bucket size before helper: 0
[DEBUG] CompareWithPeers bucket size after helper: 0
[DEBUG] CompareWithPeers bucket size before helper: 0
[DEBUG] CompareWithPeers bucket size after helper: 0
[DONE 1783/1977] DTE: DOWN(D:4) TL:False Ret:12.0% Correct:False
[START 1793/1977] VRSK 2022Q4 (GAINER)
[DONE 1784/1977] IRM: UP(D:6) TL:False Ret:-23.3% Correct:False
[START 1794/1977] CSCO 2023Q3 (GAINER)
[DONE 1785/1977] CAT: DOWN(D:4) TL:False Ret:25.2% Correct:False
[START 1795/1977] ABBV 2019Q3 (GAINER)
[DONE 1786/1977] PNR: UP(D:6) TL:False Ret:12.9% Correct:True
[START 1796/1977] FANG 2020Q2 (LOSER)
[DEBUG] CompareWithPeers bucket size before helper: 4
[DEBUG] CompareWithPeers bucket size after helper: 4
[DEBUG] CompareWithPeers bucket size before helper: 3
[DEBUG] CompareWithPeers bucket size before helper: 0
[DEBUG] CompareWithPeers bucket size after helper: 0
[DEBUG] CompareWithPeers bucket size after helper: 3
[DEBUG] CompareWithPeers bucket size before helper: 5
[DEBUG] CompareWithPeers bucket size before helper: 0
[DEBUG] CompareWithPeers bucket size after helper: 0
[DEBUG] CompareWithPeers bucket size after helper: 5
[DONE 1787/1977] DVA: UP(D:6) TL:False Ret:25.7% Correct:True
[START 1797/1977] IVZ 2019Q2 (LOSER)
[DONE 1788/1977] NUE: UP(D:7) TL:False Ret:20.9% Correct:True
[START 1798/1977] CTAS 2022Q2 (LOSER)
[DEBUG] CompareWithPeers bucket size before helper: 3
[DONE 1789/1977] JBHT: DOWN(D:3) TL:False Ret:-21.1% Correct:True
[START 1799/1977] PAYC 2022Q4 (LOSER)
[DONE 1790/1977] LLY: UP(D:6) TL:False Ret:18.5% Correct:True
[START 1800/1977] SYF 2021Q3 (LOSER)
[DEBUG] CompareWithPeers bucket size after helper: 3
[DONE 1791/1977] NOW: UP(D:7) TL:False Ret:17.6% Correct:True
[START 1801/1977] PPG 2019Q4 (LOSER)
[DONE 1792/1977] GPN: UP(D:7) TL:False Ret:-20.5% Correct:False
[START 1802/1977] HUM 2021Q4 (GAINER)
[DEBUG] CompareWithPeers bucket size before helper: 3
[DEBUG] CompareWithPeers bucket size before helper: 3
[DEBUG] CompareWithPeers bucket size after helper: 3
[DEBUG] CompareWithPeers bucket size after helper: 3
[DEBUG] CompareWithPeers bucket size before helper: 2
[DEBUG] CompareWithPeers bucket size after helper: 2
[DONE 1793/1977] VRSK: DOWN(D:4) TL:False Ret:13.7% Correct:False
[START 1803/1977] MRNA 2020Q2 (LOSER)
[DONE 1794/1977] CSCO: UP(D:6) TL:False Ret:10.3% Correct:True
[START 1804/1977] AFL 2022Q4 (LOSER)
[DEBUG] CompareWithPeers bucket size before helper: 0
[DEBUG] CompareWithPeers bucket size after helper: 0
[DEBUG] CompareWithPeers bucket size before helper: 2
[DEBUG] CompareWithPeers bucket size after helper: 2
[DEBUG] CompareWithPeers bucket size before helper: 4
[DONE 1795/1977] FANG: UP(D:4) TL:False Ret:-17.7% Correct:False
[START 1805/1977] DOW 2022Q3 (GAINER)
[DEBUG] CompareWithPeers bucket size after helper: 4
[DONE 1796/1977] ABBV: UP(D:6) TL:False Ret:12.4% Correct:True
[START 1806/1977] LW 2019Q1 (GAINER)
[DEBUG] CompareWithPeers bucket size before helper: 0
[DEBUG] CompareWithPeers bucket size after helper: 0
[DONE 1797/1977] CTAS: UP(D:7) TL:False Ret:-12.6% Correct:False
[START 1807/1977] EXE 2022Q2 (GAINER)
[DONE 1798/1977] IVZ: UP(D:4) TL:False Ret:-20.3% Correct:False
[START 1808/1977] DRI 2020Q4 (GAINER)
[DEBUG] CompareWithPeers bucket size before helper: 0
[DEBUG] CompareWithPeers bucket size after helper: 0
[DEBUG] CompareWithPeers bucket size before helper: 2
[DEBUG] CompareWithPeers bucket size after helper: 2
[DEBUG] CompareWithPeers bucket size before helper: 3
[DONE 1799/1977] PAYC: DOWN(D:3) TL:False Ret:-21.0% Correct:True
[START 1809/1977] VLO 2021Q3 (LOSER)
[DEBUG] CompareWithPeers bucket size after helper: 3

======================================================================
📊 PROGRESS REPORT [1800/1977] (91.0%)
======================================================================
⏱️  Elapsed: 303.4 min | ETA: 29.8 min | Avg: 10.1s/sample
✅ Success: 1800 | ❌ Failed: 0
🎯 Overall Accuracy: 61.3% (1104/1800)
📈 Long-only: 123 trades | Win Rate: 81.3% (100/123) | Avg Ret: +12.7%
💰 Total Cost: $7.6581 | Avg: $0.0043/sample
======================================================================

[DONE 1800/1977] SYF: UP(D:6) TL:False Ret:-14.2% Correct:False
[START 1810/1977] STX 2023Q4 (GAINER)
[DONE 1801/1977] HUM: DOWN(D:4) TL:False Ret:12.9% Correct:False
[START 1811/1977] FFIV 2020Q3 (LOSER)
[DEBUG] CompareWithPeers bucket size before helper: 4
[DONE 1802/1977] PPG: DOWN(D:4) TL:False Ret:-18.1% Correct:True
[START 1812/1977] GEHC 2022Q4 (GAINER)
[DEBUG] CompareWithPeers bucket size after helper: 4
[DEBUG] CompareWithPeers bucket size before helper: 4
[DEBUG] CompareWithPeers bucket size after helper: 4
[DEBUG] CompareWithPeers bucket size before helper: 0
[DEBUG] CompareWithPeers bucket size after helper: 0
[DEBUG] CompareWithPeers bucket size before helper: 5
[DEBUG] CompareWithPeers bucket size after helper: 5
[DONE 1803/1977] MRNA: DOWN(D:3) TL:False Ret:-13.5% Correct:True
[START 1813/1977] NTRS 2023Q1 (LOSER)
[DONE 1804/1977] AFL: DOWN(D:4) TL:False Ret:-16.4% Correct:True
[START 1814/1977] APA 2023Q4 (GAINER)
[DONE 1805/1977] LW: DOWN(D:4) TL:False Ret:26.4% Correct:False
[START 1815/1977] RCL 2022Q2 (GAINER)
[DONE 1806/1977] DOW: DOWN(D:3) TL:False Ret:14.2% Correct:False
[START 1816/1977] EFX 2022Q3 (GAINER)
[DEBUG] CompareWithPeers bucket size before helper: 3
[DEBUG] CompareWithPeers bucket size after helper: 3
[DEBUG] CompareWithPeers bucket size before helper: 4
[DEBUG] CompareWithPeers bucket size before helper: 3
[DEBUG] CompareWithPeers bucket size after helper: 4
[DEBUG] CompareWithPeers bucket size after helper: 3
[DONE 1807/1977] EXE: UP(D:7) TL:False Ret:14.8% Correct:True
[START 1817/1977] TJX 2020Q4 (LOSER)
[DONE 1808/1977] FFIV: DOWN(D:4) TL:False Ret:-18.5% Correct:True
[START 1818/1977] NUE 2019Q4 (LOSER)
[DEBUG] CompareWithPeers bucket size before helper: 4
[AGENT LOG] Agent 'past' failed or timed out for ticker=GEHC, quarter=2022-Q4 (returned None)
[DEBUG] CompareWithPeers bucket size before helper: 4
[DEBUG] CompareWithPeers bucket size after helper: 4
[DEBUG] CompareWithPeers bucket size after helper: 4
[DONE 1809/1977] DRI: DOWN(D:4) TL:False Ret:11.7% Correct:False
[START 1819/1977] IT 2022Q1 (LOSER)
[DEBUG] CompareWithPeers bucket size before helper: 2
[DONE 1810/1977] GEHC: UP(D:6) TL:False Ret:10.2% Correct:True
[START 1820/1977] GIS 2022Q3 (GAINER)
[DEBUG] CompareWithPeers bucket size after helper: 2
[DONE 1811/1977] STX: DOWN(D:4) TL:False Ret:12.8% Correct:False
[START 1821/1977] FIS 2023Q4 (GAINER)
[DONE 1812/1977] NTRS: DOWN(D:3) TL:False Ret:-12.0% Correct:True
[START 1822/1977] PODD 2023Q1 (LOSER)
[DEBUG] CompareWithPeers bucket size before helper: 3
[DEBUG] CompareWithPeers bucket size after helper: 3
[DEBUG] CompareWithPeers bucket size before helper: 0
[DEBUG] CompareWithPeers bucket size after helper: 0
[DEBUG] CompareWithPeers bucket size before helper: 0
[DEBUG] CompareWithPeers bucket size after helper: 0
[DONE 1813/1977] APA: DOWN(D:3) TL:False Ret:13.7% Correct:False
[START 1823/1977] NWS 2020Q2 (LOSER)
[DONE 1814/1977] EFX: DOWN(D:3) TL:False Ret:25.8% Correct:False
[START 1824/1977] VTRS 2020Q4 (LOSER)
[DEBUG] CompareWithPeers bucket size before helper: 0
[DEBUG] CompareWithPeers bucket size after helper: 0
[DONE 1815/1977] RCL: UP(D:6) TL:False Ret:35.3% Correct:True
[START 1825/1977] AME 2023Q3 (GAINER)
[DEBUG] CompareWithPeers bucket size before helper: 0
[DEBUG] CompareWithPeers bucket size after helper: 0
[DEBUG] CompareWithPeers bucket size before helper: 3
[DONE 1816/1977] TJX: UP(D:6) TL:False Ret:-17.8% Correct:False
[START 1826/1977] CDNS 2021Q1 (LOSER)
[DEBUG] CompareWithPeers bucket size after helper: 3
[DONE 1817/1977] NUE: DOWN(D:4) TL:False Ret:-35.8% Correct:True
[START 1827/1977] BK 2019Q3 (GAINER)
[DEBUG] CompareWithPeers bucket size before helper: 4
[DEBUG] CompareWithPeers bucket size before helper: 0
[DEBUG] CompareWithPeers bucket size after helper: 0
[DEBUG] CompareWithPeers bucket size after helper: 4
[DONE 1818/1977] IT: UP(D:6) TL:False Ret:-18.7% Correct:False
[START 1828/1977] UAL 2023Q1 (GAINER)
[DEBUG] CompareWithPeers bucket size before helper: 5
[DONE 1819/1977] GIS: UP(D:6) TL:False Ret:12.9% Correct:True
[START 1829/1977] APTV 2021Q2 (LOSER)
[DEBUG] CompareWithPeers bucket size after helper: 5
[DEBUG] CompareWithPeers bucket size before helper: 0
[DEBUG] CompareWithPeers bucket size after helper: 0
[DEBUG] CompareWithPeers bucket size before helper: 2
[DONE 1820/1977] PODD: DOWN(D:4) TL:False Ret:-10.4% Correct:True
[START 1830/1977] REGN 2020Q3 (LOSER)
[DONE 1821/1977] VLO: UP(D:7) TL:False Ret:-14.0% Correct:False
[START 1831/1977] INTC 2022Q1 (LOSER)
[DEBUG] CompareWithPeers bucket size after helper: 2
[DEBUG] CompareWithPeers bucket size before helper: 4
[DEBUG] CompareWithPeers bucket size after helper: 4
[DEBUG] CompareWithPeers bucket size before helper: 2
[DONE 1822/1977] NWS: DOWN(D:4) TL:False Ret:-39.5% Correct:True
[START 1832/1977] BKR 2021Q1 (GAINER)
[DONE 1823/1977] FIS: DOWN(D:4) TL:False Ret:14.9% Correct:False
[START 1833/1977] APTV 2019Q4 (LOSER)
[DEBUG] CompareWithPeers bucket size after helper: 2
[DONE 1824/1977] VTRS: DOWN(D:4) TL:False Ret:-23.1% Correct:True
[START 1834/1977] MMC 2019Q3 (GAINER)
[DEBUG] CompareWithPeers bucket size before helper: 3
[DEBUG] CompareWithPeers bucket size before helper: 4
[DEBUG] CompareWithPeers bucket size after helper: 4
[DEBUG] CompareWithPeers bucket size after helper: 3

======================================================================
📊 PROGRESS REPORT [1825/1977] (92.3%)
======================================================================
⏱️  Elapsed: 307.2 min | ETA: 25.6 min | Avg: 10.1s/sample
✅ Success: 1825 | ❌ Failed: 0
🎯 Overall Accuracy: 61.3% (1118/1825)
📈 Long-only: 123 trades | Win Rate: 81.3% (100/123) | Avg Ret: +12.7%
💰 Total Cost: $7.7601 | Avg: $0.0043/sample
======================================================================

[DONE 1825/1977] AME: UP(D:6) TL:False Ret:15.3% Correct:True
[START 1835/1977] FICO 2021Q4 (GAINER)
[DEBUG] CompareWithPeers bucket size before helper: 4
[DEBUG] CompareWithPeers bucket size before helper: 4
[DEBUG] CompareWithPeers bucket size after helper: 4
[DEBUG] CompareWithPeers bucket size after helper: 4
[DONE 1826/1977] BK: DOWN(D:4) TL:False Ret:10.4% Correct:False
[START 1836/1977] QCOM 2019Q1 (GAINER)
[DONE 1827/1977] CDNS: UP(D:4) TL:False Ret:-13.2% Correct:False
[START 1837/1977] TMO 2020Q4 (LOSER)
[DONE 1828/1977] APTV: DOWN(D:3) TL:False Ret:-11.6% Correct:True
[START 1838/1977] SBUX 2020Q1 (LOSER)
[DONE 1829/1977] UAL: DOWN(D:4) TL:False Ret:10.2% Correct:False
[START 1839/1977] MOS 2021Q4 (GAINER)
[DEBUG] CompareWithPeers bucket size before helper: 3
[DEBUG] CompareWithPeers bucket size before helper: 0
[DEBUG] CompareWithPeers bucket size after helper: 0
[DEBUG] CompareWithPeers bucket size after helper: 3
[DEBUG] CompareWithPeers bucket size before helper: 1
[DONE 1830/1977] REGN: DOWN(D:4) TL:False Ret:-15.6% Correct:True
[START 1840/1977] FCX 2020Q3 (GAINER)
[DEBUG] CompareWithPeers bucket size after helper: 1
[DONE 1831/1977] INTC: DOWN(D:3) TL:False Ret:-19.4% Correct:True
[START 1841/1977] UBER 2022Q4 (LOSER)
[DEBUG] CompareWithPeers bucket size before helper: 0
[DEBUG] CompareWithPeers bucket size after helper: 0
[DEBUG] CompareWithPeers bucket size before helper: 6
[DEBUG] CompareWithPeers bucket size after helper: 6
[DEBUG] CompareWithPeers bucket size before helper: 5
[DONE 1832/1977] MMC: UP(D:6) TL:False Ret:11.3% Correct:True
[START 1842/1977] EME 2022Q2 (GAINER)
[DONE 1833/1977] FICO: DOWN(D:4) TL:False Ret:11.9% Correct:False
[START 1843/1977] ADSK 2021Q1 (GAINER)
[DEBUG] CompareWithPeers bucket size after helper: 5
[DEBUG] CompareWithPeers bucket size before helper: 3
[DEBUG] CompareWithPeers bucket size before helper: 0
[DEBUG] CompareWithPeers bucket size after helper: 0
[DEBUG] CompareWithPeers bucket size after helper: 3
[DONE 1834/1977] APTV: UP(D:4) TL:False Ret:-26.0% Correct:False
[START 1844/1977] STLD 2019Q3 (GAINER)
[DONE 1835/1977] BKR: DOWN(D:3) TL:False Ret:32.5% Correct:False
[START 1845/1977] PHM 2022Q3 (GAINER)
[DEBUG] CompareWithPeers bucket size before helper: 4
[DEBUG] CompareWithPeers bucket size before helper: 3
[DEBUG] CompareWithPeers bucket size before helper: 4
[DONE 1836/1977] MOS: UP(D:7) TL:False Ret:56.6% Correct:True
[START 1846/1977] QCOM 2020Q1 (LOSER)
[DONE 1837/1977] QCOM: DOWN(D:4) TL:False Ret:12.8% Correct:False
[START 1847/1977] ALL 2020Q3 (GAINER)
[DEBUG] CompareWithPeers bucket size after helper: 4
[DEBUG] CompareWithPeers bucket size after helper: 3
[DEBUG] CompareWithPeers bucket size after helper: 4
[DEBUG] CompareWithPeers bucket size before helper: 4
[DEBUG] CompareWithPeers bucket size after helper: 4
[DONE 1838/1977] SBUX: DOWN(D:4) TL:False Ret:-29.9% Correct:True
[START 1848/1977] LEN 2019Q4 (GAINER)
[DONE 1839/1977] FCX: UP(D:6) TL:False Ret:41.4% Correct:True
[START 1849/1977] MSI 2019Q1 (GAINER)
[DEBUG] CompareWithPeers bucket size before helper: 3
[DONE 1840/1977] UBER: DOWN(D:4) TL:False Ret:-10.7% Correct:True
[START 1850/1977] WMT 2023Q1 (LOSER)
[DEBUG] CompareWithPeers bucket size before helper: 3
[DEBUG] CompareWithPeers bucket size after helper: 3
[DEBUG] CompareWithPeers bucket size after helper: 3
[DONE 1841/1977] TMO: UP(D:6) TL:False Ret:-12.4% Correct:False
[START 1851/1977] ALB 2020Q2 (GAINER)
[DEBUG] CompareWithPeers bucket size before helper: 2
[DEBUG] CompareWithPeers bucket size after helper: 2
[DONE 1842/1977] EME: DOWN(D:4) TL:False Ret:12.1% Correct:False
[START 1852/1977] BKR 2020Q1 (GAINER)
[DEBUG] CompareWithPeers bucket size before helper: 3
[DONE 1843/1977] PHM: DOWN(D:3) TL:False Ret:17.5% Correct:False
[START 1853/1977] CBRE 2019Q4 (LOSER)
[DEBUG] CompareWithPeers bucket size after helper: 3
[DONE 1844/1977] ADSK: UP(D:6) TL:False Ret:22.2% Correct:True
[START 1854/1977] PODD 2021Q3 (LOSER)
[DEBUG] CompareWithPeers bucket size before helper: 2
[DEBUG] CompareWithPeers bucket size after helper: 2
[DEBUG] CompareWithPeers bucket size before helper: 6
[DEBUG] CompareWithPeers bucket size before helper: 5
[DEBUG] CompareWithPeers bucket size after helper: 6
[DEBUG] CompareWithPeers bucket size before helper: 5
[DEBUG] CompareWithPeers bucket size after helper: 5
[DEBUG] CompareWithPeers bucket size after helper: 5
[DONE 1845/1977] ALL: DOWN(D:4) TL:False Ret:16.7% Correct:False
[START 1855/1977] LHX 2022Q3 (LOSER)
[DONE 1846/1977] MSI: UP(D:7) TL:False Ret:15.1% Correct:True
[START 1856/1977] ATO 2020Q1 (LOSER)
[DEBUG] CompareWithPeers bucket size before helper: 3
[DONE 1847/1977] QCOM: DOWN(D:4) TL:False Ret:-33.0% Correct:True
[START 1857/1977] SYK 2022Q3 (GAINER)
[DEBUG] CompareWithPeers bucket size after helper: 3
[DONE 1848/1977] WMT: DOWN(D:3) TL:False Ret:-18.0% Correct:True
[START 1858/1977] MOS 2023Q1 (LOSER)
[DONE 1849/1977] STLD: DOWN(D:4) TL:False Ret:17.0% Correct:False
[START 1859/1977] IVZ 2023Q2 (LOSER)

======================================================================
📊 PROGRESS REPORT [1850/1977] (93.6%)
======================================================================
⏱️  Elapsed: 310.9 min | ETA: 21.3 min | Avg: 10.1s/sample
✅ Success: 1850 | ❌ Failed: 0
🎯 Overall Accuracy: 61.1% (1131/1850)
📈 Long-only: 124 trades | Win Rate: 81.5% (101/124) | Avg Ret: +12.8%
💰 Total Cost: $7.8698 | Avg: $0.0043/sample
======================================================================

[DONE 1850/1977] LEN: UP(D:6) TL:True Ret:23.6% Correct:True
[START 1860/1977] ALGN 2022Q4 (GAINER)
[DEBUG] CompareWithPeers bucket size before helper: 4
[DEBUG] CompareWithPeers bucket size after helper: 4
[DEBUG] CompareWithPeers bucket size before helper: 3
[DEBUG] CompareWithPeers bucket size before helper: 3
[DEBUG] CompareWithPeers bucket size after helper: 3
[DEBUG] CompareWithPeers bucket size after helper: 3
[DONE 1851/1977] BKR: DOWN(D:3) TL:False Ret:34.5% Correct:False
[START 1861/1977] FFIV 2022Q1 (LOSER)
[DONE 1852/1977] ALB: DOWN(D:3) TL:False Ret:10.6% Correct:False
[START 1862/1977] EA 2021Q3 (LOSER)
[DEBUG] CompareWithPeers bucket size before helper: 0
[DEBUG] CompareWithPeers bucket size after helper: 0
[DEBUG] CompareWithPeers bucket size before helper: 2
[DEBUG] CompareWithPeers bucket size after helper: 2
[DONE 1853/1977] PODD: UP(D:6) TL:False Ret:-14.8% Correct:False
[START 1863/1977] JCI 2022Q1 (LOSER)
[DONE 1854/1977] CBRE: DOWN(D:4) TL:False Ret:-19.9% Correct:True
[START 1864/1977] TMO 2019Q3 (GAINER)
[DEBUG] CompareWithPeers bucket size before helper: 0
[DEBUG] CompareWithPeers bucket size after helper: 0
[DONE 1855/1977] LHX: DOWN(D:4) TL:False Ret:-13.9% Correct:True
[START 1865/1977] NTAP 2022Q1 (GAINER)
[DEBUG] CompareWithPeers bucket size before helper: 0
[DEBUG] CompareWithPeers bucket size after helper: 0
[DONE 1856/1977] ATO: DOWN(D:4) TL:False Ret:-16.0% Correct:True
[START 1866/1977] GRMN 2023Q3 (GAINER)
[DEBUG] CompareWithPeers bucket size before helper: 2
[DONE 1857/1977] SYK: DOWN(D:4) TL:False Ret:10.8% Correct:False
[START 1867/1977] PPG 2021Q1 (GAINER)
[DEBUG] CompareWithPeers bucket size after helper: 2
[DEBUG] CompareWithPeers bucket size before helper: 6
[DEBUG] CompareWithPeers bucket size after helper: 6
[DONE 1858/1977] ALGN: UP(D:3) TL:False Ret:13.6% Correct:True
[START 1868/1977] JBL 2020Q4 (GAINER)
[DEBUG] CompareWithPeers bucket size before helper: 5
[DEBUG] CompareWithPeers bucket size before helper: 3
[DONE 1859/1977] MOS: DOWN(D:3) TL:False Ret:-16.4% Correct:True
[START 1869/1977] NDSN 2021Q4 (LOSER)
[DEBUG] CompareWithPeers bucket size after helper: 5
[DEBUG] CompareWithPeers bucket size after helper: 3
[DEBUG] CompareWithPeers bucket size before helper: 2
[DEBUG] CompareWithPeers bucket size before helper: 2
[DEBUG] CompareWithPeers bucket size after helper: 2
[DEBUG] CompareWithPeers bucket size before helper: 3
[DEBUG] CompareWithPeers bucket size after helper: 3
[DEBUG] CompareWithPeers bucket size after helper: 2
[DONE 1860/1977] FFIV: DOWN(D:3) TL:False Ret:-11.1% Correct:True
[START 1870/1977] VLTO 2023Q4 (GAINER)
[DONE 1861/1977] IVZ: DOWN(D:3) TL:False Ret:-13.4% Correct:True
[START 1871/1977] DVN 2022Q2 (GAINER)
[DEBUG] CompareWithPeers bucket size before helper: 3
[DEBUG] CompareWithPeers bucket size before helper: 3
[DONE 1862/1977] EA: UP(D:7) TL:False Ret:-14.1% Correct:False
[START 1872/1977] WYNN 2022Q3 (GAINER)
[DEBUG] CompareWithPeers bucket size after helper: 3
[DEBUG] CompareWithPeers bucket size after helper: 3
[DEBUG] CompareWithPeers bucket size before helper: 3
[DONE 1863/1977] TMO: UP(D:8) TL:False Ret:12.5% Correct:True
[START 1873/1977] PSKY 2019Q4 (LOSER)
[DONE 1864/1977] JCI: UP(D:6) TL:False Ret:-10.3% Correct:False
[START 1874/1977] KLAC 2019Q4 (GAINER)
[DEBUG] CompareWithPeers bucket size after helper: 3
[DONE 1865/1977] NTAP: UP(D:8) TL:True Ret:11.2% Correct:True
[START 1875/1977] KMI 2020Q1 (GAINER)
[DONE 1866/1977] GRMN: DOWN(D:4) TL:False Ret:22.5% Correct:False
[START 1876/1977] EIX 2019Q4 (LOSER)
[DONE 1867/1977] PPG: DOWN(D:5) TL:False Ret:16.7% Correct:False
[START 1877/1977] EXPE 2023Q3 (GAINER)
[DEBUG] CompareWithPeers bucket size before helper: 3
[DEBUG] CompareWithPeers bucket size before helper: 4
[DEBUG] CompareWithPeers bucket size after helper: 3
[DEBUG] CompareWithPeers bucket size after helper: 4
[DEBUG] CompareWithPeers bucket size before helper: 4
[DEBUG] CompareWithPeers bucket size after helper: 4
[DONE 1868/1977] NDSN: DOWN(D:4) TL:False Ret:-13.6% Correct:True
[START 1878/1977] ATO 2022Q4 (GAINER)
[DONE 1869/1977] DVN: DOWN(D:4) TL:False Ret:17.2% Correct:False
[START 1879/1977] HII 2020Q2 (LOSER)
[DONE 1870/1977] JBL: UP(D:7) TL:False Ret:10.8% Correct:True
[START 1880/1977] ISRG 2020Q2 (GAINER)
[DEBUG] CompareWithPeers bucket size before helper: 0
[DEBUG] CompareWithPeers bucket size after helper: 0
[DEBUG] CompareWithPeers bucket size before helper: 3
[DEBUG] CompareWithPeers bucket size before helper: 4
[DEBUG] CompareWithPeers bucket size after helper: 3
[DEBUG] CompareWithPeers bucket size after helper: 4
[DEBUG] CompareWithPeers bucket size before helper: 2
[DONE 1871/1977] VLTO: DOWN(D:4) TL:False Ret:15.8% Correct:False
[START 1881/1977] GPC 2022Q2 (GAINER)
[DEBUG] CompareWithPeers bucket size after helper: 2
[DONE 1872/1977] WYNN: UP(D:6) TL:False Ret:18.2% Correct:True
[START 1882/1977] TTWO 2019Q2 (LOSER)
[DEBUG] CompareWithPeers bucket size before helper: 3
[DONE 1873/1977] KLAC: UP(D:7) TL:False Ret:24.9% Correct:True
[START 1883/1977] IPG 2023Q2 (LOSER)
[DEBUG] CompareWithPeers bucket size after helper: 3
[DONE 1874/1977] KMI: DOWN(D:3) TL:False Ret:12.2% Correct:False
[START 1884/1977] OXY 2021Q1 (GAINER)
[DEBUG] CompareWithPeers bucket size before helper: 3
[DEBUG] CompareWithPeers bucket size after helper: 3

======================================================================
📊 PROGRESS REPORT [1875/1977] (94.8%)
======================================================================
⏱️  Elapsed: 314.7 min | ETA: 17.1 min | Avg: 10.1s/sample
✅ Success: 1875 | ❌ Failed: 0
🎯 Overall Accuracy: 61.1% (1145/1875)
📈 Long-only: 125 trades | Win Rate: 81.6% (102/125) | Avg Ret: +12.8%
💰 Total Cost: $7.9817 | Avg: $0.0043/sample
======================================================================

[DONE 1875/1977] PSKY: DOWN(D:3) TL:False Ret:-64.2% Correct:True
[START 1885/1977] APA 2020Q2 (LOSER)
[DEBUG] CompareWithPeers bucket size before helper: 0
[DEBUG] CompareWithPeers bucket size after helper: 0
[DEBUG] CompareWithPeers bucket size before helper: 0
[DEBUG] CompareWithPeers bucket size after helper: 0
[DONE 1876/1977] EXPE: UP(D:7) TL:True Ret:56.5% Correct:True
[START 1886/1977] APP 2022Q4 (GAINER)
[DEBUG] CompareWithPeers bucket size before helper: 4
[DEBUG] CompareWithPeers bucket size before helper: 0
[DEBUG] CompareWithPeers bucket size after helper: 0
[DEBUG] CompareWithPeers bucket size before helper: 0
[DEBUG] CompareWithPeers bucket size after helper: 0
[DEBUG] CompareWithPeers bucket size after helper: 4
[DONE 1877/1977] HII: DOWN(D:2) TL:False Ret:-16.5% Correct:True
[START 1887/1977] CTSH 2021Q1 (LOSER)
[DONE 1878/1977] EIX: DOWN(D:3) TL:False Ret:-15.5% Correct:True
[START 1888/1977] GOOG 2020Q1 (GAINER)
[DONE 1879/1977] ISRG: DOWN(D:4) TL:False Ret:16.3% Correct:False
[START 1889/1977] LEN 2023Q3 (LOSER)
[DONE 1880/1977] ATO: UP(D:6) TL:False Ret:11.6% Correct:True
[START 1890/1977] CVX 2020Q2 (LOSER)
[DEBUG] CompareWithPeers bucket size before helper: 3
[DONE 1881/1977] GPC: UP(D:8) TL:True Ret:13.5% Correct:True
[START 1891/1977] C 2023Q2 (LOSER)
[DEBUG] CompareWithPeers bucket size after helper: 3
[DEBUG] CompareWithPeers bucket size before helper: 2
[DEBUG] CompareWithPeers bucket size after helper: 2
[DONE 1882/1977] TTWO: DOWN(D:4) TL:False Ret:-21.5% Correct:True
[START 1892/1977] VRSN 2022Q1 (LOSER)
[DEBUG] CompareWithPeers bucket size before helper: 3
[DEBUG] CompareWithPeers bucket size before helper: 0
[DEBUG] CompareWithPeers bucket size after helper: 0
[DONE 1883/1977] IPG: DOWN(D:3) TL:False Ret:-14.0% Correct:True
[START 1893/1977] PCAR 2022Q3 (GAINER)
[DEBUG] CompareWithPeers bucket size before helper: 4
[DEBUG] CompareWithPeers bucket size after helper: 3
[DEBUG] CompareWithPeers bucket size after helper: 4
[DONE 1884/1977] OXY: DOWN(D:3) TL:False Ret:16.3% Correct:False
[START 1894/1977] LUV 2023Q2 (LOSER)
[DONE 1885/1977] APP: UP(D:6) TL:False Ret:11.8% Correct:True
[START 1895/1977] PM 2022Q4 (LOSER)
[DEBUG] CompareWithPeers bucket size before helper: 2
[DONE 1886/1977] APA: DOWN(D:3) TL:False Ret:-12.9% Correct:True
[START 1896/1977] NRG 2019Q2 (GAINER)
[DEBUG] CompareWithPeers bucket size after helper: 2
[DEBUG] CompareWithPeers bucket size before helper: 4
[DEBUG] CompareWithPeers bucket size after helper: 4
[DEBUG] CompareWithPeers bucket size before helper: 0
[DEBUG] CompareWithPeers bucket size after helper: 0
[DONE 1887/1977] CTSH: DOWN(D:3) TL:False Ret:-16.1% Correct:True
[START 1897/1977] MAS 2021Q4 (LOSER)
[DEBUG] CompareWithPeers bucket size before helper: 3
[DEBUG] CompareWithPeers bucket size after helper: 3
[DONE 1888/1977] LEN: DOWN(D:4) TL:False Ret:-11.8% Correct:True
[START 1898/1977] STE 2019Q4 (GAINER)
[DONE 1889/1977] GOOG: UP(D:7) TL:False Ret:13.8% Correct:True
[START 1899/1977] NFLX 2019Q4 (GAINER)
[DONE 1890/1977] VRSN: DOWN(D:3) TL:False Ret:-22.0% Correct:True
[START 1900/1977] BIIB 2019Q3 (GAINER)
[DEBUG] CompareWithPeers bucket size before helper: 3
[DEBUG] CompareWithPeers bucket size after helper: 3
[DEBUG] CompareWithPeers bucket size before helper: 0
[DEBUG] CompareWithPeers bucket size after helper: 0
[DEBUG] CompareWithPeers bucket size before helper: 0
[DEBUG] CompareWithPeers bucket size after helper: 0
[DEBUG] CompareWithPeers bucket size before helper: 3
[DONE 1891/1977] PCAR: UP(D:6) TL:False Ret:13.5% Correct:True
[START 1901/1977] INCY 2023Q3 (GAINER)
[DEBUG] CompareWithPeers bucket size after helper: 3
[DONE 1892/1977] CVX: DOWN(D:3) TL:False Ret:-10.4% Correct:True
[START 1902/1977] PNC 2021Q1 (GAINER)
[DONE 1893/1977] C: DOWN(D:4) TL:False Ret:-13.5% Correct:True
[START 1903/1977] AXON 2021Q2 (LOSER)
[DEBUG] CompareWithPeers bucket size before helper: 4
[DEBUG] CompareWithPeers bucket size before helper: 2
[DEBUG] CompareWithPeers bucket size after helper: 4
[DEBUG] CompareWithPeers bucket size after helper: 2
[DONE 1894/1977] LUV: DOWN(D:4) TL:False Ret:-18.6% Correct:True
[START 1904/1977] EQR 2019Q4 (LOSER)
[DONE 1895/1977] NRG: DOWN(D:4) TL:False Ret:14.4% Correct:False
[START 1905/1977] CNC 2019Q1 (GAINER)
[DONE 1896/1977] PM: UP(D:6) TL:False Ret:-10.4% Correct:False
[START 1906/1977] BLDR 2022Q2 (LOSER)
[DEBUG] CompareWithPeers bucket size before helper: 5
[DEBUG] CompareWithPeers bucket size after helper: 5
[DEBUG] CompareWithPeers bucket size before helper: 0
[DEBUG] CompareWithPeers bucket size after helper: 0
[DONE 1897/1977] MAS: DOWN(D:4) TL:False Ret:-11.5% Correct:True
[START 1907/1977] LVS 2021Q2 (LOSER)
[DEBUG] CompareWithPeers bucket size before helper: 0
[DEBUG] CompareWithPeers bucket size after helper: 0
[DEBUG] CompareWithPeers bucket size before helper: 6
[DEBUG] CompareWithPeers bucket size before helper: 2
[DEBUG] CompareWithPeers bucket size after helper: 6
[DEBUG] CompareWithPeers bucket size after helper: 2
[DONE 1898/1977] STE: UP(D:6) TL:False Ret:16.2% Correct:True
[START 1908/1977] WBD 2021Q1 (LOSER)
[DONE 1899/1977] NFLX: UP(D:6) TL:False Ret:13.2% Correct:True
[START 1909/1977] AIZ 2019Q1 (GAINER)
[DEBUG] CompareWithPeers bucket size before helper: 4

======================================================================
📊 PROGRESS REPORT [1900/1977] (96.1%)
======================================================================
⏱️  Elapsed: 318.1 min | ETA: 12.9 min | Avg: 10.0s/sample
✅ Success: 1900 | ❌ Failed: 0
🎯 Overall Accuracy: 61.3% (1165/1900)
📈 Long-only: 127 trades | Win Rate: 81.9% (104/127) | Avg Ret: +13.2%
💰 Total Cost: $8.0830 | Avg: $0.0043/sample
======================================================================

[DONE 1900/1977] PNC: DOWN(D:4) TL:False Ret:11.4% Correct:False
[START 1910/1977] BXP 2023Q4 (LOSER)
[DEBUG] CompareWithPeers bucket size before helper: 2
[DEBUG] CompareWithPeers bucket size after helper: 4
[DONE 1901/1977] BIIB: DOWN(D:4) TL:False Ret:29.5% Correct:False
[START 1911/1977] LUV 2022Q3 (GAINER)
[DEBUG] CompareWithPeers bucket size before helper: 2
[DEBUG] CompareWithPeers bucket size after helper: 2
[DEBUG] CompareWithPeers bucket size after helper: 2
[DONE 1902/1977] INCY: UP(D:6) TL:False Ret:23.1% Correct:True
[START 1912/1977] IPG 2023Q3 (GAINER)
[DEBUG] CompareWithPeers bucket size before helper: 4
[DONE 1903/1977] AXON: UP(D:8) TL:False Ret:-10.6% Correct:False
[START 1913/1977] TSN 2023Q2 (LOSER)
[DONE 1904/1977] EQR: DOWN(D:4) TL:False Ret:-15.4% Correct:True
[START 1914/1977] ACGL 2020Q1 (GAINER)
[DEBUG] CompareWithPeers bucket size after helper: 4
[DEBUG] CompareWithPeers bucket size before helper: 5
[DEBUG] CompareWithPeers bucket size before helper: 0
[DEBUG] CompareWithPeers bucket size after helper: 0
[DEBUG] CompareWithPeers bucket size after helper: 5
[DONE 1905/1977] BLDR: UP(D:4) TL:False Ret:-16.8% Correct:False
[START 1915/1977] TDG 2023Q2 (GAINER)
[DONE 1906/1977] CNC: UP(D:6) TL:False Ret:12.0% Correct:True
[START 1916/1977] STT 2019Q4 (LOSER)
[DONE 1907/1977] LVS: DOWN(D:4) TL:False Ret:-10.9% Correct:True
[START 1917/1977] ALGN 2022Q1 (LOSER)
[DEBUG] CompareWithPeers bucket size before helper: 2
[DEBUG] CompareWithPeers bucket size after helper: 2
[DEBUG] CompareWithPeers bucket size before helper: 3
[DEBUG] CompareWithPeers bucket size after helper: 3
[DEBUG] CompareWithPeers bucket size before helper: 3
[DEBUG] CompareWithPeers bucket size after helper: 3
[DEBUG] CompareWithPeers bucket size before helper: 5
[DONE 1908/1977] AIZ: UP(D:6) TL:False Ret:14.5% Correct:True
[START 1918/1977] SPG 2021Q4 (LOSER)
[DEBUG] CompareWithPeers bucket size before helper: 2
[DEBUG] CompareWithPeers bucket size after helper: 5
[DONE 1909/1977] WBD: UP(D:6) TL:False Ret:-22.7% Correct:False
[START 1919/1977] TER 2020Q4 (LOSER)
[DEBUG] CompareWithPeers bucket size after helper: 2
[DONE 1910/1977] BXP: DOWN(D:4) TL:False Ret:-10.6% Correct:True
[START 1920/1977] ARE 2019Q4 (LOSER)
[DEBUG] CompareWithPeers bucket size before helper: 0
[DEBUG] CompareWithPeers bucket size after helper: 0
[DONE 1911/1977] IPG: DOWN(D:4) TL:False Ret:10.4% Correct:False
[START 1921/1977] COR 2019Q4 (LOSER)
[DONE 1912/1977] TSN: DOWN(D:3) TL:False Ret:-16.8% Correct:True
[START 1922/1977] UPS 2019Q2 (GAINER)
[DONE 1913/1977] LUV: DOWN(D:5) TL:False Ret:10.6% Correct:False
[START 1923/1977] STLD 2021Q4 (GAINER)
[DEBUG] CompareWithPeers bucket size before helper: 1
[DEBUG] CompareWithPeers bucket size after helper: 1
[DEBUG] CompareWithPeers bucket size before helper: 0
[DEBUG] CompareWithPeers bucket size after helper: 0
[DONE 1914/1977] ACGL: DOWN(D:4) TL:False Ret:29.0% Correct:False
[START 1924/1977] HST 2019Q4 (LOSER)
[DONE 1915/1977] ALGN: DOWN(D:3) TL:False Ret:-28.7% Correct:True
[START 1925/1977] CBRE 2023Q3 (GAINER)
[DEBUG] CompareWithPeers bucket size before helper: 2
[DEBUG] CompareWithPeers bucket size before helper: 4
[DEBUG] CompareWithPeers bucket size after helper: 2
[DEBUG] CompareWithPeers bucket size after helper: 4
[DONE 1916/1977] STT: DOWN(D:4) TL:False Ret:-18.8% Correct:True
[START 1926/1977] SCHW 2023Q2 (LOSER)
[DONE 1917/1977] ARE: UP(D:6) TL:False Ret:-21.3% Correct:False
[START 1927/1977] CCI 2023Q3 (GAINER)
[DEBUG] CompareWithPeers bucket size before helper: 3
[DEBUG] CompareWithPeers bucket size before helper: 5
[DEBUG] CompareWithPeers bucket size after helper: 3
[DEBUG] CompareWithPeers bucket size after helper: 5
[DEBUG] CompareWithPeers bucket size before helper: 6
[DEBUG] CompareWithPeers bucket size before helper: 3
[DEBUG] CompareWithPeers bucket size after helper: 6
[DEBUG] CompareWithPeers bucket size after helper: 3
[DEBUG] CompareWithPeers bucket size before helper: 3
[DEBUG] CompareWithPeers bucket size after helper: 3
[DONE 1918/1977] SPG: DOWN(D:4) TL:False Ret:-12.7% Correct:True
[START 1928/1977] EME 2019Q4 (LOSER)
[DONE 1919/1977] STLD: UP(D:6) TL:False Ret:31.5% Correct:True
[START 1929/1977] SLB 2019Q4 (LOSER)
[DONE 1920/1977] TDG: UP(D:7) TL:True Ret:10.1% Correct:True
[START 1930/1977] NEM 2020Q1 (LOSER)
[DONE 1921/1977] HST: DOWN(D:4) TL:False Ret:-42.8% Correct:True
[START 1931/1977] FITB 2021Q1 (GAINER)
[DONE 1922/1977] TER: DOWN(D:4) TL:False Ret:-13.3% Correct:True
[START 1932/1977] ISRG 2023Q2 (LOSER)
[DEBUG] CompareWithPeers bucket size before helper: 2
[DEBUG] CompareWithPeers bucket size after helper: 2
[DEBUG] CompareWithPeers bucket size before helper: 0
[DEBUG] CompareWithPeers bucket size after helper: 0
[DEBUG] CompareWithPeers bucket size before helper: 2
[DEBUG] CompareWithPeers bucket size after helper: 2
[DONE 1923/1977] UPS: DOWN(D:5) TL:False Ret:15.1% Correct:False
[START 1933/1977] YUM 2020Q3 (GAINER)
[DEBUG] CompareWithPeers bucket size before helper: 2
[DONE 1924/1977] COR: DOWN(D:4) TL:False Ret:-20.1% Correct:True
[START 1934/1977] BKNG 2020Q1 (GAINER)
[DEBUG] CompareWithPeers bucket size after helper: 2
[DEBUG] CompareWithPeers bucket size before helper: 0
[DEBUG] CompareWithPeers bucket size after helper: 0

======================================================================
📊 PROGRESS REPORT [1925/1977] (97.4%)
======================================================================
⏱️  Elapsed: 322.6 min | ETA: 8.7 min | Avg: 10.1s/sample
✅ Success: 1925 | ❌ Failed: 0
🎯 Overall Accuracy: 61.3% (1180/1925)
📈 Long-only: 128 trades | Win Rate: 82.0% (105/128) | Avg Ret: +13.1%
💰 Total Cost: $8.1902 | Avg: $0.0043/sample
======================================================================

[DONE 1925/1977] CCI: DOWN(D:4) TL:False Ret:30.4% Correct:False
[START 1935/1977] EL 2020Q2 (LOSER)
[DONE 1926/1977] SCHW: DOWN(D:4) TL:False Ret:-11.0% Correct:True
[START 1936/1977] XEL 2023Q2 (LOSER)
[DEBUG] CompareWithPeers bucket size before helper: 2
[DONE 1927/1977] CBRE: DOWN(D:5) TL:False Ret:23.8% Correct:False
[START 1937/1977] CRM 2019Q1 (GAINER)
[DEBUG] CompareWithPeers bucket size before helper: 3
[DEBUG] CompareWithPeers bucket size after helper: 2
[DEBUG] CompareWithPeers bucket size before helper: 3
[DEBUG] CompareWithPeers bucket size after helper: 3
[DEBUG] CompareWithPeers bucket size after helper: 3
[DEBUG] CompareWithPeers bucket size before helper: 5
[DEBUG] CompareWithPeers bucket size before helper: 0
[DEBUG] CompareWithPeers bucket size after helper: 0
[DEBUG] CompareWithPeers bucket size after helper: 5
[DONE 1928/1977] ISRG: UP(D:6) TL:False Ret:-10.7% Correct:False
[START 1938/1977] ATO 2020Q3 (LOSER)
[DONE 1929/1977] FITB: DOWN(D:4) TL:False Ret:11.3% Correct:False
[START 1939/1977] DLR 2020Q3 (LOSER)
[DONE 1930/1977] SLB: DOWN(D:4) TL:False Ret:-30.9% Correct:True
[START 1940/1977] STT 2022Q3 (GAINER)
[DONE 1931/1977] EME: DOWN(D:5) TL:False Ret:-19.3% Correct:True
[START 1941/1977] CSCO 2020Q4 (LOSER)
[DONE 1932/1977] NEM: DOWN(D:4) TL:False Ret:-11.4% Correct:True
[START 1942/1977] INTU 2019Q2 (GAINER)
[DEBUG] CompareWithPeers bucket size before helper: 2
[DEBUG] CompareWithPeers bucket size after helper: 2
[DEBUG] CompareWithPeers bucket size before helper: 3
[DEBUG] CompareWithPeers bucket size after helper: 3
[DEBUG] CompareWithPeers bucket size before helper: 3
[DEBUG] CompareWithPeers bucket size after helper: 3
[DONE 1933/1977] YUM: DOWN(D:4) TL:False Ret:11.5% Correct:False
[START 1943/1977] CF 2019Q4 (LOSER)
[DEBUG] CompareWithPeers bucket size before helper: 5
[DEBUG] CompareWithPeers bucket size after helper: 5
[DONE 1934/1977] BKNG: DOWN(D:3) TL:False Ret:13.1% Correct:False
[START 1944/1977] EXPE 2020Q4 (GAINER)
[DONE 1935/1977] EL: DOWN(D:4) TL:False Ret:-25.0% Correct:True
[START 1945/1977] ALB 2023Q4 (GAINER)
[DEBUG] CompareWithPeers bucket size before helper: 3
[DEBUG] CompareWithPeers bucket size after helper: 3
[DEBUG] CompareWithPeers bucket size before helper: 3
[DONE 1936/1977] XEL: UP(D:3) TL:False Ret:-12.3% Correct:False
[START 1946/1977] CPAY 2021Q1 (LOSER)
[DEBUG] CompareWithPeers bucket size after helper: 3
[DONE 1937/1977] CRM: UP(D:7) TL:False Ret:16.8% Correct:True
[START 1947/1977] CB 2019Q4 (LOSER)
[DEBUG] CompareWithPeers bucket size before helper: 3
[DEBUG] CompareWithPeers bucket size after helper: 3
[DEBUG] CompareWithPeers bucket size before helper: 3
[DEBUG] CompareWithPeers bucket size before helper: 0
[DEBUG] CompareWithPeers bucket size after helper: 0
[DEBUG] CompareWithPeers bucket size after helper: 3
[DONE 1938/1977] CSCO: DOWN(D:3) TL:False Ret:-20.1% Correct:True
[START 1948/1977] DLTR 2020Q2 (GAINER)
[DONE 1939/1977] INTU: UP(D:6) TL:False Ret:11.3% Correct:True
[START 1949/1977] CSGP 2023Q1 (GAINER)
[DEBUG] CompareWithPeers bucket size before helper: 3
[DEBUG] CompareWithPeers bucket size before helper: 3
[DEBUG] CompareWithPeers bucket size after helper: 3
[DEBUG] CompareWithPeers bucket size after helper: 3
[DONE 1940/1977] DLR: UP(D:6) TL:False Ret:-10.7% Correct:False
[START 1950/1977] UHS 2023Q2 (LOSER)
[DEBUG] CompareWithPeers bucket size before helper: 2
[DONE 1941/1977] ATO: DOWN(D:4) TL:False Ret:-11.3% Correct:True
[START 1951/1977] VST 2023Q2 (GAINER)
[DEBUG] CompareWithPeers bucket size after helper: 2
[DEBUG] CompareWithPeers bucket size before helper: 6
[DONE 1942/1977] STT: DOWN(D:4) TL:False Ret:24.9% Correct:False
[START 1952/1977] LRCX 2022Q2 (LOSER)
[DONE 1943/1977] CF: DOWN(D:4) TL:False Ret:-38.6% Correct:True
[START 1953/1977] DG 2023Q1 (LOSER)
[DEBUG] CompareWithPeers bucket size after helper: 6
[DONE 1944/1977] EXPE: DOWN(D:4) TL:False Ret:17.5% Correct:False
[START 1954/1977] WDC 2019Q4 (GAINER)
[DONE 1945/1977] ALB: DOWN(D:4) TL:False Ret:12.9% Correct:False
[START 1955/1977] CMCSA 2022Q2 (LOSER)
[DEBUG] CompareWithPeers bucket size before helper: 0
[DEBUG] CompareWithPeers bucket size after helper: 0
[DEBUG] CompareWithPeers bucket size before helper: 0
[DEBUG] CompareWithPeers bucket size after helper: 0
[DEBUG] CompareWithPeers bucket size before helper: 4
[DEBUG] CompareWithPeers bucket size after helper: 4
[DONE 1946/1977] CPAY: DOWN(D:4) TL:False Ret:-10.0% Correct:True
[START 1956/1977] KLAC 2021Q1 (GAINER)
[DEBUG] CompareWithPeers bucket size before helper: 4
[DEBUG] CompareWithPeers bucket size before helper: 3
[DEBUG] CompareWithPeers bucket size after helper: 4
[DONE 1947/1977] CB: UP(D:6) TL:False Ret:-36.1% Correct:False
[START 1957/1977] CRWD 2022Q3 (LOSER)
[DEBUG] CompareWithPeers bucket size after helper: 3
[DONE 1948/1977] DLTR: DOWN(D:4) TL:False Ret:15.7% Correct:False
[START 1958/1977] FSLR 2022Q4 (GAINER)
[DEBUG] CompareWithPeers bucket size before helper: 3
[DONE 1949/1977] LRCX: DOWN(D:3) TL:False Ret:-19.0% Correct:True
[START 1959/1977] LH 2020Q2 (LOSER)
[DEBUG] CompareWithPeers bucket size after helper: 3

======================================================================
📊 PROGRESS REPORT [1950/1977] (98.6%)
======================================================================
⏱️  Elapsed: 326.2 min | ETA: 4.5 min | Avg: 10.0s/sample
✅ Success: 1950 | ❌ Failed: 0
🎯 Overall Accuracy: 61.2% (1193/1950)
📈 Long-only: 128 trades | Win Rate: 82.0% (105/128) | Avg Ret: +13.1%
💰 Total Cost: $8.2964 | Avg: $0.0043/sample
======================================================================

[DONE 1950/1977] UHS: DOWN(D:4) TL:False Ret:-14.4% Correct:True
[START 1960/1977] AVY 2021Q4 (LOSER)
[DONE 1951/1977] VST: UP(D:8) TL:True Ret:16.1% Correct:True
[START 1961/1977] CAH 2022Q3 (LOSER)
[DEBUG] CompareWithPeers bucket size before helper: 4
[DEBUG] CompareWithPeers bucket size after helper: 4
[DEBUG] CompareWithPeers bucket size before helper: 0
[DEBUG] CompareWithPeers bucket size after helper: 0
[DEBUG] CompareWithPeers bucket size before helper: 0
[DEBUG] CompareWithPeers bucket size after helper: 0
[DONE 1952/1977] CMCSA: DOWN(D:3) TL:False Ret:-18.3% Correct:True
[START 1962/1977] META 2020Q2 (GAINER)
[DEBUG] CompareWithPeers bucket size before helper: 3
[DONE 1953/1977] WDC: DOWN(D:4) TL:False Ret:13.5% Correct:False
[START 1963/1977] MO 2019Q2 (LOSER)
[DEBUG] CompareWithPeers bucket size before helper: 4
[DEBUG] CompareWithPeers bucket size after helper: 3
[DONE 1954/1977] CSGP: UP(D:6) TL:False Ret:18.2% Correct:True
[START 1964/1977] AWK 2019Q1 (GAINER)
[DEBUG] CompareWithPeers bucket size after helper: 4
[DEBUG] CompareWithPeers bucket size before helper: 4
[DEBUG] CompareWithPeers bucket size before helper: 5
[DEBUG] CompareWithPeers bucket size after helper: 4
[DONE 1955/1977] KLAC: UP(D:7) TL:True Ret:35.2% Correct:True
[START 1965/1977] NKE 2019Q2 (GAINER)
[DEBUG] CompareWithPeers bucket size before helper: 2
[DEBUG] CompareWithPeers bucket size after helper: 5
[DONE 1956/1977] DG: DOWN(D:2) TL:False Ret:-19.9% Correct:True
[START 1966/1977] MTB 2022Q3 (LOSER)
[DEBUG] CompareWithPeers bucket size after helper: 2
[DONE 1957/1977] AVY: DOWN(D:4) TL:False Ret:-17.1% Correct:True
[START 1967/1977] CTAS 2022Q4 (GAINER)
[DEBUG] CompareWithPeers bucket size before helper: 2
[DONE 1958/1977] CRWD: UP(D:7) TL:True Ret:-12.3% Correct:False
[START 1968/1977] LII 2023Q1 (GAINER)
[DEBUG] CompareWithPeers bucket size after helper: 2
[DONE 1959/1977] LH: DOWN(D:4) TL:False Ret:-12.7% Correct:True
[START 1969/1977] PHM 2023Q3 (GAINER)
[DEBUG] CompareWithPeers bucket size before helper: 0
[DEBUG] CompareWithPeers bucket size after helper: 0
[DONE 1960/1977] CAH: DOWN(D:3) TL:False Ret:-16.2% Correct:True
[START 1970/1977] COO 2019Q2 (GAINER)
[DONE 1961/1977] FSLR: UP(D:7) TL:True Ret:24.9% Correct:True
[START 1971/1977] TPR 2020Q3 (LOSER)
[DEBUG] CompareWithPeers bucket size before helper: 3
[DEBUG] CompareWithPeers bucket size before helper: 2
[DEBUG] CompareWithPeers bucket size after helper: 3
[DEBUG] CompareWithPeers bucket size after helper: 2
[DEBUG] CompareWithPeers bucket size before helper: 3
[DEBUG] CompareWithPeers bucket size after helper: 3
[DEBUG] CompareWithPeers bucket size before helper: 3
[DEBUG] CompareWithPeers bucket size after helper: 3
[DEBUG] CompareWithPeers bucket size before helper: 2
[DONE 1962/1977] AWK: DOWN(D:5) TL:False Ret:10.4% Correct:False
[START 1972/1977] INTC 2020Q2 (LOSER)
[DEBUG] CompareWithPeers bucket size after helper: 2
[DONE 1963/1977] META: DOWN(D:4) TL:False Ret:13.5% Correct:False
[START 1973/1977] HUM 2023Q3 (LOSER)
[DONE 1964/1977] MO: DOWN(D:3) TL:False Ret:-11.1% Correct:True
[START 1974/1977] BR 2023Q2 (LOSER)
[DONE 1965/1977] NKE: UP(D:7) TL:False Ret:22.5% Correct:True
[START 1975/1977] HAL 2019Q3 (GAINER)
[DEBUG] CompareWithPeers bucket size before helper: 5
[DONE 1966/1977] CTAS: UP(D:6) TL:True Ret:14.8% Correct:True
[START 1976/1977] PTC 2020Q4 (GAINER)
[DEBUG] CompareWithPeers bucket size after helper: 5
[DEBUG] CompareWithPeers bucket size before helper: 5
[DEBUG] CompareWithPeers bucket size after helper: 5
[DONE 1967/1977] MTB: DOWN(D:3) TL:False Ret:-11.1% Correct:True
[START 1977/1977] ERIE 2022Q3 (GAINER)
[DEBUG] CompareWithPeers bucket size before helper: 3
[DEBUG] CompareWithPeers bucket size after helper: 3
[DEBUG] CompareWithPeers bucket size before helper: 3
[DONE 1968/1977] COO: UP(D:7) TL:False Ret:15.9% Correct:True
[DEBUG] CompareWithPeers bucket size before helper: 0
[DEBUG] CompareWithPeers bucket size after helper: 0
[DEBUG] CompareWithPeers bucket size after helper: 3
[DONE 1969/1977] LII: UP(D:4) TL:False Ret:18.0% Correct:True
[DONE 1970/1977] PHM: UP(D:6) TL:False Ret:31.0% Correct:True
[DEBUG] CompareWithPeers bucket size before helper: 2
[DONE 1971/1977] TPR: DOWN(D:3) TL:False Ret:-15.1% Correct:True
[DEBUG] CompareWithPeers bucket size after helper: 2
[DEBUG] CompareWithPeers bucket size before helper: 3
[DEBUG] CompareWithPeers bucket size after helper: 3
[DEBUG] CompareWithPeers bucket size before helper: 0
[DEBUG] CompareWithPeers bucket size after helper: 0
[DONE 1972/1977] INTC: DOWN(D:3) TL:False Ret:-17.1% Correct:True
[DEBUG] CompareWithPeers bucket size before helper: 3
[DEBUG] CompareWithPeers bucket size before helper: 4
[DONE 1973/1977] PTC: UP(D:7) TL:True Ret:37.0% Correct:True
[DEBUG] CompareWithPeers bucket size after helper: 3
[DONE 1974/1977] HUM: DOWN(D:2) TL:False Ret:-10.4% Correct:True
[DEBUG] CompareWithPeers bucket size after helper: 4
[DEBUG] CompareWithPeers bucket size before helper: 0
[DEBUG] CompareWithPeers bucket size after helper: 0

======================================================================
📊 PROGRESS REPORT [1975/1977] (99.9%)
======================================================================
⏱️  Elapsed: 330.2 min | ETA: 0.3 min | Avg: 10.0s/sample
✅ Success: 1975 | ❌ Failed: 0
🎯 Overall Accuracy: 61.4% (1213/1975)
📈 Long-only: 134 trades | Win Rate: 82.1% (110/134) | Avg Ret: +13.4%
💰 Total Cost: $8.3971 | Avg: $0.0043/sample
======================================================================

[DONE 1975/1977] HAL: DOWN(D:4) TL:False Ret:12.8% Correct:False
[DONE 1976/1977] BR: DOWN(D:4) TL:False Ret:-11.9% Correct:True

======================================================================
📊 PROGRESS REPORT [1977/1977] (100.0%)
======================================================================
⏱️  Elapsed: 330.4 min | ETA: 0.0 min | Avg: 10.0s/sample
✅ Success: 1977 | ❌ Failed: 0
🎯 Overall Accuracy: 61.5% (1215/1977)
📈 Long-only: 134 trades | Win Rate: 82.1% (110/134) | Avg Ret: +13.4%
💰 Total Cost: $8.4054 | Avg: $0.0043/sample
======================================================================

[DONE 1977/1977] ERIE: UP(D:6) TL:False Ret:12.5% Correct:True

======================================================================
🏁 FINAL SUMMARY
======================================================================

📊 Execution Stats:
  Total Samples: 1977
  Successful: 1977 (100.0%)
  Failed: 0 (0.0%)

🎯 Overall Accuracy: 61.5% (1215/1977)

📈 Long-only Strategy:
  Coverage: 134/1977 (6.8%)
  Win Rate: 82.1% (110W / 24L)
  Avg Return: +13.40%
  Winners Avg Return: +19.97%
  Losers Avg Return: -16.70%

📅 Performance by Year:
  2019: 402 samples | Acc: 64.4% | Long: 3 (33% win)
  2020: 369 samples | Acc: 52.6% | Long: 14 (57% win)
  2021: 402 samples | Acc: 65.7% | Long: 49 (88% win)
  2022: 402 samples | Acc: 61.4% | Long: 29 (76% win)
  2023: 402 samples | Acc: 62.4% | Long: 39 (92% win)

🏭 Long-only by Sector:
  Technology: 37 trades | 81% win | +13.6% avg ret
  Industrials: 24 trades | 100% win | +16.5% avg ret
  Consumer Cyclical: 19 trades | 63% win | +9.2% avg ret
  Healthcare: 16 trades | 69% win | +11.4% avg ret
  Real Estate: 11 trades | 91% win | +11.6% avg ret
  Communication Services: 7 trades | 86% win | +15.3% avg ret
  Financial Services: 7 trades | 71% win | +7.4% avg ret
  Energy: 5 trades | 80% win | +19.9% avg ret
  Utilities: 4 trades | 100% win | +20.8% avg ret
  Basic Materials: 2 trades | 100% win | +22.5% avg ret

📊 Direction Score Distribution:
  Score 2: 16 samples
  Score 3: 392 samples
  Score 4: 885 samples
  Score 5: 76 samples
  Score 6: 373 samples
  Score 7: 194 samples
  Score 8: 41 samples

----------------------------------------
💰 EXECUTION STATS
----------------------------------------
Total Time: 19826.0s (330.4 min)
Avg Time/Sample: 10.0s
Total Tokens: 12,437,769 (input: 9,411,430, output: 3,026,339)
Total Cost: $8.4054
Avg Cost/Sample: $0.0043

📁 Results saved to: /Users/garen.lee/Coding/agentic-openenvolve2/long_only_test_2019_2023_20251231_064629.csv

⚠️  Long-only LOSSES (24 trades):
  DIS 2022Q3: -11.5% | Communication Services | D:6
  ABNB 2021Q3: -11.9% | Consumer Cyclical | D:6
  GDDY 2019Q4: -16.5% | Technology | D:7
  OXY 2021Q3: -14.4% | Energy | D:7
  ADSK 2023Q1: -10.8% | Technology | D:7
  ABNB 2022Q1: -35.7% | Consumer Cyclical | D:7
  AAPL 2020Q1: -21.9% | Technology | D:7
  MRK 2021Q3: -10.9% | Healthcare | D:8
  RMD 2021Q2: -13.5% | Healthcare | D:6
  TTD 2020Q4: -22.8% | Technology | D:8
  HLT 2022Q4: -10.5% | Consumer Cyclical | D:7
  AMCR 2020Q2: -28.7% | Consumer Cyclical | D:7
  BEN 2022Q1: -12.8% | Financial Services | D:6
  PANW 2023Q1: -11.5% | Technology | D:8
  BSX 2022Q1: -15.0% | Healthcare | D:7
  CAH 2020Q2: -17.7% | Healthcare | D:7
  BLK 2019Q4: -10.7% | Financial Services | D:6
  DECK 2020Q3: -37.2% | Consumer Cyclical | D:7
  STE 2020Q3: -23.4% | Healthcare | D:7
  WDC 2021Q4: -10.8% | Technology | D:7
  CCL 2023Q4: -11.6% | Consumer Cyclical | D:7
  ROST 2021Q2: -10.4% | Consumer Cyclical | D:7
  KIM 2022Q1: -18.2% | Real Estate | D:8
  CRWD 2022Q3: -12.3% | Technology | D:7
